Running: gcovr -r /home/cto/zephyrproject/zephyr-course/app/modules/ring_buf --gcov-ignore-parse-errors=negative_hits.warn_once_per_file --gcov-executable gcov -e tests/* --gcov-object-directory /home/cto/zephyrproject/zephyr-course/twister-out --gcov-ignore-parse-errors=suspicious_hits.warn_once_per_file -e .*generated.* -e .*/tests/.* -e .*/samples/.* --exclude-branches-by-pattern (^\s*LOG_(?:HEXDUMP_)?(?:DBG|INF|WRN|ERR)\(.*)|(^\s*__ASSERT(?:_EVAL|_NO_MSG|_POST_ACTION)?\(.*) -v --merge-mode-functions=separate --json -o /home/cto/zephyrproject/zephyr-course/twister-out/coverage.json /home/cto/zephyrproject/zephyr-course/twister-out
(DEBUG) gcovr version 8.6
(DEBUG) File system is case sensitive.
(DEBUG) Filters for --filter: (1)
(DEBUG)  - DirectoryPrefixFilter(/home/cto/zephyrproject/zephyr\-course/app/modules/ring_buf/)
(DEBUG) Filters for --exclude: (4)
(DEBUG)  - RelativeFilter(tests/* root=/home/cto/zephyrproject/zephyr-course)
(DEBUG)  - RelativeFilter(.*generated.* root=/home/cto/zephyrproject/zephyr-course)
(DEBUG)  - RelativeFilter(.*/tests/.* root=/home/cto/zephyrproject/zephyr-course)
(DEBUG)  - RelativeFilter(.*/samples/.* root=/home/cto/zephyrproject/zephyr-course)
(DEBUG) Filters for --include: (0)
(DEBUG) Filters for --gcov-filter: (1)
(DEBUG)  - AlwaysMatchFilter()
(DEBUG) Filters for --gcov-exclude: (0)
(DEBUG) Filters for --exclude-directory: (0)
(DEBUG) Filters for --trace-include: (0)
(DEBUG) Filters for --trace-exclude: (0)
(DEBUG) Patterns for --exclude-function: (0)
(DEBUG) Patterns for --exclude-lines-by-pattern: (0)
(DEBUG) Patterns for --exclude-branches-by-pattern: (1)
(DEBUG)  - re.compile('(^\\s*LOG_(?:HEXDUMP_)?(?:DBG|INF|WRN|ERR)\\(.*)|(^\\s*__ASSERT(?:_EVAL|_NO_MSG|_POST_ACTION)?\\(.*)')
(INFO) Reading coverage data...
(DEBUG) Scanning directory twister-out for gcda/gcno files...
(DEBUG) Found 184 files (and will process 104)
(DEBUG) Using 1 workers.
(DEBUG) Pool started with 1 threads
(DEBUG) Check if /home/cto/zephyrproject/zephyr-course/twister-out/native_sim_native/host_gnu/zephyr-course/tests/ring_buf/homework.unit.ring_buf/CMakeFiles/app.dir/home/cto/zephyrproject/zephyr-course/app/modules/ring_buf/src/ring_buf.c.gcda is included (trace)...
(DEBUG)   No filter matched.
(DEBUG) --> File is excluded.
(DEBUG) GCOV capabilities: Unsupported JSON format detected.
(DEBUG) GCOV capabilities: Demangled names available.
(DEBUG) GCOV capabilities: Hashing of filenames available.
(DEBUG) Check if /home/cto/zephyrproject/zephyr-course/twister-out/native_sim_native/host_gnu/zephyr-course/tests/ring_buf/homework.unit.ring_buf/CMakeFiles/app.dir/home/cto/zephyrproject/zephyr-course/app/modules/ring_buf/src/ring_buf.c.gcda is included (trace)...
(DEBUG) --> File is excluded.
(DEBUG) Check if ring_buf.c##c0078ac2a3fb3f4c872665f7228d0b89.gcov is included (gcov file)...
(DEBUG)   Filter AlwaysMatchFilter() matched.
(DEBUG) --> File is included.
(DEBUG) Check if log_msg.h##59cc7ac9dd0b18efa24d51419b863a43.gcov is included (gcov file)...
(DEBUG)   Filter AlwaysMatchFilter() matched.
(DEBUG) --> File is included.
(DEBUG) Check if /home/cto/zephyrproject/zephyr-course/twister-out/ring_buf.c##c0078ac2a3fb3f4c872665f7228d0b89.gcov is included (trace)...
(DEBUG)   No filter matched.
(DEBUG) --> File is excluded.
(DEBUG) Finding source file corresponding to a gcov data file
  gcov_fname   /home/cto/zephyrproject/zephyr-course/twister-out/ring_buf.c##c0078ac2a3fb3f4c872665f7228d0b89.gcov
  current_dir  /home/cto/zephyrproject/zephyr-course/twister-out
  root         /home/cto/zephyrproject/zephyr-course/app/modules/ring_buf
  starting_dir /home/cto/zephyrproject/zephyr-course
  obj_dir      /home/cto/zephyrproject/zephyr-course/twister-out
  gcda_fname   native_sim_native/host_gnu/zephyr-course/tests/ring_buf/homework.unit.ring_buf/CMakeFiles/app.dir/home/cto/zephyrproject/zephyr-course/app/modules/ring_buf/src/ring_buf.c.gcda
  --> fname    /home/cto/zephyrproject/zephyr-course/app/modules/ring_buf/src/ring_buf.c
(DEBUG) Check if /home/cto/zephyrproject/zephyr-course/app/modules/ring_buf/src/ring_buf.c is included (source file)...
(DEBUG)   Filter DirectoryPrefixFilter(/home/cto/zephyrproject/zephyr\-course/app/modules/ring_buf/) matched for path /home/cto/zephyrproject/zephyr-course/app/modules/ring_buf/src/ring_buf.c.
(DEBUG) Check for exclusion...
(DEBUG)   No filter matched.
(DEBUG) --> File is included.
(DEBUG) Check if /home/cto/zephyrproject/zephyr-course/twister-out/log_msg.h##59cc7ac9dd0b18efa24d51419b863a43.gcov is included (trace)...
(DEBUG)   No filter matched.
(DEBUG) --> File is excluded.
(DEBUG) Finding source file corresponding to a gcov data file
  gcov_fname   /home/cto/zephyrproject/zephyr-course/twister-out/log_msg.h##59cc7ac9dd0b18efa24d51419b863a43.gcov
  current_dir  /home/cto/zephyrproject/zephyr-course/twister-out
  root         /home/cto/zephyrproject/zephyr-course/app/modules/ring_buf
  starting_dir /home/cto/zephyrproject/zephyr-course
  obj_dir      /home/cto/zephyrproject/zephyr-course/twister-out
  gcda_fname   native_sim_native/host_gnu/zephyr-course/tests/ring_buf/homework.unit.ring_buf/CMakeFiles/app.dir/home/cto/zephyrproject/zephyr-course/app/modules/ring_buf/src/ring_buf.c.gcda
  --> fname    /home/cto/zephyrproject/zephyr/include/zephyr/logging/log_msg.h
(DEBUG) Check if /home/cto/zephyrproject/zephyr/include/zephyr/logging/log_msg.h is included (source file)...
(DEBUG)   No filter matched.
(DEBUG) --> File is excluded.
(DEBUG) Check if /home/cto/zephyrproject/zephyr-course/twister-out/native_sim_native/host_gnu/zephyr-course/tests/ring_buf/homework.unit.ring_buf/CMakeFiles/app.dir/src/test_ring_buf.c.gcda is included (trace)...
(DEBUG)   No filter matched.
(DEBUG) --> File is excluded.
(DEBUG) Check if /home/cto/zephyrproject/zephyr-course/twister-out/native_sim_native/host_gnu/zephyr-course/tests/ring_buf/homework.unit.ring_buf/CMakeFiles/app.dir/src/test_ring_buf.c.gcda is included (trace)...
(DEBUG) --> File is excluded.
(DEBUG) Check if test_ring_buf.c##901e81872eeb0c72331de14adbfbbdfb.gcov is included (gcov file)...
(DEBUG)   Filter AlwaysMatchFilter() matched.
(DEBUG) --> File is included.
(DEBUG) Check if ztest_assert.h##e50e8938fb1c3537a1570717a908b913.gcov is included (gcov file)...
(DEBUG)   Filter AlwaysMatchFilter() matched.
(DEBUG) --> File is included.
(DEBUG) Check if /home/cto/zephyrproject/zephyr-course/twister-out/ztest_assert.h##e50e8938fb1c3537a1570717a908b913.gcov is included (trace)...
(DEBUG)   No filter matched.
(DEBUG) --> File is excluded.
(DEBUG) Finding source file corresponding to a gcov data file
  gcov_fname   /home/cto/zephyrproject/zephyr-course/twister-out/ztest_assert.h##e50e8938fb1c3537a1570717a908b913.gcov
  current_dir  /home/cto/zephyrproject/zephyr-course/twister-out
  root         /home/cto/zephyrproject/zephyr-course/app/modules/ring_buf
  starting_dir /home/cto/zephyrproject/zephyr-course
  obj_dir      /home/cto/zephyrproject/zephyr-course/twister-out
  gcda_fname   native_sim_native/host_gnu/zephyr-course/tests/ring_buf/homework.unit.ring_buf/CMakeFiles/app.dir/src/test_ring_buf.c.gcda
  --> fname    /home/cto/zephyrproject/zephyr/subsys/testsuite/ztest/include/zephyr/ztest_assert.h
(DEBUG) Check if /home/cto/zephyrproject/zephyr/subsys/testsuite/ztest/include/zephyr/ztest_assert.h is included (source file)...
(DEBUG)   No filter matched.
(DEBUG) --> File is excluded.
(DEBUG) Check if /home/cto/zephyrproject/zephyr-course/twister-out/test_ring_buf.c##901e81872eeb0c72331de14adbfbbdfb.gcov is included (trace)...
(DEBUG)   No filter matched.
(DEBUG) --> File is excluded.
(DEBUG) Finding source file corresponding to a gcov data file
  gcov_fname   /home/cto/zephyrproject/zephyr-course/twister-out/test_ring_buf.c##901e81872eeb0c72331de14adbfbbdfb.gcov
  current_dir  /home/cto/zephyrproject/zephyr-course/twister-out
  root         /home/cto/zephyrproject/zephyr-course/app/modules/ring_buf
  starting_dir /home/cto/zephyrproject/zephyr-course
  obj_dir      /home/cto/zephyrproject/zephyr-course/twister-out
  gcda_fname   native_sim_native/host_gnu/zephyr-course/tests/ring_buf/homework.unit.ring_buf/CMakeFiles/app.dir/src/test_ring_buf.c.gcda
  --> fname    /home/cto/zephyrproject/zephyr-course/tests/ring_buf/src/test_ring_buf.c
(DEBUG) Check if /home/cto/zephyrproject/zephyr-course/tests/ring_buf/src/test_ring_buf.c is included (source file)...
(DEBUG)   No filter matched.
(DEBUG) --> File is excluded.
(DEBUG) Check if /home/cto/zephyrproject/zephyr-course/twister-out/native_sim_native/host_gnu/zephyr-course/tests/ring_buf/homework.unit.ring_buf/zephyr/CMakeFiles/offsets.dir/arch/posix/core/offsets/offsets.c.gcda is included (trace)...
(DEBUG)   No filter matched.
(DEBUG) --> File is excluded.
(DEBUG) Check if /home/cto/zephyrproject/zephyr-course/twister-out/native_sim_native/host_gnu/zephyr-course/tests/ring_buf/homework.unit.ring_buf/zephyr/CMakeFiles/offsets.dir/arch/posix/core/offsets/offsets.c.gcda is included (trace)...
(DEBUG) --> File is excluded.
(DEBUG) Check if kernel_offsets.h##5e9cda030538d3bc9e538316df30a885.gcov is included (gcov file)...
(DEBUG)   Filter AlwaysMatchFilter() matched.
(DEBUG) --> File is included.
(DEBUG) Check if offsets.c##be95648f5166b3a44f029bae9d35b4d1.gcov is included (gcov file)...
(DEBUG)   Filter AlwaysMatchFilter() matched.
(DEBUG) --> File is included.
(DEBUG) Check if /home/cto/zephyrproject/zephyr-course/twister-out/offsets.c##be95648f5166b3a44f029bae9d35b4d1.gcov is included (trace)...
(DEBUG)   No filter matched.
(DEBUG) --> File is excluded.
(DEBUG) Finding source file corresponding to a gcov data file
  gcov_fname   /home/cto/zephyrproject/zephyr-course/twister-out/offsets.c##be95648f5166b3a44f029bae9d35b4d1.gcov
  current_dir  /home/cto/zephyrproject/zephyr-course/twister-out
  root         /home/cto/zephyrproject/zephyr-course/app/modules/ring_buf
  starting_dir /home/cto/zephyrproject/zephyr-course
  obj_dir      /home/cto/zephyrproject/zephyr-course/twister-out
  gcda_fname   native_sim_native/host_gnu/zephyr-course/tests/ring_buf/homework.unit.ring_buf/zephyr/CMakeFiles/offsets.dir/arch/posix/core/offsets/offsets.c.gcda
  --> fname    /home/cto/zephyrproject/zephyr/arch/posix/core/offsets/offsets.c
(DEBUG) Check if /home/cto/zephyrproject/zephyr/arch/posix/core/offsets/offsets.c is included (source file)...
(DEBUG)   No filter matched.
(DEBUG) --> File is excluded.
(DEBUG) Check if /home/cto/zephyrproject/zephyr-course/twister-out/kernel_offsets.h##5e9cda030538d3bc9e538316df30a885.gcov is included (trace)...
(DEBUG)   No filter matched.
(DEBUG) --> File is excluded.
(DEBUG) Finding source file corresponding to a gcov data file
  gcov_fname   /home/cto/zephyrproject/zephyr-course/twister-out/kernel_offsets.h##5e9cda030538d3bc9e538316df30a885.gcov
  current_dir  /home/cto/zephyrproject/zephyr-course/twister-out
  root         /home/cto/zephyrproject/zephyr-course/app/modules/ring_buf
  starting_dir /home/cto/zephyrproject/zephyr-course
  obj_dir      /home/cto/zephyrproject/zephyr-course/twister-out
  gcda_fname   native_sim_native/host_gnu/zephyr-course/tests/ring_buf/homework.unit.ring_buf/zephyr/CMakeFiles/offsets.dir/arch/posix/core/offsets/offsets.c.gcda
  --> fname    /home/cto/zephyrproject/zephyr/kernel/include/kernel_offsets.h
(DEBUG) Check if /home/cto/zephyrproject/zephyr/kernel/include/kernel_offsets.h is included (source file)...
(DEBUG)   No filter matched.
(DEBUG) --> File is excluded.
(DEBUG) Check if /home/cto/zephyrproject/zephyr-course/twister-out/native_sim_native/host_gnu/zephyr-course/tests/ring_buf/homework.unit.ring_buf/zephyr/CMakeFiles/zephyr.dir/lib/heap/heap.c.gcda is included (trace)...
(DEBUG)   No filter matched.
(DEBUG) --> File is excluded.
(DEBUG) Check if /home/cto/zephyrproject/zephyr-course/twister-out/native_sim_native/host_gnu/zephyr-course/tests/ring_buf/homework.unit.ring_buf/zephyr/CMakeFiles/zephyr.dir/lib/heap/heap.c.gcda is included (trace)...
(DEBUG) --> File is excluded.
(DEBUG) Check if heap.c##57ba91bc8569ab8fbe3d0134f510dc9c.gcov is included (gcov file)...
(DEBUG)   Filter AlwaysMatchFilter() matched.
(DEBUG) --> File is included.
(DEBUG) Check if heap.h##e793d07160ae76d93abf403e6781d7ff.gcov is included (gcov file)...
(DEBUG)   Filter AlwaysMatchFilter() matched.
(DEBUG) --> File is included.
(DEBUG) Check if log_msg.h##59cc7ac9dd0b18efa24d51419b863a43.gcov is included (gcov file)...
(DEBUG) --> File is included.
(DEBUG) Check if /home/cto/zephyrproject/zephyr-course/twister-out/heap.h##e793d07160ae76d93abf403e6781d7ff.gcov is included (trace)...
(DEBUG)   No filter matched.
(DEBUG) --> File is excluded.
(DEBUG) Finding source file corresponding to a gcov data file
  gcov_fname   /home/cto/zephyrproject/zephyr-course/twister-out/heap.h##e793d07160ae76d93abf403e6781d7ff.gcov
  current_dir  /home/cto/zephyrproject/zephyr-course/twister-out
  root         /home/cto/zephyrproject/zephyr-course/app/modules/ring_buf
  starting_dir /home/cto/zephyrproject/zephyr-course
  obj_dir      /home/cto/zephyrproject/zephyr-course/twister-out
  gcda_fname   native_sim_native/host_gnu/zephyr-course/tests/ring_buf/homework.unit.ring_buf/zephyr/CMakeFiles/zephyr.dir/lib/heap/heap.c.gcda
  --> fname    /home/cto/zephyrproject/zephyr/lib/heap/heap.h
(DEBUG) Check if /home/cto/zephyrproject/zephyr/lib/heap/heap.h is included (source file)...
(DEBUG)   No filter matched.
(DEBUG) --> File is excluded.
(DEBUG) Check if /home/cto/zephyrproject/zephyr-course/twister-out/heap.c##57ba91bc8569ab8fbe3d0134f510dc9c.gcov is included (trace)...
(DEBUG)   No filter matched.
(DEBUG) --> File is excluded.
(DEBUG) Finding source file corresponding to a gcov data file
  gcov_fname   /home/cto/zephyrproject/zephyr-course/twister-out/heap.c##57ba91bc8569ab8fbe3d0134f510dc9c.gcov
  current_dir  /home/cto/zephyrproject/zephyr-course/twister-out
  root         /home/cto/zephyrproject/zephyr-course/app/modules/ring_buf
  starting_dir /home/cto/zephyrproject/zephyr-course
  obj_dir      /home/cto/zephyrproject/zephyr-course/twister-out
  gcda_fname   native_sim_native/host_gnu/zephyr-course/tests/ring_buf/homework.unit.ring_buf/zephyr/CMakeFiles/zephyr.dir/lib/heap/heap.c.gcda
  --> fname    /home/cto/zephyrproject/zephyr/lib/heap/heap.c
(DEBUG) Check if /home/cto/zephyrproject/zephyr/lib/heap/heap.c is included (source file)...
(DEBUG)   No filter matched.
(DEBUG) --> File is excluded.
(DEBUG) Check if /home/cto/zephyrproject/zephyr-course/twister-out/log_msg.h##59cc7ac9dd0b18efa24d51419b863a43.gcov is included (trace)...
(DEBUG) --> File is excluded.
(DEBUG) Finding source file corresponding to a gcov data file
  gcov_fname   /home/cto/zephyrproject/zephyr-course/twister-out/log_msg.h##59cc7ac9dd0b18efa24d51419b863a43.gcov
  current_dir  /home/cto/zephyrproject/zephyr-course/twister-out
  root         /home/cto/zephyrproject/zephyr-course/app/modules/ring_buf
  starting_dir /home/cto/zephyrproject/zephyr-course
  obj_dir      /home/cto/zephyrproject/zephyr-course/twister-out
  gcda_fname   native_sim_native/host_gnu/zephyr-course/tests/ring_buf/homework.unit.ring_buf/zephyr/CMakeFiles/zephyr.dir/lib/heap/heap.c.gcda
  --> fname    /home/cto/zephyrproject/zephyr/include/zephyr/logging/log_msg.h
(DEBUG) Check if /home/cto/zephyrproject/zephyr/include/zephyr/logging/log_msg.h is included (source file)...
(DEBUG) --> File is excluded.
(DEBUG) Check if /home/cto/zephyrproject/zephyr-course/twister-out/native_sim_native/host_gnu/zephyr-course/tests/ring_buf/homework.unit.ring_buf/zephyr/CMakeFiles/zephyr.dir/lib/libc/validate_libc.c.gcno is included (trace)...
(DEBUG)   No filter matched.
(DEBUG) --> File is excluded.
(DEBUG) Check if /home/cto/zephyrproject/zephyr-course/twister-out/native_sim_native/host_gnu/zephyr-course/tests/ring_buf/homework.unit.ring_buf/zephyr/CMakeFiles/zephyr.dir/lib/libc/validate_libc.c.gcno is included (trace)...
(DEBUG) --> File is excluded.
(DEBUG) Check if /home/cto/zephyrproject/zephyr-course/twister-out/native_sim_native/host_gnu/zephyr-course/tests/ring_buf/homework.unit.ring_buf/zephyr/CMakeFiles/zephyr.dir/lib/os/assert.c.gcda is included (trace)...
(DEBUG)   No filter matched.
(DEBUG) --> File is excluded.
(DEBUG) Check if /home/cto/zephyrproject/zephyr-course/twister-out/native_sim_native/host_gnu/zephyr-course/tests/ring_buf/homework.unit.ring_buf/zephyr/CMakeFiles/zephyr.dir/lib/os/assert.c.gcda is included (trace)...
(DEBUG) --> File is excluded.
(DEBUG) Check if assert.c##825180ebfaa8cc0016f819ad63ce4303.gcov is included (gcov file)...
(DEBUG)   Filter AlwaysMatchFilter() matched.
(DEBUG) --> File is included.
(DEBUG) Check if /home/cto/zephyrproject/zephyr-course/twister-out/assert.c##825180ebfaa8cc0016f819ad63ce4303.gcov is included (trace)...
(DEBUG)   No filter matched.
(DEBUG) --> File is excluded.
(DEBUG) Finding source file corresponding to a gcov data file
  gcov_fname   /home/cto/zephyrproject/zephyr-course/twister-out/assert.c##825180ebfaa8cc0016f819ad63ce4303.gcov
  current_dir  /home/cto/zephyrproject/zephyr-course/twister-out
  root         /home/cto/zephyrproject/zephyr-course/app/modules/ring_buf
  starting_dir /home/cto/zephyrproject/zephyr-course
  obj_dir      /home/cto/zephyrproject/zephyr-course/twister-out
  gcda_fname   native_sim_native/host_gnu/zephyr-course/tests/ring_buf/homework.unit.ring_buf/zephyr/CMakeFiles/zephyr.dir/lib/os/assert.c.gcda
  --> fname    /home/cto/zephyrproject/zephyr/lib/os/assert.c
(DEBUG) Check if /home/cto/zephyrproject/zephyr/lib/os/assert.c is included (source file)...
(DEBUG)   No filter matched.
(DEBUG) --> File is excluded.
(DEBUG) Check if /home/cto/zephyrproject/zephyr-course/twister-out/native_sim_native/host_gnu/zephyr-course/tests/ring_buf/homework.unit.ring_buf/zephyr/CMakeFiles/zephyr.dir/lib/os/cbprintf.c.gcda is included (trace)...
(DEBUG)   No filter matched.
(DEBUG) --> File is excluded.
(DEBUG) Check if /home/cto/zephyrproject/zephyr-course/twister-out/native_sim_native/host_gnu/zephyr-course/tests/ring_buf/homework.unit.ring_buf/zephyr/CMakeFiles/zephyr.dir/lib/os/cbprintf.c.gcda is included (trace)...
(DEBUG) --> File is excluded.
(DEBUG) Check if cbprintf.c##a6fac68c030439eb1065250d1bad623a.gcov is included (gcov file)...
(DEBUG)   Filter AlwaysMatchFilter() matched.
(DEBUG) --> File is included.
(DEBUG) Check if cbprintf.h##7f5842b334517eb8370638073e85f4ed.gcov is included (gcov file)...
(DEBUG)   Filter AlwaysMatchFilter() matched.
(DEBUG) --> File is included.
(DEBUG) Check if /home/cto/zephyrproject/zephyr-course/twister-out/cbprintf.h##7f5842b334517eb8370638073e85f4ed.gcov is included (trace)...
(DEBUG)   No filter matched.
(DEBUG) --> File is excluded.
(DEBUG) Finding source file corresponding to a gcov data file
  gcov_fname   /home/cto/zephyrproject/zephyr-course/twister-out/cbprintf.h##7f5842b334517eb8370638073e85f4ed.gcov
  current_dir  /home/cto/zephyrproject/zephyr-course/twister-out
  root         /home/cto/zephyrproject/zephyr-course/app/modules/ring_buf
  starting_dir /home/cto/zephyrproject/zephyr-course
  obj_dir      /home/cto/zephyrproject/zephyr-course/twister-out
  gcda_fname   native_sim_native/host_gnu/zephyr-course/tests/ring_buf/homework.unit.ring_buf/zephyr/CMakeFiles/zephyr.dir/lib/os/cbprintf.c.gcda
  --> fname    /home/cto/zephyrproject/zephyr/include/zephyr/sys/cbprintf.h
(DEBUG) Check if /home/cto/zephyrproject/zephyr/include/zephyr/sys/cbprintf.h is included (source file)...
(DEBUG)   No filter matched.
(DEBUG) --> File is excluded.
(DEBUG) Check if /home/cto/zephyrproject/zephyr-course/twister-out/cbprintf.c##a6fac68c030439eb1065250d1bad623a.gcov is included (trace)...
(DEBUG)   No filter matched.
(DEBUG) --> File is excluded.
(DEBUG) Finding source file corresponding to a gcov data file
  gcov_fname   /home/cto/zephyrproject/zephyr-course/twister-out/cbprintf.c##a6fac68c030439eb1065250d1bad623a.gcov
  current_dir  /home/cto/zephyrproject/zephyr-course/twister-out
  root         /home/cto/zephyrproject/zephyr-course/app/modules/ring_buf
  starting_dir /home/cto/zephyrproject/zephyr-course
  obj_dir      /home/cto/zephyrproject/zephyr-course/twister-out
  gcda_fname   native_sim_native/host_gnu/zephyr-course/tests/ring_buf/homework.unit.ring_buf/zephyr/CMakeFiles/zephyr.dir/lib/os/cbprintf.c.gcda
  --> fname    /home/cto/zephyrproject/zephyr/lib/os/cbprintf.c
(DEBUG) Check if /home/cto/zephyrproject/zephyr/lib/os/cbprintf.c is included (source file)...
(DEBUG)   No filter matched.
(DEBUG) --> File is excluded.
(DEBUG) Check if /home/cto/zephyrproject/zephyr-course/twister-out/native_sim_native/host_gnu/zephyr-course/tests/ring_buf/homework.unit.ring_buf/zephyr/CMakeFiles/zephyr.dir/lib/os/cbprintf_complete.c.gcda is included (trace)...
(DEBUG)   No filter matched.
(DEBUG) --> File is excluded.
(DEBUG) Check if /home/cto/zephyrproject/zephyr-course/twister-out/native_sim_native/host_gnu/zephyr-course/tests/ring_buf/homework.unit.ring_buf/zephyr/CMakeFiles/zephyr.dir/lib/os/cbprintf_complete.c.gcda is included (trace)...
(DEBUG) --> File is excluded.
(DEBUG) Check if cbprintf_complete.c##a2e2476b68472f8a0f7ee78f5f885068.gcov is included (gcov file)...
(DEBUG)   Filter AlwaysMatchFilter() matched.
(DEBUG) --> File is included.
(DEBUG) Check if /home/cto/zephyrproject/zephyr-course/twister-out/cbprintf_complete.c##a2e2476b68472f8a0f7ee78f5f885068.gcov is included (trace)...
(DEBUG)   No filter matched.
(DEBUG) --> File is excluded.
(DEBUG) Finding source file corresponding to a gcov data file
  gcov_fname   /home/cto/zephyrproject/zephyr-course/twister-out/cbprintf_complete.c##a2e2476b68472f8a0f7ee78f5f885068.gcov
  current_dir  /home/cto/zephyrproject/zephyr-course/twister-out
  root         /home/cto/zephyrproject/zephyr-course/app/modules/ring_buf
  starting_dir /home/cto/zephyrproject/zephyr-course
  obj_dir      /home/cto/zephyrproject/zephyr-course/twister-out
  gcda_fname   native_sim_native/host_gnu/zephyr-course/tests/ring_buf/homework.unit.ring_buf/zephyr/CMakeFiles/zephyr.dir/lib/os/cbprintf_complete.c.gcda
  --> fname    /home/cto/zephyrproject/zephyr/lib/os/cbprintf_complete.c
(DEBUG) Check if /home/cto/zephyrproject/zephyr/lib/os/cbprintf_complete.c is included (source file)...
(DEBUG)   No filter matched.
(DEBUG) --> File is excluded.
(DEBUG) Check if /home/cto/zephyrproject/zephyr-course/twister-out/native_sim_native/host_gnu/zephyr-course/tests/ring_buf/homework.unit.ring_buf/zephyr/CMakeFiles/zephyr.dir/lib/os/cbprintf_packaged.c.gcda is included (trace)...
(DEBUG)   No filter matched.
(DEBUG) --> File is excluded.
(DEBUG) Check if /home/cto/zephyrproject/zephyr-course/twister-out/native_sim_native/host_gnu/zephyr-course/tests/ring_buf/homework.unit.ring_buf/zephyr/CMakeFiles/zephyr.dir/lib/os/cbprintf_packaged.c.gcda is included (trace)...
(DEBUG) --> File is excluded.
(DEBUG) Check if cbprintf_packaged.c##e557679497db4a14422ef15fb166f549.gcov is included (gcov file)...
(DEBUG)   Filter AlwaysMatchFilter() matched.
(DEBUG) --> File is included.
(DEBUG) Check if log_msg.h##59cc7ac9dd0b18efa24d51419b863a43.gcov is included (gcov file)...
(DEBUG) --> File is included.
(DEBUG) Check if utils.h##b2f750a0edfde2037671a446b28dc9c6.gcov is included (gcov file)...
(DEBUG)   Filter AlwaysMatchFilter() matched.
(DEBUG) --> File is included.
(DEBUG) Check if /home/cto/zephyrproject/zephyr-course/twister-out/utils.h##b2f750a0edfde2037671a446b28dc9c6.gcov is included (trace)...
(DEBUG)   No filter matched.
(DEBUG) --> File is excluded.
(DEBUG) Finding source file corresponding to a gcov data file
  gcov_fname   /home/cto/zephyrproject/zephyr-course/twister-out/utils.h##b2f750a0edfde2037671a446b28dc9c6.gcov
  current_dir  /home/cto/zephyrproject/zephyr-course/twister-out
  root         /home/cto/zephyrproject/zephyr-course/app/modules/ring_buf
  starting_dir /home/cto/zephyrproject/zephyr-course
  obj_dir      /home/cto/zephyrproject/zephyr-course/twister-out
  gcda_fname   native_sim_native/host_gnu/zephyr-course/tests/ring_buf/homework.unit.ring_buf/zephyr/CMakeFiles/zephyr.dir/lib/os/cbprintf_packaged.c.gcda
  --> fname    /home/cto/zephyrproject/zephyr/include/zephyr/linker/utils.h
(DEBUG) Check if /home/cto/zephyrproject/zephyr/include/zephyr/linker/utils.h is included (source file)...
(DEBUG)   No filter matched.
(DEBUG) --> File is excluded.
(DEBUG) Check if /home/cto/zephyrproject/zephyr-course/twister-out/cbprintf_packaged.c##e557679497db4a14422ef15fb166f549.gcov is included (trace)...
(DEBUG)   No filter matched.
(DEBUG) --> File is excluded.
(DEBUG) Finding source file corresponding to a gcov data file
  gcov_fname   /home/cto/zephyrproject/zephyr-course/twister-out/cbprintf_packaged.c##e557679497db4a14422ef15fb166f549.gcov
  current_dir  /home/cto/zephyrproject/zephyr-course/twister-out
  root         /home/cto/zephyrproject/zephyr-course/app/modules/ring_buf
  starting_dir /home/cto/zephyrproject/zephyr-course
  obj_dir      /home/cto/zephyrproject/zephyr-course/twister-out
  gcda_fname   native_sim_native/host_gnu/zephyr-course/tests/ring_buf/homework.unit.ring_buf/zephyr/CMakeFiles/zephyr.dir/lib/os/cbprintf_packaged.c.gcda
  --> fname    /home/cto/zephyrproject/zephyr/lib/os/cbprintf_packaged.c
(DEBUG) Check if /home/cto/zephyrproject/zephyr/lib/os/cbprintf_packaged.c is included (source file)...
(DEBUG)   No filter matched.
(DEBUG) --> File is excluded.
(DEBUG) Check if /home/cto/zephyrproject/zephyr-course/twister-out/log_msg.h##59cc7ac9dd0b18efa24d51419b863a43.gcov is included (trace)...
(DEBUG) --> File is excluded.
(DEBUG) Finding source file corresponding to a gcov data file
  gcov_fname   /home/cto/zephyrproject/zephyr-course/twister-out/log_msg.h##59cc7ac9dd0b18efa24d51419b863a43.gcov
  current_dir  /home/cto/zephyrproject/zephyr-course/twister-out
  root         /home/cto/zephyrproject/zephyr-course/app/modules/ring_buf
  starting_dir /home/cto/zephyrproject/zephyr-course
  obj_dir      /home/cto/zephyrproject/zephyr-course/twister-out
  gcda_fname   native_sim_native/host_gnu/zephyr-course/tests/ring_buf/homework.unit.ring_buf/zephyr/CMakeFiles/zephyr.dir/lib/os/cbprintf_packaged.c.gcda
  --> fname    /home/cto/zephyrproject/zephyr/include/zephyr/logging/log_msg.h
(DEBUG) Check if /home/cto/zephyrproject/zephyr/include/zephyr/logging/log_msg.h is included (source file)...
(DEBUG) --> File is excluded.
(DEBUG) Check if /home/cto/zephyrproject/zephyr-course/twister-out/native_sim_native/host_gnu/zephyr-course/tests/ring_buf/homework.unit.ring_buf/zephyr/CMakeFiles/zephyr.dir/lib/os/clock.c.gcda is included (trace)...
(DEBUG)   No filter matched.
(DEBUG) --> File is excluded.
(DEBUG) Check if /home/cto/zephyrproject/zephyr-course/twister-out/native_sim_native/host_gnu/zephyr-course/tests/ring_buf/homework.unit.ring_buf/zephyr/CMakeFiles/zephyr.dir/lib/os/clock.c.gcda is included (trace)...
(DEBUG) --> File is excluded.
(DEBUG) Check if clock.c##e04a4be68474c9ca6b5a64e5f6a39534.gcov is included (gcov file)...
(DEBUG)   Filter AlwaysMatchFilter() matched.
(DEBUG) --> File is included.
(DEBUG) Check if timeutil.h##c4a1c79a693a48aa5e4778148fedfdef.gcov is included (gcov file)...
(DEBUG)   Filter AlwaysMatchFilter() matched.
(DEBUG) --> File is included.
(DEBUG) Check if kernel.h##a43b07f35530a2575a8767c959abd1d5.gcov is included (gcov file)...
(DEBUG)   Filter AlwaysMatchFilter() matched.
(DEBUG) --> File is included.
(DEBUG) Check if spinlock.h##7a9625cd30eeacafc44455d74d611b1c.gcov is included (gcov file)...
(DEBUG)   Filter AlwaysMatchFilter() matched.
(DEBUG) --> File is included.
(DEBUG) Check if clock.h##a9e9a70cf19622c4959f997434286cc9.gcov is included (gcov file)...
(DEBUG)   Filter AlwaysMatchFilter() matched.
(DEBUG) --> File is included.
(DEBUG) Check if arch.h##cd3ec459a8a675a723e815b63d40d361.gcov is included (gcov file)...
(DEBUG)   Filter AlwaysMatchFilter() matched.
(DEBUG) --> File is included.
(DEBUG) Check if /home/cto/zephyrproject/zephyr-course/twister-out/kernel.h##a43b07f35530a2575a8767c959abd1d5.gcov is included (trace)...
(DEBUG)   No filter matched.
(DEBUG) --> File is excluded.
(DEBUG) Finding source file corresponding to a gcov data file
  gcov_fname   /home/cto/zephyrproject/zephyr-course/twister-out/kernel.h##a43b07f35530a2575a8767c959abd1d5.gcov
  current_dir  /home/cto/zephyrproject/zephyr-course/twister-out
  root         /home/cto/zephyrproject/zephyr-course/app/modules/ring_buf
  starting_dir /home/cto/zephyrproject/zephyr-course
  obj_dir      /home/cto/zephyrproject/zephyr-course/twister-out
  gcda_fname   native_sim_native/host_gnu/zephyr-course/tests/ring_buf/homework.unit.ring_buf/zephyr/CMakeFiles/zephyr.dir/lib/os/clock.c.gcda
  --> fname    /home/cto/zephyrproject/zephyr-course/twister-out/native_sim_native/host_gnu/zephyr-course/tests/ring_buf/homework.unit.ring_buf/zephyr/include/generated/zephyr/syscalls/kernel.h
(DEBUG) Check if /home/cto/zephyrproject/zephyr-course/twister-out/native_sim_native/host_gnu/zephyr-course/tests/ring_buf/homework.unit.ring_buf/zephyr/include/generated/zephyr/syscalls/kernel.h is included (source file)...
(DEBUG)   No filter matched.
(DEBUG) --> File is excluded.
(DEBUG) Check if /home/cto/zephyrproject/zephyr-course/twister-out/clock.h##a9e9a70cf19622c4959f997434286cc9.gcov is included (trace)...
(DEBUG)   No filter matched.
(DEBUG) --> File is excluded.
(DEBUG) Finding source file corresponding to a gcov data file
  gcov_fname   /home/cto/zephyrproject/zephyr-course/twister-out/clock.h##a9e9a70cf19622c4959f997434286cc9.gcov
  current_dir  /home/cto/zephyrproject/zephyr-course/twister-out
  root         /home/cto/zephyrproject/zephyr-course/app/modules/ring_buf
  starting_dir /home/cto/zephyrproject/zephyr-course
  obj_dir      /home/cto/zephyrproject/zephyr-course/twister-out
  gcda_fname   native_sim_native/host_gnu/zephyr-course/tests/ring_buf/homework.unit.ring_buf/zephyr/CMakeFiles/zephyr.dir/lib/os/clock.c.gcda
  --> fname    /home/cto/zephyrproject/zephyr-course/twister-out/native_sim_native/host_gnu/zephyr-course/tests/ring_buf/homework.unit.ring_buf/zephyr/include/generated/zephyr/syscalls/clock.h
(DEBUG) Check if /home/cto/zephyrproject/zephyr-course/twister-out/native_sim_native/host_gnu/zephyr-course/tests/ring_buf/homework.unit.ring_buf/zephyr/include/generated/zephyr/syscalls/clock.h is included (source file)...
(DEBUG)   No filter matched.
(DEBUG) --> File is excluded.
(DEBUG) Check if /home/cto/zephyrproject/zephyr-course/twister-out/clock.c##e04a4be68474c9ca6b5a64e5f6a39534.gcov is included (trace)...
(DEBUG)   No filter matched.
(DEBUG) --> File is excluded.
(DEBUG) Finding source file corresponding to a gcov data file
  gcov_fname   /home/cto/zephyrproject/zephyr-course/twister-out/clock.c##e04a4be68474c9ca6b5a64e5f6a39534.gcov
  current_dir  /home/cto/zephyrproject/zephyr-course/twister-out
  root         /home/cto/zephyrproject/zephyr-course/app/modules/ring_buf
  starting_dir /home/cto/zephyrproject/zephyr-course
  obj_dir      /home/cto/zephyrproject/zephyr-course/twister-out
  gcda_fname   native_sim_native/host_gnu/zephyr-course/tests/ring_buf/homework.unit.ring_buf/zephyr/CMakeFiles/zephyr.dir/lib/os/clock.c.gcda
  --> fname    /home/cto/zephyrproject/zephyr/lib/os/clock.c
(DEBUG) Check if /home/cto/zephyrproject/zephyr/lib/os/clock.c is included (source file)...
(DEBUG)   No filter matched.
(DEBUG) --> File is excluded.
(DEBUG) Check if /home/cto/zephyrproject/zephyr-course/twister-out/timeutil.h##c4a1c79a693a48aa5e4778148fedfdef.gcov is included (trace)...
(DEBUG)   No filter matched.
(DEBUG) --> File is excluded.
(DEBUG) Finding source file corresponding to a gcov data file
  gcov_fname   /home/cto/zephyrproject/zephyr-course/twister-out/timeutil.h##c4a1c79a693a48aa5e4778148fedfdef.gcov
  current_dir  /home/cto/zephyrproject/zephyr-course/twister-out
  root         /home/cto/zephyrproject/zephyr-course/app/modules/ring_buf
  starting_dir /home/cto/zephyrproject/zephyr-course
  obj_dir      /home/cto/zephyrproject/zephyr-course/twister-out
  gcda_fname   native_sim_native/host_gnu/zephyr-course/tests/ring_buf/homework.unit.ring_buf/zephyr/CMakeFiles/zephyr.dir/lib/os/clock.c.gcda
  --> fname    /home/cto/zephyrproject/zephyr/include/zephyr/sys/timeutil.h
(DEBUG) Check if /home/cto/zephyrproject/zephyr/include/zephyr/sys/timeutil.h is included (source file)...
(DEBUG)   No filter matched.
(DEBUG) --> File is excluded.
(DEBUG) Check if /home/cto/zephyrproject/zephyr-course/twister-out/spinlock.h##7a9625cd30eeacafc44455d74d611b1c.gcov is included (trace)...
(DEBUG)   No filter matched.
(DEBUG) --> File is excluded.
(DEBUG) Finding source file corresponding to a gcov data file
  gcov_fname   /home/cto/zephyrproject/zephyr-course/twister-out/spinlock.h##7a9625cd30eeacafc44455d74d611b1c.gcov
  current_dir  /home/cto/zephyrproject/zephyr-course/twister-out
  root         /home/cto/zephyrproject/zephyr-course/app/modules/ring_buf
  starting_dir /home/cto/zephyrproject/zephyr-course
  obj_dir      /home/cto/zephyrproject/zephyr-course/twister-out
  gcda_fname   native_sim_native/host_gnu/zephyr-course/tests/ring_buf/homework.unit.ring_buf/zephyr/CMakeFiles/zephyr.dir/lib/os/clock.c.gcda
  --> fname    /home/cto/zephyrproject/zephyr/include/zephyr/spinlock.h
(DEBUG) Check if /home/cto/zephyrproject/zephyr/include/zephyr/spinlock.h is included (source file)...
(DEBUG)   No filter matched.
(DEBUG) --> File is excluded.
(DEBUG) Check if /home/cto/zephyrproject/zephyr-course/twister-out/arch.h##cd3ec459a8a675a723e815b63d40d361.gcov is included (trace)...
(DEBUG)   No filter matched.
(DEBUG) --> File is excluded.
(DEBUG) Finding source file corresponding to a gcov data file
  gcov_fname   /home/cto/zephyrproject/zephyr-course/twister-out/arch.h##cd3ec459a8a675a723e815b63d40d361.gcov
  current_dir  /home/cto/zephyrproject/zephyr-course/twister-out
  root         /home/cto/zephyrproject/zephyr-course/app/modules/ring_buf
  starting_dir /home/cto/zephyrproject/zephyr-course
  obj_dir      /home/cto/zephyrproject/zephyr-course/twister-out
  gcda_fname   native_sim_native/host_gnu/zephyr-course/tests/ring_buf/homework.unit.ring_buf/zephyr/CMakeFiles/zephyr.dir/lib/os/clock.c.gcda
  --> fname    /home/cto/zephyrproject/zephyr/include/zephyr/arch/posix/arch.h
(DEBUG) Check if /home/cto/zephyrproject/zephyr/include/zephyr/arch/posix/arch.h is included (source file)...
(DEBUG)   No filter matched.
(DEBUG) --> File is excluded.
(DEBUG) Check if /home/cto/zephyrproject/zephyr-course/twister-out/native_sim_native/host_gnu/zephyr-course/tests/ring_buf/homework.unit.ring_buf/zephyr/CMakeFiles/zephyr.dir/lib/os/printk.c.gcda is included (trace)...
(DEBUG)   No filter matched.
(DEBUG) --> File is excluded.
(DEBUG) Check if /home/cto/zephyrproject/zephyr-course/twister-out/native_sim_native/host_gnu/zephyr-course/tests/ring_buf/homework.unit.ring_buf/zephyr/CMakeFiles/zephyr.dir/lib/os/printk.c.gcda is included (trace)...
(DEBUG) --> File is excluded.
(DEBUG) Check if printk.c##b3fd9d5e95a3ee63df5920cb216f3ad4.gcov is included (gcov file)...
(DEBUG)   Filter AlwaysMatchFilter() matched.
(DEBUG) --> File is included.
(DEBUG) Check if cbprintf.h##7f5842b334517eb8370638073e85f4ed.gcov is included (gcov file)...
(DEBUG) --> File is included.
(DEBUG) Check if kernel.h##a43b07f35530a2575a8767c959abd1d5.gcov is included (gcov file)...
(DEBUG) --> File is included.
(DEBUG) Check if /home/cto/zephyrproject/zephyr-course/twister-out/kernel.h##a43b07f35530a2575a8767c959abd1d5.gcov is included (trace)...
(DEBUG) --> File is excluded.
(DEBUG) Finding source file corresponding to a gcov data file
  gcov_fname   /home/cto/zephyrproject/zephyr-course/twister-out/kernel.h##a43b07f35530a2575a8767c959abd1d5.gcov
  current_dir  /home/cto/zephyrproject/zephyr-course/twister-out
  root         /home/cto/zephyrproject/zephyr-course/app/modules/ring_buf
  starting_dir /home/cto/zephyrproject/zephyr-course
  obj_dir      /home/cto/zephyrproject/zephyr-course/twister-out
  gcda_fname   native_sim_native/host_gnu/zephyr-course/tests/ring_buf/homework.unit.ring_buf/zephyr/CMakeFiles/zephyr.dir/lib/os/printk.c.gcda
  --> fname    /home/cto/zephyrproject/zephyr-course/twister-out/native_sim_native/host_gnu/zephyr-course/tests/ring_buf/homework.unit.ring_buf/zephyr/include/generated/zephyr/syscalls/kernel.h
(DEBUG) Check if /home/cto/zephyrproject/zephyr-course/twister-out/native_sim_native/host_gnu/zephyr-course/tests/ring_buf/homework.unit.ring_buf/zephyr/include/generated/zephyr/syscalls/kernel.h is included (source file)...
(DEBUG) --> File is excluded.
(DEBUG) Check if /home/cto/zephyrproject/zephyr-course/twister-out/cbprintf.h##7f5842b334517eb8370638073e85f4ed.gcov is included (trace)...
(DEBUG) --> File is excluded.
(DEBUG) Finding source file corresponding to a gcov data file
  gcov_fname   /home/cto/zephyrproject/zephyr-course/twister-out/cbprintf.h##7f5842b334517eb8370638073e85f4ed.gcov
  current_dir  /home/cto/zephyrproject/zephyr-course/twister-out
  root         /home/cto/zephyrproject/zephyr-course/app/modules/ring_buf
  starting_dir /home/cto/zephyrproject/zephyr-course
  obj_dir      /home/cto/zephyrproject/zephyr-course/twister-out
  gcda_fname   native_sim_native/host_gnu/zephyr-course/tests/ring_buf/homework.unit.ring_buf/zephyr/CMakeFiles/zephyr.dir/lib/os/printk.c.gcda
  --> fname    /home/cto/zephyrproject/zephyr/include/zephyr/sys/cbprintf.h
(DEBUG) Check if /home/cto/zephyrproject/zephyr/include/zephyr/sys/cbprintf.h is included (source file)...
(DEBUG) --> File is excluded.
(DEBUG) Check if /home/cto/zephyrproject/zephyr-course/twister-out/printk.c##b3fd9d5e95a3ee63df5920cb216f3ad4.gcov is included (trace)...
(DEBUG)   No filter matched.
(DEBUG) --> File is excluded.
(DEBUG) Finding source file corresponding to a gcov data file
  gcov_fname   /home/cto/zephyrproject/zephyr-course/twister-out/printk.c##b3fd9d5e95a3ee63df5920cb216f3ad4.gcov
  current_dir  /home/cto/zephyrproject/zephyr-course/twister-out
  root         /home/cto/zephyrproject/zephyr-course/app/modules/ring_buf
  starting_dir /home/cto/zephyrproject/zephyr-course
  obj_dir      /home/cto/zephyrproject/zephyr-course/twister-out
  gcda_fname   native_sim_native/host_gnu/zephyr-course/tests/ring_buf/homework.unit.ring_buf/zephyr/CMakeFiles/zephyr.dir/lib/os/printk.c.gcda
  --> fname    /home/cto/zephyrproject/zephyr/lib/os/printk.c
(DEBUG) Check if /home/cto/zephyrproject/zephyr/lib/os/printk.c is included (source file)...
(DEBUG)   No filter matched.
(DEBUG) --> File is excluded.
(DEBUG) Check if /home/cto/zephyrproject/zephyr-course/twister-out/native_sim_native/host_gnu/zephyr-course/tests/ring_buf/homework.unit.ring_buf/zephyr/CMakeFiles/zephyr.dir/lib/os/sem.c.gcda is included (trace)...
(DEBUG)   No filter matched.
(DEBUG) --> File is excluded.
(DEBUG) Check if /home/cto/zephyrproject/zephyr-course/twister-out/native_sim_native/host_gnu/zephyr-course/tests/ring_buf/homework.unit.ring_buf/zephyr/CMakeFiles/zephyr.dir/lib/os/sem.c.gcda is included (trace)...
(DEBUG) --> File is excluded.
(DEBUG) Check if sem.c##e17aa3481826cf9f3c24bfbf3df819f5.gcov is included (gcov file)...
(DEBUG)   Filter AlwaysMatchFilter() matched.
(DEBUG) --> File is included.
(DEBUG) Check if kernel.h##a43b07f35530a2575a8767c959abd1d5.gcov is included (gcov file)...
(DEBUG) --> File is included.
(DEBUG) Check if kernel.h##3d600634decb40355467717e98cbaefe.gcov is included (gcov file)...
(DEBUG)   Filter AlwaysMatchFilter() matched.
(DEBUG) --> File is included.
(DEBUG) Check if /home/cto/zephyrproject/zephyr-course/twister-out/kernel.h##a43b07f35530a2575a8767c959abd1d5.gcov is included (trace)...
(DEBUG) --> File is excluded.
(DEBUG) Finding source file corresponding to a gcov data file
  gcov_fname   /home/cto/zephyrproject/zephyr-course/twister-out/kernel.h##a43b07f35530a2575a8767c959abd1d5.gcov
  current_dir  /home/cto/zephyrproject/zephyr-course/twister-out
  root         /home/cto/zephyrproject/zephyr-course/app/modules/ring_buf
  starting_dir /home/cto/zephyrproject/zephyr-course
  obj_dir      /home/cto/zephyrproject/zephyr-course/twister-out
  gcda_fname   native_sim_native/host_gnu/zephyr-course/tests/ring_buf/homework.unit.ring_buf/zephyr/CMakeFiles/zephyr.dir/lib/os/sem.c.gcda
  --> fname    /home/cto/zephyrproject/zephyr-course/twister-out/native_sim_native/host_gnu/zephyr-course/tests/ring_buf/homework.unit.ring_buf/zephyr/include/generated/zephyr/syscalls/kernel.h
(DEBUG) Check if /home/cto/zephyrproject/zephyr-course/twister-out/native_sim_native/host_gnu/zephyr-course/tests/ring_buf/homework.unit.ring_buf/zephyr/include/generated/zephyr/syscalls/kernel.h is included (source file)...
(DEBUG) --> File is excluded.
(DEBUG) Check if /home/cto/zephyrproject/zephyr-course/twister-out/sem.c##e17aa3481826cf9f3c24bfbf3df819f5.gcov is included (trace)...
(DEBUG)   No filter matched.
(DEBUG) --> File is excluded.
(DEBUG) Finding source file corresponding to a gcov data file
  gcov_fname   /home/cto/zephyrproject/zephyr-course/twister-out/sem.c##e17aa3481826cf9f3c24bfbf3df819f5.gcov
  current_dir  /home/cto/zephyrproject/zephyr-course/twister-out
  root         /home/cto/zephyrproject/zephyr-course/app/modules/ring_buf
  starting_dir /home/cto/zephyrproject/zephyr-course
  obj_dir      /home/cto/zephyrproject/zephyr-course/twister-out
  gcda_fname   native_sim_native/host_gnu/zephyr-course/tests/ring_buf/homework.unit.ring_buf/zephyr/CMakeFiles/zephyr.dir/lib/os/sem.c.gcda
  --> fname    /home/cto/zephyrproject/zephyr/lib/os/sem.c
(DEBUG) Check if /home/cto/zephyrproject/zephyr/lib/os/sem.c is included (source file)...
(DEBUG)   No filter matched.
(DEBUG) --> File is excluded.
(DEBUG) Check if /home/cto/zephyrproject/zephyr-course/twister-out/kernel.h##3d600634decb40355467717e98cbaefe.gcov is included (trace)...
(DEBUG)   No filter matched.
(DEBUG) --> File is excluded.
(DEBUG) Finding source file corresponding to a gcov data file
  gcov_fname   /home/cto/zephyrproject/zephyr-course/twister-out/kernel.h##3d600634decb40355467717e98cbaefe.gcov
  current_dir  /home/cto/zephyrproject/zephyr-course/twister-out
  root         /home/cto/zephyrproject/zephyr-course/app/modules/ring_buf
  starting_dir /home/cto/zephyrproject/zephyr-course
  obj_dir      /home/cto/zephyrproject/zephyr-course/twister-out
  gcda_fname   native_sim_native/host_gnu/zephyr-course/tests/ring_buf/homework.unit.ring_buf/zephyr/CMakeFiles/zephyr.dir/lib/os/sem.c.gcda
  --> fname    /home/cto/zephyrproject/zephyr/include/zephyr/kernel.h
(DEBUG) Check if /home/cto/zephyrproject/zephyr/include/zephyr/kernel.h is included (source file)...
(DEBUG)   No filter matched.
(DEBUG) --> File is excluded.
(DEBUG) Check if /home/cto/zephyrproject/zephyr-course/twister-out/native_sim_native/host_gnu/zephyr-course/tests/ring_buf/homework.unit.ring_buf/zephyr/CMakeFiles/zephyr.dir/lib/os/thread_entry.c.gcda is included (trace)...
(DEBUG)   No filter matched.
(DEBUG) --> File is excluded.
(DEBUG) Check if /home/cto/zephyrproject/zephyr-course/twister-out/native_sim_native/host_gnu/zephyr-course/tests/ring_buf/homework.unit.ring_buf/zephyr/CMakeFiles/zephyr.dir/lib/os/thread_entry.c.gcda is included (trace)...
(DEBUG) --> File is excluded.
(DEBUG) Check if thread_entry.c##6e29ea2a8713f682e700063174d1f058.gcov is included (gcov file)...
(DEBUG)   Filter AlwaysMatchFilter() matched.
(DEBUG) --> File is included.
(DEBUG) Check if kernel.h##a43b07f35530a2575a8767c959abd1d5.gcov is included (gcov file)...
(DEBUG) --> File is included.
(DEBUG) Check if kernel.h##3d600634decb40355467717e98cbaefe.gcov is included (gcov file)...
(DEBUG) --> File is included.
(DEBUG) Check if syscall.h##6ebecfa30a736fd9ba1c825de8f2f8af.gcov is included (gcov file)...
(DEBUG)   Filter AlwaysMatchFilter() matched.
(DEBUG) --> File is included.
(DEBUG) Check if /home/cto/zephyrproject/zephyr-course/twister-out/kernel.h##a43b07f35530a2575a8767c959abd1d5.gcov is included (trace)...
(DEBUG) --> File is excluded.
(DEBUG) Finding source file corresponding to a gcov data file
  gcov_fname   /home/cto/zephyrproject/zephyr-course/twister-out/kernel.h##a43b07f35530a2575a8767c959abd1d5.gcov
  current_dir  /home/cto/zephyrproject/zephyr-course/twister-out
  root         /home/cto/zephyrproject/zephyr-course/app/modules/ring_buf
  starting_dir /home/cto/zephyrproject/zephyr-course
  obj_dir      /home/cto/zephyrproject/zephyr-course/twister-out
  gcda_fname   native_sim_native/host_gnu/zephyr-course/tests/ring_buf/homework.unit.ring_buf/zephyr/CMakeFiles/zephyr.dir/lib/os/thread_entry.c.gcda
  --> fname    /home/cto/zephyrproject/zephyr-course/twister-out/native_sim_native/host_gnu/zephyr-course/tests/ring_buf/homework.unit.ring_buf/zephyr/include/generated/zephyr/syscalls/kernel.h
(DEBUG) Check if /home/cto/zephyrproject/zephyr-course/twister-out/native_sim_native/host_gnu/zephyr-course/tests/ring_buf/homework.unit.ring_buf/zephyr/include/generated/zephyr/syscalls/kernel.h is included (source file)...
(DEBUG) --> File is excluded.
(DEBUG) Check if /home/cto/zephyrproject/zephyr-course/twister-out/thread_entry.c##6e29ea2a8713f682e700063174d1f058.gcov is included (trace)...
(DEBUG)   No filter matched.
(DEBUG) --> File is excluded.
(DEBUG) Finding source file corresponding to a gcov data file
  gcov_fname   /home/cto/zephyrproject/zephyr-course/twister-out/thread_entry.c##6e29ea2a8713f682e700063174d1f058.gcov
  current_dir  /home/cto/zephyrproject/zephyr-course/twister-out
  root         /home/cto/zephyrproject/zephyr-course/app/modules/ring_buf
  starting_dir /home/cto/zephyrproject/zephyr-course
  obj_dir      /home/cto/zephyrproject/zephyr-course/twister-out
  gcda_fname   native_sim_native/host_gnu/zephyr-course/tests/ring_buf/homework.unit.ring_buf/zephyr/CMakeFiles/zephyr.dir/lib/os/thread_entry.c.gcda
  --> fname    /home/cto/zephyrproject/zephyr/lib/os/thread_entry.c
(DEBUG) Check if /home/cto/zephyrproject/zephyr/lib/os/thread_entry.c is included (source file)...
(DEBUG)   No filter matched.
(DEBUG) --> File is excluded.
(DEBUG) Check if /home/cto/zephyrproject/zephyr-course/twister-out/syscall.h##6ebecfa30a736fd9ba1c825de8f2f8af.gcov is included (trace)...
(DEBUG)   No filter matched.
(DEBUG) --> File is excluded.
(DEBUG) Finding source file corresponding to a gcov data file
  gcov_fname   /home/cto/zephyrproject/zephyr-course/twister-out/syscall.h##6ebecfa30a736fd9ba1c825de8f2f8af.gcov
  current_dir  /home/cto/zephyrproject/zephyr-course/twister-out
  root         /home/cto/zephyrproject/zephyr-course/app/modules/ring_buf
  starting_dir /home/cto/zephyrproject/zephyr-course
  obj_dir      /home/cto/zephyrproject/zephyr-course/twister-out
  gcda_fname   native_sim_native/host_gnu/zephyr-course/tests/ring_buf/homework.unit.ring_buf/zephyr/CMakeFiles/zephyr.dir/lib/os/thread_entry.c.gcda
  --> fname    /home/cto/zephyrproject/zephyr/include/zephyr/syscall.h
(DEBUG) Check if /home/cto/zephyrproject/zephyr/include/zephyr/syscall.h is included (source file)...
(DEBUG)   No filter matched.
(DEBUG) --> File is excluded.
(DEBUG) Check if /home/cto/zephyrproject/zephyr-course/twister-out/kernel.h##3d600634decb40355467717e98cbaefe.gcov is included (trace)...
(DEBUG) --> File is excluded.
(DEBUG) Finding source file corresponding to a gcov data file
  gcov_fname   /home/cto/zephyrproject/zephyr-course/twister-out/kernel.h##3d600634decb40355467717e98cbaefe.gcov
  current_dir  /home/cto/zephyrproject/zephyr-course/twister-out
  root         /home/cto/zephyrproject/zephyr-course/app/modules/ring_buf
  starting_dir /home/cto/zephyrproject/zephyr-course
  obj_dir      /home/cto/zephyrproject/zephyr-course/twister-out
  gcda_fname   native_sim_native/host_gnu/zephyr-course/tests/ring_buf/homework.unit.ring_buf/zephyr/CMakeFiles/zephyr.dir/lib/os/thread_entry.c.gcda
  --> fname    /home/cto/zephyrproject/zephyr/include/zephyr/kernel.h
(DEBUG) Check if /home/cto/zephyrproject/zephyr/include/zephyr/kernel.h is included (source file)...
(DEBUG) --> File is excluded.
(DEBUG) Check if /home/cto/zephyrproject/zephyr-course/twister-out/native_sim_native/host_gnu/zephyr-course/tests/ring_buf/homework.unit.ring_buf/zephyr/CMakeFiles/zephyr.dir/lib/utils/bitarray.c.gcda is included (trace)...
(DEBUG)   No filter matched.
(DEBUG) --> File is excluded.
(DEBUG) Check if /home/cto/zephyrproject/zephyr-course/twister-out/native_sim_native/host_gnu/zephyr-course/tests/ring_buf/homework.unit.ring_buf/zephyr/CMakeFiles/zephyr.dir/lib/utils/bitarray.c.gcda is included (trace)...
(DEBUG) --> File is excluded.
(DEBUG) Check if bitarray.c##5d7e9dee25e353715387237e1daeb680.gcov is included (gcov file)...
(DEBUG)   Filter AlwaysMatchFilter() matched.
(DEBUG) --> File is included.
(DEBUG) Check if spinlock.h##7a9625cd30eeacafc44455d74d611b1c.gcov is included (gcov file)...
(DEBUG) --> File is included.
(DEBUG) Check if arch.h##cd3ec459a8a675a723e815b63d40d361.gcov is included (gcov file)...
(DEBUG) --> File is included.
(DEBUG) Check if ffs.h##366c3bcb578480b3bf9574e571fff313.gcov is included (gcov file)...
(DEBUG)   Filter AlwaysMatchFilter() matched.
(DEBUG) --> File is included.
(DEBUG) Check if /home/cto/zephyrproject/zephyr-course/twister-out/spinlock.h##7a9625cd30eeacafc44455d74d611b1c.gcov is included (trace)...
(DEBUG) --> File is excluded.
(DEBUG) Finding source file corresponding to a gcov data file
  gcov_fname   /home/cto/zephyrproject/zephyr-course/twister-out/spinlock.h##7a9625cd30eeacafc44455d74d611b1c.gcov
  current_dir  /home/cto/zephyrproject/zephyr-course/twister-out
  root         /home/cto/zephyrproject/zephyr-course/app/modules/ring_buf
  starting_dir /home/cto/zephyrproject/zephyr-course
  obj_dir      /home/cto/zephyrproject/zephyr-course/twister-out
  gcda_fname   native_sim_native/host_gnu/zephyr-course/tests/ring_buf/homework.unit.ring_buf/zephyr/CMakeFiles/zephyr.dir/lib/utils/bitarray.c.gcda
  --> fname    /home/cto/zephyrproject/zephyr/include/zephyr/spinlock.h
(DEBUG) Check if /home/cto/zephyrproject/zephyr/include/zephyr/spinlock.h is included (source file)...
(DEBUG) --> File is excluded.
(DEBUG) Check if /home/cto/zephyrproject/zephyr-course/twister-out/ffs.h##366c3bcb578480b3bf9574e571fff313.gcov is included (trace)...
(DEBUG)   No filter matched.
(DEBUG) --> File is excluded.
(DEBUG) Finding source file corresponding to a gcov data file
  gcov_fname   /home/cto/zephyrproject/zephyr-course/twister-out/ffs.h##366c3bcb578480b3bf9574e571fff313.gcov
  current_dir  /home/cto/zephyrproject/zephyr-course/twister-out
  root         /home/cto/zephyrproject/zephyr-course/app/modules/ring_buf
  starting_dir /home/cto/zephyrproject/zephyr-course
  obj_dir      /home/cto/zephyrproject/zephyr-course/twister-out
  gcda_fname   native_sim_native/host_gnu/zephyr-course/tests/ring_buf/homework.unit.ring_buf/zephyr/CMakeFiles/zephyr.dir/lib/utils/bitarray.c.gcda
  --> fname    /home/cto/zephyrproject/zephyr/include/zephyr/arch/common/ffs.h
(DEBUG) Check if /home/cto/zephyrproject/zephyr/include/zephyr/arch/common/ffs.h is included (source file)...
(DEBUG)   No filter matched.
(DEBUG) --> File is excluded.
(DEBUG) Check if /home/cto/zephyrproject/zephyr-course/twister-out/arch.h##cd3ec459a8a675a723e815b63d40d361.gcov is included (trace)...
(DEBUG) --> File is excluded.
(DEBUG) Finding source file corresponding to a gcov data file
  gcov_fname   /home/cto/zephyrproject/zephyr-course/twister-out/arch.h##cd3ec459a8a675a723e815b63d40d361.gcov
  current_dir  /home/cto/zephyrproject/zephyr-course/twister-out
  root         /home/cto/zephyrproject/zephyr-course/app/modules/ring_buf
  starting_dir /home/cto/zephyrproject/zephyr-course
  obj_dir      /home/cto/zephyrproject/zephyr-course/twister-out
  gcda_fname   native_sim_native/host_gnu/zephyr-course/tests/ring_buf/homework.unit.ring_buf/zephyr/CMakeFiles/zephyr.dir/lib/utils/bitarray.c.gcda
  --> fname    /home/cto/zephyrproject/zephyr/include/zephyr/arch/posix/arch.h
(DEBUG) Check if /home/cto/zephyrproject/zephyr/include/zephyr/arch/posix/arch.h is included (source file)...
(DEBUG) --> File is excluded.
(DEBUG) Check if /home/cto/zephyrproject/zephyr-course/twister-out/bitarray.c##5d7e9dee25e353715387237e1daeb680.gcov is included (trace)...
(DEBUG)   No filter matched.
(DEBUG) --> File is excluded.
(DEBUG) Finding source file corresponding to a gcov data file
  gcov_fname   /home/cto/zephyrproject/zephyr-course/twister-out/bitarray.c##5d7e9dee25e353715387237e1daeb680.gcov
  current_dir  /home/cto/zephyrproject/zephyr-course/twister-out
  root         /home/cto/zephyrproject/zephyr-course/app/modules/ring_buf
  starting_dir /home/cto/zephyrproject/zephyr-course
  obj_dir      /home/cto/zephyrproject/zephyr-course/twister-out
  gcda_fname   native_sim_native/host_gnu/zephyr-course/tests/ring_buf/homework.unit.ring_buf/zephyr/CMakeFiles/zephyr.dir/lib/utils/bitarray.c.gcda
  --> fname    /home/cto/zephyrproject/zephyr/lib/utils/bitarray.c
(DEBUG) Check if /home/cto/zephyrproject/zephyr/lib/utils/bitarray.c is included (source file)...
(DEBUG)   No filter matched.
(DEBUG) --> File is excluded.
(DEBUG) Check if /home/cto/zephyrproject/zephyr-course/twister-out/native_sim_native/host_gnu/zephyr-course/tests/ring_buf/homework.unit.ring_buf/zephyr/CMakeFiles/zephyr.dir/lib/utils/bitmask.c.gcda is included (trace)...
(DEBUG)   No filter matched.
(DEBUG) --> File is excluded.
(DEBUG) Check if /home/cto/zephyrproject/zephyr-course/twister-out/native_sim_native/host_gnu/zephyr-course/tests/ring_buf/homework.unit.ring_buf/zephyr/CMakeFiles/zephyr.dir/lib/utils/bitmask.c.gcda is included (trace)...
(DEBUG) --> File is excluded.
(DEBUG) Check if bitmask.c##315d51bdee1f60da510b6af92dd218e9.gcov is included (gcov file)...
(DEBUG)   Filter AlwaysMatchFilter() matched.
(DEBUG) --> File is included.
(DEBUG) Check if math_extras_impl.h##d9e03954427d447f1d73b273349b4860.gcov is included (gcov file)...
(DEBUG)   Filter AlwaysMatchFilter() matched.
(DEBUG) --> File is included.
(DEBUG) Check if /home/cto/zephyrproject/zephyr-course/twister-out/math_extras_impl.h##d9e03954427d447f1d73b273349b4860.gcov is included (trace)...
(DEBUG)   No filter matched.
(DEBUG) --> File is excluded.
(DEBUG) Finding source file corresponding to a gcov data file
  gcov_fname   /home/cto/zephyrproject/zephyr-course/twister-out/math_extras_impl.h##d9e03954427d447f1d73b273349b4860.gcov
  current_dir  /home/cto/zephyrproject/zephyr-course/twister-out
  root         /home/cto/zephyrproject/zephyr-course/app/modules/ring_buf
  starting_dir /home/cto/zephyrproject/zephyr-course
  obj_dir      /home/cto/zephyrproject/zephyr-course/twister-out
  gcda_fname   native_sim_native/host_gnu/zephyr-course/tests/ring_buf/homework.unit.ring_buf/zephyr/CMakeFiles/zephyr.dir/lib/utils/bitmask.c.gcda
  --> fname    /home/cto/zephyrproject/zephyr/include/zephyr/sys/math_extras_impl.h
(DEBUG) Check if /home/cto/zephyrproject/zephyr/include/zephyr/sys/math_extras_impl.h is included (source file)...
(DEBUG)   No filter matched.
(DEBUG) --> File is excluded.
(DEBUG) Check if /home/cto/zephyrproject/zephyr-course/twister-out/bitmask.c##315d51bdee1f60da510b6af92dd218e9.gcov is included (trace)...
(DEBUG)   No filter matched.
(DEBUG) --> File is excluded.
(DEBUG) Finding source file corresponding to a gcov data file
  gcov_fname   /home/cto/zephyrproject/zephyr-course/twister-out/bitmask.c##315d51bdee1f60da510b6af92dd218e9.gcov
  current_dir  /home/cto/zephyrproject/zephyr-course/twister-out
  root         /home/cto/zephyrproject/zephyr-course/app/modules/ring_buf
  starting_dir /home/cto/zephyrproject/zephyr-course
  obj_dir      /home/cto/zephyrproject/zephyr-course/twister-out
  gcda_fname   native_sim_native/host_gnu/zephyr-course/tests/ring_buf/homework.unit.ring_buf/zephyr/CMakeFiles/zephyr.dir/lib/utils/bitmask.c.gcda
  --> fname    /home/cto/zephyrproject/zephyr/lib/utils/bitmask.c
(DEBUG) Check if /home/cto/zephyrproject/zephyr/lib/utils/bitmask.c is included (source file)...
(DEBUG)   No filter matched.
(DEBUG) --> File is excluded.
(DEBUG) Check if /home/cto/zephyrproject/zephyr-course/twister-out/native_sim_native/host_gnu/zephyr-course/tests/ring_buf/homework.unit.ring_buf/zephyr/CMakeFiles/zephyr.dir/lib/utils/dec.c.gcda is included (trace)...
(DEBUG)   No filter matched.
(DEBUG) --> File is excluded.
(DEBUG) Check if /home/cto/zephyrproject/zephyr-course/twister-out/native_sim_native/host_gnu/zephyr-course/tests/ring_buf/homework.unit.ring_buf/zephyr/CMakeFiles/zephyr.dir/lib/utils/dec.c.gcda is included (trace)...
(DEBUG) --> File is excluded.
(DEBUG) Check if dec.c##16eef633895f3eb062c4f1421abb22a4.gcov is included (gcov file)...
(DEBUG)   Filter AlwaysMatchFilter() matched.
(DEBUG) --> File is included.
(DEBUG) Check if /home/cto/zephyrproject/zephyr-course/twister-out/dec.c##16eef633895f3eb062c4f1421abb22a4.gcov is included (trace)...
(DEBUG)   No filter matched.
(DEBUG) --> File is excluded.
(DEBUG) Finding source file corresponding to a gcov data file
  gcov_fname   /home/cto/zephyrproject/zephyr-course/twister-out/dec.c##16eef633895f3eb062c4f1421abb22a4.gcov
  current_dir  /home/cto/zephyrproject/zephyr-course/twister-out
  root         /home/cto/zephyrproject/zephyr-course/app/modules/ring_buf
  starting_dir /home/cto/zephyrproject/zephyr-course
  obj_dir      /home/cto/zephyrproject/zephyr-course/twister-out
  gcda_fname   native_sim_native/host_gnu/zephyr-course/tests/ring_buf/homework.unit.ring_buf/zephyr/CMakeFiles/zephyr.dir/lib/utils/dec.c.gcda
  --> fname    /home/cto/zephyrproject/zephyr/lib/utils/dec.c
(DEBUG) Check if /home/cto/zephyrproject/zephyr/lib/utils/dec.c is included (source file)...
(DEBUG)   No filter matched.
(DEBUG) --> File is excluded.
(DEBUG) Check if /home/cto/zephyrproject/zephyr-course/twister-out/native_sim_native/host_gnu/zephyr-course/tests/ring_buf/homework.unit.ring_buf/zephyr/CMakeFiles/zephyr.dir/lib/utils/getopt/getopt.c.gcda is included (trace)...
(DEBUG)   No filter matched.
(DEBUG) --> File is excluded.
(DEBUG) Check if /home/cto/zephyrproject/zephyr-course/twister-out/native_sim_native/host_gnu/zephyr-course/tests/ring_buf/homework.unit.ring_buf/zephyr/CMakeFiles/zephyr.dir/lib/utils/getopt/getopt.c.gcda is included (trace)...
(DEBUG) --> File is excluded.
(DEBUG) Check if getopt.c##506045087e6a2b6f2757c276884608ba.gcov is included (gcov file)...
(DEBUG)   Filter AlwaysMatchFilter() matched.
(DEBUG) --> File is included.
(DEBUG) Check if log_msg.h##59cc7ac9dd0b18efa24d51419b863a43.gcov is included (gcov file)...
(DEBUG) --> File is included.
(DEBUG) Check if /home/cto/zephyrproject/zephyr-course/twister-out/getopt.c##506045087e6a2b6f2757c276884608ba.gcov is included (trace)...
(DEBUG)   No filter matched.
(DEBUG) --> File is excluded.
(DEBUG) Finding source file corresponding to a gcov data file
  gcov_fname   /home/cto/zephyrproject/zephyr-course/twister-out/getopt.c##506045087e6a2b6f2757c276884608ba.gcov
  current_dir  /home/cto/zephyrproject/zephyr-course/twister-out
  root         /home/cto/zephyrproject/zephyr-course/app/modules/ring_buf
  starting_dir /home/cto/zephyrproject/zephyr-course
  obj_dir      /home/cto/zephyrproject/zephyr-course/twister-out
  gcda_fname   native_sim_native/host_gnu/zephyr-course/tests/ring_buf/homework.unit.ring_buf/zephyr/CMakeFiles/zephyr.dir/lib/utils/getopt/getopt.c.gcda
  --> fname    /home/cto/zephyrproject/zephyr/lib/utils/getopt/getopt.c
(DEBUG) Check if /home/cto/zephyrproject/zephyr/lib/utils/getopt/getopt.c is included (source file)...
(DEBUG)   No filter matched.
(DEBUG) --> File is excluded.
(DEBUG) Check if /home/cto/zephyrproject/zephyr-course/twister-out/log_msg.h##59cc7ac9dd0b18efa24d51419b863a43.gcov is included (trace)...
(DEBUG) --> File is excluded.
(DEBUG) Finding source file corresponding to a gcov data file
  gcov_fname   /home/cto/zephyrproject/zephyr-course/twister-out/log_msg.h##59cc7ac9dd0b18efa24d51419b863a43.gcov
  current_dir  /home/cto/zephyrproject/zephyr-course/twister-out
  root         /home/cto/zephyrproject/zephyr-course/app/modules/ring_buf
  starting_dir /home/cto/zephyrproject/zephyr-course
  obj_dir      /home/cto/zephyrproject/zephyr-course/twister-out
  gcda_fname   native_sim_native/host_gnu/zephyr-course/tests/ring_buf/homework.unit.ring_buf/zephyr/CMakeFiles/zephyr.dir/lib/utils/getopt/getopt.c.gcda
  --> fname    /home/cto/zephyrproject/zephyr/include/zephyr/logging/log_msg.h
(DEBUG) Check if /home/cto/zephyrproject/zephyr/include/zephyr/logging/log_msg.h is included (source file)...
(DEBUG) --> File is excluded.
(DEBUG) Check if /home/cto/zephyrproject/zephyr-course/twister-out/native_sim_native/host_gnu/zephyr-course/tests/ring_buf/homework.unit.ring_buf/zephyr/CMakeFiles/zephyr.dir/lib/utils/getopt/getopt_common.c.gcda is included (trace)...
(DEBUG)   No filter matched.
(DEBUG) --> File is excluded.
(DEBUG) Check if /home/cto/zephyrproject/zephyr-course/twister-out/native_sim_native/host_gnu/zephyr-course/tests/ring_buf/homework.unit.ring_buf/zephyr/CMakeFiles/zephyr.dir/lib/utils/getopt/getopt_common.c.gcda is included (trace)...
(DEBUG) --> File is excluded.
(DEBUG) Check if getopt_common.c##65603f2ad6f502dbc05a3c7b522ff3ea.gcov is included (gcov file)...
(DEBUG)   Filter AlwaysMatchFilter() matched.
(DEBUG) --> File is included.
(DEBUG) Check if /home/cto/zephyrproject/zephyr-course/twister-out/getopt_common.c##65603f2ad6f502dbc05a3c7b522ff3ea.gcov is included (trace)...
(DEBUG)   No filter matched.
(DEBUG) --> File is excluded.
(DEBUG) Finding source file corresponding to a gcov data file
  gcov_fname   /home/cto/zephyrproject/zephyr-course/twister-out/getopt_common.c##65603f2ad6f502dbc05a3c7b522ff3ea.gcov
  current_dir  /home/cto/zephyrproject/zephyr-course/twister-out
  root         /home/cto/zephyrproject/zephyr-course/app/modules/ring_buf
  starting_dir /home/cto/zephyrproject/zephyr-course
  obj_dir      /home/cto/zephyrproject/zephyr-course/twister-out
  gcda_fname   native_sim_native/host_gnu/zephyr-course/tests/ring_buf/homework.unit.ring_buf/zephyr/CMakeFiles/zephyr.dir/lib/utils/getopt/getopt_common.c.gcda
  --> fname    /home/cto/zephyrproject/zephyr/lib/utils/getopt/getopt_common.c
(DEBUG) Check if /home/cto/zephyrproject/zephyr/lib/utils/getopt/getopt_common.c is included (source file)...
(DEBUG)   No filter matched.
(DEBUG) --> File is excluded.
(DEBUG) Check if /home/cto/zephyrproject/zephyr-course/twister-out/native_sim_native/host_gnu/zephyr-course/tests/ring_buf/homework.unit.ring_buf/zephyr/CMakeFiles/zephyr.dir/lib/utils/hex.c.gcda is included (trace)...
(DEBUG)   No filter matched.
(DEBUG) --> File is excluded.
(DEBUG) Check if /home/cto/zephyrproject/zephyr-course/twister-out/native_sim_native/host_gnu/zephyr-course/tests/ring_buf/homework.unit.ring_buf/zephyr/CMakeFiles/zephyr.dir/lib/utils/hex.c.gcda is included (trace)...
(DEBUG) --> File is excluded.
(DEBUG) Check if hex.c##b81683e159a8d459f971bace0d6f580f.gcov is included (gcov file)...
(DEBUG)   Filter AlwaysMatchFilter() matched.
(DEBUG) --> File is included.
(DEBUG) Check if /home/cto/zephyrproject/zephyr-course/twister-out/hex.c##b81683e159a8d459f971bace0d6f580f.gcov is included (trace)...
(DEBUG)   No filter matched.
(DEBUG) --> File is excluded.
(DEBUG) Finding source file corresponding to a gcov data file
  gcov_fname   /home/cto/zephyrproject/zephyr-course/twister-out/hex.c##b81683e159a8d459f971bace0d6f580f.gcov
  current_dir  /home/cto/zephyrproject/zephyr-course/twister-out
  root         /home/cto/zephyrproject/zephyr-course/app/modules/ring_buf
  starting_dir /home/cto/zephyrproject/zephyr-course
  obj_dir      /home/cto/zephyrproject/zephyr-course/twister-out
  gcda_fname   native_sim_native/host_gnu/zephyr-course/tests/ring_buf/homework.unit.ring_buf/zephyr/CMakeFiles/zephyr.dir/lib/utils/hex.c.gcda
  --> fname    /home/cto/zephyrproject/zephyr/lib/utils/hex.c
(DEBUG) Check if /home/cto/zephyrproject/zephyr/lib/utils/hex.c is included (source file)...
(DEBUG)   No filter matched.
(DEBUG) --> File is excluded.
(DEBUG) Check if /home/cto/zephyrproject/zephyr-course/twister-out/native_sim_native/host_gnu/zephyr-course/tests/ring_buf/homework.unit.ring_buf/zephyr/CMakeFiles/zephyr.dir/lib/utils/rb.c.gcda is included (trace)...
(DEBUG)   No filter matched.
(DEBUG) --> File is excluded.
(DEBUG) Check if /home/cto/zephyrproject/zephyr-course/twister-out/native_sim_native/host_gnu/zephyr-course/tests/ring_buf/homework.unit.ring_buf/zephyr/CMakeFiles/zephyr.dir/lib/utils/rb.c.gcda is included (trace)...
(DEBUG) --> File is excluded.
(DEBUG) Check if rb.c##9060f36a2a8d3d8bbecfa12000f1de3a.gcov is included (gcov file)...
(DEBUG)   Filter AlwaysMatchFilter() matched.
(DEBUG) --> File is included.
(DEBUG) Check if /home/cto/zephyrproject/zephyr-course/twister-out/rb.c##9060f36a2a8d3d8bbecfa12000f1de3a.gcov is included (trace)...
(DEBUG)   No filter matched.
(DEBUG) --> File is excluded.
(DEBUG) Finding source file corresponding to a gcov data file
  gcov_fname   /home/cto/zephyrproject/zephyr-course/twister-out/rb.c##9060f36a2a8d3d8bbecfa12000f1de3a.gcov
  current_dir  /home/cto/zephyrproject/zephyr-course/twister-out
  root         /home/cto/zephyrproject/zephyr-course/app/modules/ring_buf
  starting_dir /home/cto/zephyrproject/zephyr-course
  obj_dir      /home/cto/zephyrproject/zephyr-course/twister-out
  gcda_fname   native_sim_native/host_gnu/zephyr-course/tests/ring_buf/homework.unit.ring_buf/zephyr/CMakeFiles/zephyr.dir/lib/utils/rb.c.gcda
  --> fname    /home/cto/zephyrproject/zephyr/lib/utils/rb.c
(DEBUG) Check if /home/cto/zephyrproject/zephyr/lib/utils/rb.c is included (source file)...
(DEBUG)   No filter matched.
(DEBUG) --> File is excluded.
(DEBUG) Check if /home/cto/zephyrproject/zephyr-course/twister-out/native_sim_native/host_gnu/zephyr-course/tests/ring_buf/homework.unit.ring_buf/zephyr/CMakeFiles/zephyr.dir/lib/utils/ring_buffer.c.gcda is included (trace)...
(DEBUG)   No filter matched.
(DEBUG) --> File is excluded.
(DEBUG) Check if /home/cto/zephyrproject/zephyr-course/twister-out/native_sim_native/host_gnu/zephyr-course/tests/ring_buf/homework.unit.ring_buf/zephyr/CMakeFiles/zephyr.dir/lib/utils/ring_buffer.c.gcda is included (trace)...
(DEBUG) --> File is excluded.
(DEBUG) Check if ring_buffer.c##aa2af12197fbad2544ff147a2cfcd7b2.gcov is included (gcov file)...
(DEBUG)   Filter AlwaysMatchFilter() matched.
(DEBUG) --> File is included.
(DEBUG) Check if ring_buffer.h##e79b1229ca2ab1ad45e7f7d14437a407.gcov is included (gcov file)...
(DEBUG)   Filter AlwaysMatchFilter() matched.
(DEBUG) --> File is included.
(DEBUG) Check if /home/cto/zephyrproject/zephyr-course/twister-out/ring_buffer.h##e79b1229ca2ab1ad45e7f7d14437a407.gcov is included (trace)...
(DEBUG)   No filter matched.
(DEBUG) --> File is excluded.
(DEBUG) Finding source file corresponding to a gcov data file
  gcov_fname   /home/cto/zephyrproject/zephyr-course/twister-out/ring_buffer.h##e79b1229ca2ab1ad45e7f7d14437a407.gcov
  current_dir  /home/cto/zephyrproject/zephyr-course/twister-out
  root         /home/cto/zephyrproject/zephyr-course/app/modules/ring_buf
  starting_dir /home/cto/zephyrproject/zephyr-course
  obj_dir      /home/cto/zephyrproject/zephyr-course/twister-out
  gcda_fname   native_sim_native/host_gnu/zephyr-course/tests/ring_buf/homework.unit.ring_buf/zephyr/CMakeFiles/zephyr.dir/lib/utils/ring_buffer.c.gcda
  --> fname    /home/cto/zephyrproject/zephyr/include/zephyr/sys/ring_buffer.h
(DEBUG) Check if /home/cto/zephyrproject/zephyr/include/zephyr/sys/ring_buffer.h is included (source file)...
(DEBUG)   No filter matched.
(DEBUG) --> File is excluded.
(DEBUG) Check if /home/cto/zephyrproject/zephyr-course/twister-out/ring_buffer.c##aa2af12197fbad2544ff147a2cfcd7b2.gcov is included (trace)...
(DEBUG)   No filter matched.
(DEBUG) --> File is excluded.
(DEBUG) Finding source file corresponding to a gcov data file
  gcov_fname   /home/cto/zephyrproject/zephyr-course/twister-out/ring_buffer.c##aa2af12197fbad2544ff147a2cfcd7b2.gcov
  current_dir  /home/cto/zephyrproject/zephyr-course/twister-out
  root         /home/cto/zephyrproject/zephyr-course/app/modules/ring_buf
  starting_dir /home/cto/zephyrproject/zephyr-course
  obj_dir      /home/cto/zephyrproject/zephyr-course/twister-out
  gcda_fname   native_sim_native/host_gnu/zephyr-course/tests/ring_buf/homework.unit.ring_buf/zephyr/CMakeFiles/zephyr.dir/lib/utils/ring_buffer.c.gcda
  --> fname    /home/cto/zephyrproject/zephyr/lib/utils/ring_buffer.c
(DEBUG) Check if /home/cto/zephyrproject/zephyr/lib/utils/ring_buffer.c is included (source file)...
(DEBUG)   No filter matched.
(DEBUG) --> File is excluded.
(DEBUG) Check if /home/cto/zephyrproject/zephyr-course/twister-out/native_sim_native/host_gnu/zephyr-course/tests/ring_buf/homework.unit.ring_buf/zephyr/CMakeFiles/zephyr.dir/lib/utils/set.c.gcda is included (trace)...
(DEBUG)   No filter matched.
(DEBUG) --> File is excluded.
(DEBUG) Check if /home/cto/zephyrproject/zephyr-course/twister-out/native_sim_native/host_gnu/zephyr-course/tests/ring_buf/homework.unit.ring_buf/zephyr/CMakeFiles/zephyr.dir/lib/utils/set.c.gcda is included (trace)...
(DEBUG) --> File is excluded.
(DEBUG) Check if set.c##9549085fcfc12cd49cc48f9bfec4f066.gcov is included (gcov file)...
(DEBUG)   Filter AlwaysMatchFilter() matched.
(DEBUG) --> File is included.
(DEBUG) Check if /home/cto/zephyrproject/zephyr-course/twister-out/set.c##9549085fcfc12cd49cc48f9bfec4f066.gcov is included (trace)...
(DEBUG)   No filter matched.
(DEBUG) --> File is excluded.
(DEBUG) Finding source file corresponding to a gcov data file
  gcov_fname   /home/cto/zephyrproject/zephyr-course/twister-out/set.c##9549085fcfc12cd49cc48f9bfec4f066.gcov
  current_dir  /home/cto/zephyrproject/zephyr-course/twister-out
  root         /home/cto/zephyrproject/zephyr-course/app/modules/ring_buf
  starting_dir /home/cto/zephyrproject/zephyr-course
  obj_dir      /home/cto/zephyrproject/zephyr-course/twister-out
  gcda_fname   native_sim_native/host_gnu/zephyr-course/tests/ring_buf/homework.unit.ring_buf/zephyr/CMakeFiles/zephyr.dir/lib/utils/set.c.gcda
  --> fname    /home/cto/zephyrproject/zephyr/lib/utils/set.c
(DEBUG) Check if /home/cto/zephyrproject/zephyr/lib/utils/set.c is included (source file)...
(DEBUG)   No filter matched.
(DEBUG) --> File is excluded.
(DEBUG) Check if /home/cto/zephyrproject/zephyr-course/twister-out/native_sim_native/host_gnu/zephyr-course/tests/ring_buf/homework.unit.ring_buf/zephyr/CMakeFiles/zephyr.dir/lib/utils/timeutil.c.gcda is included (trace)...
(DEBUG)   No filter matched.
(DEBUG) --> File is excluded.
(DEBUG) Check if /home/cto/zephyrproject/zephyr-course/twister-out/native_sim_native/host_gnu/zephyr-course/tests/ring_buf/homework.unit.ring_buf/zephyr/CMakeFiles/zephyr.dir/lib/utils/timeutil.c.gcda is included (trace)...
(DEBUG) --> File is excluded.
(DEBUG) Check if timeutil.c##cfb1027b8c09ca357984ca7c32e6426c.gcov is included (gcov file)...
(DEBUG)   Filter AlwaysMatchFilter() matched.
(DEBUG) --> File is included.
(DEBUG) Check if timeutil.h##c4a1c79a693a48aa5e4778148fedfdef.gcov is included (gcov file)...
(DEBUG) --> File is included.
(DEBUG) Check if /home/cto/zephyrproject/zephyr-course/twister-out/timeutil.c##cfb1027b8c09ca357984ca7c32e6426c.gcov is included (trace)...
(DEBUG)   No filter matched.
(DEBUG) --> File is excluded.
(DEBUG) Finding source file corresponding to a gcov data file
  gcov_fname   /home/cto/zephyrproject/zephyr-course/twister-out/timeutil.c##cfb1027b8c09ca357984ca7c32e6426c.gcov
  current_dir  /home/cto/zephyrproject/zephyr-course/twister-out
  root         /home/cto/zephyrproject/zephyr-course/app/modules/ring_buf
  starting_dir /home/cto/zephyrproject/zephyr-course
  obj_dir      /home/cto/zephyrproject/zephyr-course/twister-out
  gcda_fname   native_sim_native/host_gnu/zephyr-course/tests/ring_buf/homework.unit.ring_buf/zephyr/CMakeFiles/zephyr.dir/lib/utils/timeutil.c.gcda
  --> fname    /home/cto/zephyrproject/zephyr/lib/utils/timeutil.c
(DEBUG) Check if /home/cto/zephyrproject/zephyr/lib/utils/timeutil.c is included (source file)...
(DEBUG)   No filter matched.
(DEBUG) --> File is excluded.
(DEBUG) Check if /home/cto/zephyrproject/zephyr-course/twister-out/timeutil.h##c4a1c79a693a48aa5e4778148fedfdef.gcov is included (trace)...
(DEBUG) --> File is excluded.
(DEBUG) Finding source file corresponding to a gcov data file
  gcov_fname   /home/cto/zephyrproject/zephyr-course/twister-out/timeutil.h##c4a1c79a693a48aa5e4778148fedfdef.gcov
  current_dir  /home/cto/zephyrproject/zephyr-course/twister-out
  root         /home/cto/zephyrproject/zephyr-course/app/modules/ring_buf
  starting_dir /home/cto/zephyrproject/zephyr-course
  obj_dir      /home/cto/zephyrproject/zephyr-course/twister-out
  gcda_fname   native_sim_native/host_gnu/zephyr-course/tests/ring_buf/homework.unit.ring_buf/zephyr/CMakeFiles/zephyr.dir/lib/utils/timeutil.c.gcda
  --> fname    /home/cto/zephyrproject/zephyr/include/zephyr/sys/timeutil.h
(DEBUG) Check if /home/cto/zephyrproject/zephyr/include/zephyr/sys/timeutil.h is included (source file)...
(DEBUG) --> File is excluded.
(DEBUG) Check if /home/cto/zephyrproject/zephyr-course/twister-out/native_sim_native/host_gnu/zephyr-course/tests/ring_buf/homework.unit.ring_buf/zephyr/CMakeFiles/zephyr.dir/misc/generated/configs.c.gcda is included (trace)...
(DEBUG)   No filter matched.
(DEBUG) --> File is excluded.
(DEBUG) Check if /home/cto/zephyrproject/zephyr-course/twister-out/native_sim_native/host_gnu/zephyr-course/tests/ring_buf/homework.unit.ring_buf/zephyr/CMakeFiles/zephyr.dir/misc/generated/configs.c.gcda is included (trace)...
(DEBUG) --> File is excluded.
(DEBUG) Check if configs.c##041bf06c40d285e6e80c092a2d0018cc.gcov is included (gcov file)...
(DEBUG)   Filter AlwaysMatchFilter() matched.
(DEBUG) --> File is included.
(DEBUG) Check if /home/cto/zephyrproject/zephyr-course/twister-out/configs.c##041bf06c40d285e6e80c092a2d0018cc.gcov is included (trace)...
(DEBUG)   No filter matched.
(DEBUG) --> File is excluded.
(DEBUG) Finding source file corresponding to a gcov data file
  gcov_fname   /home/cto/zephyrproject/zephyr-course/twister-out/configs.c##041bf06c40d285e6e80c092a2d0018cc.gcov
  current_dir  /home/cto/zephyrproject/zephyr-course/twister-out
  root         /home/cto/zephyrproject/zephyr-course/app/modules/ring_buf
  starting_dir /home/cto/zephyrproject/zephyr-course
  obj_dir      /home/cto/zephyrproject/zephyr-course/twister-out
  gcda_fname   native_sim_native/host_gnu/zephyr-course/tests/ring_buf/homework.unit.ring_buf/zephyr/CMakeFiles/zephyr.dir/misc/generated/configs.c.gcda
  --> fname    /home/cto/zephyrproject/zephyr-course/twister-out/native_sim_native/host_gnu/zephyr-course/tests/ring_buf/homework.unit.ring_buf/zephyr/misc/generated/configs.c
(DEBUG) Check if /home/cto/zephyrproject/zephyr-course/twister-out/native_sim_native/host_gnu/zephyr-course/tests/ring_buf/homework.unit.ring_buf/zephyr/misc/generated/configs.c is included (source file)...
(DEBUG)   No filter matched.
(DEBUG) --> File is excluded.
(DEBUG) Check if /home/cto/zephyrproject/zephyr-course/twister-out/native_sim_native/host_gnu/zephyr-course/tests/ring_buf/homework.unit.ring_buf/zephyr/CMakeFiles/zephyr.dir/subsys/logging/backends/log_backend_native_posix.c.gcda is included (trace)...
(DEBUG)   No filter matched.
(DEBUG) --> File is excluded.
(DEBUG) Check if /home/cto/zephyrproject/zephyr-course/twister-out/native_sim_native/host_gnu/zephyr-course/tests/ring_buf/homework.unit.ring_buf/zephyr/CMakeFiles/zephyr.dir/subsys/logging/backends/log_backend_native_posix.c.gcda is included (trace)...
(DEBUG) --> File is excluded.
(DEBUG) Check if log_backend_native_posix.c##408346d87aff5ca879d0d5749cc1c65e.gcov is included (gcov file)...
(DEBUG)   Filter AlwaysMatchFilter() matched.
(DEBUG) --> File is included.
(DEBUG) Check if log_backend_std.h##aff1c48bafdbf60c4620a21f4d63fbc4.gcov is included (gcov file)...
(DEBUG)   Filter AlwaysMatchFilter() matched.
(DEBUG) --> File is included.
(DEBUG) Check if log_output.h##2247199f205655c774a22efedee2ed0b.gcov is included (gcov file)...
(DEBUG)   Filter AlwaysMatchFilter() matched.
(DEBUG) --> File is included.
(DEBUG) Check if /home/cto/zephyrproject/zephyr-course/twister-out/log_output.h##2247199f205655c774a22efedee2ed0b.gcov is included (trace)...
(DEBUG)   No filter matched.
(DEBUG) --> File is excluded.
(DEBUG) Finding source file corresponding to a gcov data file
  gcov_fname   /home/cto/zephyrproject/zephyr-course/twister-out/log_output.h##2247199f205655c774a22efedee2ed0b.gcov
  current_dir  /home/cto/zephyrproject/zephyr-course/twister-out
  root         /home/cto/zephyrproject/zephyr-course/app/modules/ring_buf
  starting_dir /home/cto/zephyrproject/zephyr-course
  obj_dir      /home/cto/zephyrproject/zephyr-course/twister-out
  gcda_fname   native_sim_native/host_gnu/zephyr-course/tests/ring_buf/homework.unit.ring_buf/zephyr/CMakeFiles/zephyr.dir/subsys/logging/backends/log_backend_native_posix.c.gcda
  --> fname    /home/cto/zephyrproject/zephyr/include/zephyr/logging/log_output.h
(DEBUG) Check if /home/cto/zephyrproject/zephyr/include/zephyr/logging/log_output.h is included (source file)...
(DEBUG)   No filter matched.
(DEBUG) --> File is excluded.
(DEBUG) Check if /home/cto/zephyrproject/zephyr-course/twister-out/log_backend_std.h##aff1c48bafdbf60c4620a21f4d63fbc4.gcov is included (trace)...
(DEBUG)   No filter matched.
(DEBUG) --> File is excluded.
(DEBUG) Finding source file corresponding to a gcov data file
  gcov_fname   /home/cto/zephyrproject/zephyr-course/twister-out/log_backend_std.h##aff1c48bafdbf60c4620a21f4d63fbc4.gcov
  current_dir  /home/cto/zephyrproject/zephyr-course/twister-out
  root         /home/cto/zephyrproject/zephyr-course/app/modules/ring_buf
  starting_dir /home/cto/zephyrproject/zephyr-course
  obj_dir      /home/cto/zephyrproject/zephyr-course/twister-out
  gcda_fname   native_sim_native/host_gnu/zephyr-course/tests/ring_buf/homework.unit.ring_buf/zephyr/CMakeFiles/zephyr.dir/subsys/logging/backends/log_backend_native_posix.c.gcda
  --> fname    /home/cto/zephyrproject/zephyr/include/zephyr/logging/log_backend_std.h
(DEBUG) Check if /home/cto/zephyrproject/zephyr/include/zephyr/logging/log_backend_std.h is included (source file)...
(DEBUG)   No filter matched.
(DEBUG) --> File is excluded.
(DEBUG) Check if /home/cto/zephyrproject/zephyr-course/twister-out/log_backend_native_posix.c##408346d87aff5ca879d0d5749cc1c65e.gcov is included (trace)...
(DEBUG)   No filter matched.
(DEBUG) --> File is excluded.
(DEBUG) Finding source file corresponding to a gcov data file
  gcov_fname   /home/cto/zephyrproject/zephyr-course/twister-out/log_backend_native_posix.c##408346d87aff5ca879d0d5749cc1c65e.gcov
  current_dir  /home/cto/zephyrproject/zephyr-course/twister-out
  root         /home/cto/zephyrproject/zephyr-course/app/modules/ring_buf
  starting_dir /home/cto/zephyrproject/zephyr-course
  obj_dir      /home/cto/zephyrproject/zephyr-course/twister-out
  gcda_fname   native_sim_native/host_gnu/zephyr-course/tests/ring_buf/homework.unit.ring_buf/zephyr/CMakeFiles/zephyr.dir/subsys/logging/backends/log_backend_native_posix.c.gcda
  --> fname    /home/cto/zephyrproject/zephyr/subsys/logging/backends/log_backend_native_posix.c
(DEBUG) Check if /home/cto/zephyrproject/zephyr/subsys/logging/backends/log_backend_native_posix.c is included (source file)...
(DEBUG)   No filter matched.
(DEBUG) --> File is excluded.
(DEBUG) Check if /home/cto/zephyrproject/zephyr-course/twister-out/native_sim_native/host_gnu/zephyr-course/tests/ring_buf/homework.unit.ring_buf/zephyr/CMakeFiles/zephyr.dir/subsys/logging/log_cache.c.gcda is included (trace)...
(DEBUG)   No filter matched.
(DEBUG) --> File is excluded.
(DEBUG) Check if /home/cto/zephyrproject/zephyr-course/twister-out/native_sim_native/host_gnu/zephyr-course/tests/ring_buf/homework.unit.ring_buf/zephyr/CMakeFiles/zephyr.dir/subsys/logging/log_cache.c.gcda is included (trace)...
(DEBUG) --> File is excluded.
(DEBUG) Check if log_cache.c##53ce3118a3a5fa5eb41c8f3bb67c5ecc.gcov is included (gcov file)...
(DEBUG)   Filter AlwaysMatchFilter() matched.
(DEBUG) --> File is included.
(DEBUG) Check if slist.h##7b95aa3c0698bfea51ac3ed14efb4063.gcov is included (gcov file)...
(DEBUG)   Filter AlwaysMatchFilter() matched.
(DEBUG) --> File is included.
(DEBUG) Check if /home/cto/zephyrproject/zephyr-course/twister-out/log_cache.c##53ce3118a3a5fa5eb41c8f3bb67c5ecc.gcov is included (trace)...
(DEBUG)   No filter matched.
(DEBUG) --> File is excluded.
(DEBUG) Finding source file corresponding to a gcov data file
  gcov_fname   /home/cto/zephyrproject/zephyr-course/twister-out/log_cache.c##53ce3118a3a5fa5eb41c8f3bb67c5ecc.gcov
  current_dir  /home/cto/zephyrproject/zephyr-course/twister-out
  root         /home/cto/zephyrproject/zephyr-course/app/modules/ring_buf
  starting_dir /home/cto/zephyrproject/zephyr-course
  obj_dir      /home/cto/zephyrproject/zephyr-course/twister-out
  gcda_fname   native_sim_native/host_gnu/zephyr-course/tests/ring_buf/homework.unit.ring_buf/zephyr/CMakeFiles/zephyr.dir/subsys/logging/log_cache.c.gcda
  --> fname    /home/cto/zephyrproject/zephyr/subsys/logging/log_cache.c
(DEBUG) Check if /home/cto/zephyrproject/zephyr/subsys/logging/log_cache.c is included (source file)...
(DEBUG)   No filter matched.
(DEBUG) --> File is excluded.
(DEBUG) Check if /home/cto/zephyrproject/zephyr-course/twister-out/slist.h##7b95aa3c0698bfea51ac3ed14efb4063.gcov is included (trace)...
(DEBUG)   No filter matched.
(DEBUG) --> File is excluded.
(DEBUG) Finding source file corresponding to a gcov data file
  gcov_fname   /home/cto/zephyrproject/zephyr-course/twister-out/slist.h##7b95aa3c0698bfea51ac3ed14efb4063.gcov
  current_dir  /home/cto/zephyrproject/zephyr-course/twister-out
  root         /home/cto/zephyrproject/zephyr-course/app/modules/ring_buf
  starting_dir /home/cto/zephyrproject/zephyr-course
  obj_dir      /home/cto/zephyrproject/zephyr-course/twister-out
  gcda_fname   native_sim_native/host_gnu/zephyr-course/tests/ring_buf/homework.unit.ring_buf/zephyr/CMakeFiles/zephyr.dir/subsys/logging/log_cache.c.gcda
  --> fname    /home/cto/zephyrproject/zephyr/include/zephyr/sys/slist.h
(DEBUG) Check if /home/cto/zephyrproject/zephyr/include/zephyr/sys/slist.h is included (source file)...
(DEBUG)   No filter matched.
(DEBUG) --> File is excluded.
(DEBUG) Check if /home/cto/zephyrproject/zephyr-course/twister-out/native_sim_native/host_gnu/zephyr-course/tests/ring_buf/homework.unit.ring_buf/zephyr/CMakeFiles/zephyr.dir/subsys/logging/log_core.c.gcda is included (trace)...
(DEBUG)   No filter matched.
(DEBUG) --> File is excluded.
(DEBUG) Check if /home/cto/zephyrproject/zephyr-course/twister-out/native_sim_native/host_gnu/zephyr-course/tests/ring_buf/homework.unit.ring_buf/zephyr/CMakeFiles/zephyr.dir/subsys/logging/log_core.c.gcda is included (trace)...
(DEBUG) --> File is excluded.
(DEBUG) Check if log_core.c##c1090d235405c47f31ea733d6f81cefe.gcov is included (gcov file)...
(DEBUG)   Filter AlwaysMatchFilter() matched.
(DEBUG) --> File is included.
(DEBUG) Check if log_ctrl.h##1808f1c718a8e219f354e30a1a0343ff.gcov is included (gcov file)...
(DEBUG)   Filter AlwaysMatchFilter() matched.
(DEBUG) --> File is included.
(DEBUG) Check if log_backend.h##92051b9b6e38249a042cedd69ce5c636.gcov is included (gcov file)...
(DEBUG)   Filter AlwaysMatchFilter() matched.
(DEBUG) --> File is included.
(DEBUG) Check if kernel.h##a43b07f35530a2575a8767c959abd1d5.gcov is included (gcov file)...
(DEBUG) --> File is included.
(DEBUG) Check if kernel.h##3d600634decb40355467717e98cbaefe.gcov is included (gcov file)...
(DEBUG) --> File is included.
(DEBUG) Check if spinlock.h##7a9625cd30eeacafc44455d74d611b1c.gcov is included (gcov file)...
(DEBUG) --> File is included.
(DEBUG) Check if log_msg.h##59cc7ac9dd0b18efa24d51419b863a43.gcov is included (gcov file)...
(DEBUG) --> File is included.
(DEBUG) Check if arch.h##cd3ec459a8a675a723e815b63d40d361.gcov is included (gcov file)...
(DEBUG) --> File is included.
(DEBUG) Check if syscall.h##6ebecfa30a736fd9ba1c825de8f2f8af.gcov is included (gcov file)...
(DEBUG) --> File is included.
(DEBUG) Check if atomic_builtin.h##1fae286bfb54ede46613738764e4514c.gcov is included (gcov file)...
(DEBUG)   Filter AlwaysMatchFilter() matched.
(DEBUG) --> File is included.
(DEBUG) Check if /home/cto/zephyrproject/zephyr-course/twister-out/log_core.c##c1090d235405c47f31ea733d6f81cefe.gcov is included (trace)...
(DEBUG)   No filter matched.
(DEBUG) --> File is excluded.
(DEBUG) Finding source file corresponding to a gcov data file
  gcov_fname   /home/cto/zephyrproject/zephyr-course/twister-out/log_core.c##c1090d235405c47f31ea733d6f81cefe.gcov
  current_dir  /home/cto/zephyrproject/zephyr-course/twister-out
  root         /home/cto/zephyrproject/zephyr-course/app/modules/ring_buf
  starting_dir /home/cto/zephyrproject/zephyr-course
  obj_dir      /home/cto/zephyrproject/zephyr-course/twister-out
  gcda_fname   native_sim_native/host_gnu/zephyr-course/tests/ring_buf/homework.unit.ring_buf/zephyr/CMakeFiles/zephyr.dir/subsys/logging/log_core.c.gcda
  --> fname    /home/cto/zephyrproject/zephyr/subsys/logging/log_core.c
(DEBUG) Check if /home/cto/zephyrproject/zephyr/subsys/logging/log_core.c is included (source file)...
(DEBUG)   No filter matched.
(DEBUG) --> File is excluded.
(DEBUG) Check if /home/cto/zephyrproject/zephyr-course/twister-out/log_backend.h##92051b9b6e38249a042cedd69ce5c636.gcov is included (trace)...
(DEBUG)   No filter matched.
(DEBUG) --> File is excluded.
(DEBUG) Finding source file corresponding to a gcov data file
  gcov_fname   /home/cto/zephyrproject/zephyr-course/twister-out/log_backend.h##92051b9b6e38249a042cedd69ce5c636.gcov
  current_dir  /home/cto/zephyrproject/zephyr-course/twister-out
  root         /home/cto/zephyrproject/zephyr-course/app/modules/ring_buf
  starting_dir /home/cto/zephyrproject/zephyr-course
  obj_dir      /home/cto/zephyrproject/zephyr-course/twister-out
  gcda_fname   native_sim_native/host_gnu/zephyr-course/tests/ring_buf/homework.unit.ring_buf/zephyr/CMakeFiles/zephyr.dir/subsys/logging/log_core.c.gcda
  --> fname    /home/cto/zephyrproject/zephyr/include/zephyr/logging/log_backend.h
(DEBUG) Check if /home/cto/zephyrproject/zephyr/include/zephyr/logging/log_backend.h is included (source file)...
(DEBUG)   No filter matched.
(DEBUG) --> File is excluded.
(DEBUG) Check if /home/cto/zephyrproject/zephyr-course/twister-out/kernel.h##a43b07f35530a2575a8767c959abd1d5.gcov is included (trace)...
(DEBUG) --> File is excluded.
(DEBUG) Finding source file corresponding to a gcov data file
  gcov_fname   /home/cto/zephyrproject/zephyr-course/twister-out/kernel.h##a43b07f35530a2575a8767c959abd1d5.gcov
  current_dir  /home/cto/zephyrproject/zephyr-course/twister-out
  root         /home/cto/zephyrproject/zephyr-course/app/modules/ring_buf
  starting_dir /home/cto/zephyrproject/zephyr-course
  obj_dir      /home/cto/zephyrproject/zephyr-course/twister-out
  gcda_fname   native_sim_native/host_gnu/zephyr-course/tests/ring_buf/homework.unit.ring_buf/zephyr/CMakeFiles/zephyr.dir/subsys/logging/log_core.c.gcda
  --> fname    /home/cto/zephyrproject/zephyr-course/twister-out/native_sim_native/host_gnu/zephyr-course/tests/ring_buf/homework.unit.ring_buf/zephyr/include/generated/zephyr/syscalls/kernel.h
(DEBUG) Check if /home/cto/zephyrproject/zephyr-course/twister-out/native_sim_native/host_gnu/zephyr-course/tests/ring_buf/homework.unit.ring_buf/zephyr/include/generated/zephyr/syscalls/kernel.h is included (source file)...
(DEBUG) --> File is excluded.
(DEBUG) Check if /home/cto/zephyrproject/zephyr-course/twister-out/syscall.h##6ebecfa30a736fd9ba1c825de8f2f8af.gcov is included (trace)...
(DEBUG) --> File is excluded.
(DEBUG) Finding source file corresponding to a gcov data file
  gcov_fname   /home/cto/zephyrproject/zephyr-course/twister-out/syscall.h##6ebecfa30a736fd9ba1c825de8f2f8af.gcov
  current_dir  /home/cto/zephyrproject/zephyr-course/twister-out
  root         /home/cto/zephyrproject/zephyr-course/app/modules/ring_buf
  starting_dir /home/cto/zephyrproject/zephyr-course
  obj_dir      /home/cto/zephyrproject/zephyr-course/twister-out
  gcda_fname   native_sim_native/host_gnu/zephyr-course/tests/ring_buf/homework.unit.ring_buf/zephyr/CMakeFiles/zephyr.dir/subsys/logging/log_core.c.gcda
  --> fname    /home/cto/zephyrproject/zephyr/include/zephyr/syscall.h
(DEBUG) Check if /home/cto/zephyrproject/zephyr/include/zephyr/syscall.h is included (source file)...
(DEBUG) --> File is excluded.
(DEBUG) Check if /home/cto/zephyrproject/zephyr-course/twister-out/atomic_builtin.h##1fae286bfb54ede46613738764e4514c.gcov is included (trace)...
(DEBUG)   No filter matched.
(DEBUG) --> File is excluded.
(DEBUG) Finding source file corresponding to a gcov data file
  gcov_fname   /home/cto/zephyrproject/zephyr-course/twister-out/atomic_builtin.h##1fae286bfb54ede46613738764e4514c.gcov
  current_dir  /home/cto/zephyrproject/zephyr-course/twister-out
  root         /home/cto/zephyrproject/zephyr-course/app/modules/ring_buf
  starting_dir /home/cto/zephyrproject/zephyr-course
  obj_dir      /home/cto/zephyrproject/zephyr-course/twister-out
  gcda_fname   native_sim_native/host_gnu/zephyr-course/tests/ring_buf/homework.unit.ring_buf/zephyr/CMakeFiles/zephyr.dir/subsys/logging/log_core.c.gcda
  --> fname    /home/cto/zephyrproject/zephyr/include/zephyr/sys/atomic_builtin.h
(DEBUG) Check if /home/cto/zephyrproject/zephyr/include/zephyr/sys/atomic_builtin.h is included (source file)...
(DEBUG)   No filter matched.
(DEBUG) --> File is excluded.
(DEBUG) Check if /home/cto/zephyrproject/zephyr-course/twister-out/spinlock.h##7a9625cd30eeacafc44455d74d611b1c.gcov is included (trace)...
(DEBUG) --> File is excluded.
(DEBUG) Finding source file corresponding to a gcov data file
  gcov_fname   /home/cto/zephyrproject/zephyr-course/twister-out/spinlock.h##7a9625cd30eeacafc44455d74d611b1c.gcov
  current_dir  /home/cto/zephyrproject/zephyr-course/twister-out
  root         /home/cto/zephyrproject/zephyr-course/app/modules/ring_buf
  starting_dir /home/cto/zephyrproject/zephyr-course
  obj_dir      /home/cto/zephyrproject/zephyr-course/twister-out
  gcda_fname   native_sim_native/host_gnu/zephyr-course/tests/ring_buf/homework.unit.ring_buf/zephyr/CMakeFiles/zephyr.dir/subsys/logging/log_core.c.gcda
  --> fname    /home/cto/zephyrproject/zephyr/include/zephyr/spinlock.h
(DEBUG) Check if /home/cto/zephyrproject/zephyr/include/zephyr/spinlock.h is included (source file)...
(DEBUG) --> File is excluded.
(DEBUG) Check if /home/cto/zephyrproject/zephyr-course/twister-out/arch.h##cd3ec459a8a675a723e815b63d40d361.gcov is included (trace)...
(DEBUG) --> File is excluded.
(DEBUG) Finding source file corresponding to a gcov data file
  gcov_fname   /home/cto/zephyrproject/zephyr-course/twister-out/arch.h##cd3ec459a8a675a723e815b63d40d361.gcov
  current_dir  /home/cto/zephyrproject/zephyr-course/twister-out
  root         /home/cto/zephyrproject/zephyr-course/app/modules/ring_buf
  starting_dir /home/cto/zephyrproject/zephyr-course
  obj_dir      /home/cto/zephyrproject/zephyr-course/twister-out
  gcda_fname   native_sim_native/host_gnu/zephyr-course/tests/ring_buf/homework.unit.ring_buf/zephyr/CMakeFiles/zephyr.dir/subsys/logging/log_core.c.gcda
  --> fname    /home/cto/zephyrproject/zephyr/include/zephyr/arch/posix/arch.h
(DEBUG) Check if /home/cto/zephyrproject/zephyr/include/zephyr/arch/posix/arch.h is included (source file)...
(DEBUG) --> File is excluded.
(DEBUG) Check if /home/cto/zephyrproject/zephyr-course/twister-out/log_ctrl.h##1808f1c718a8e219f354e30a1a0343ff.gcov is included (trace)...
(DEBUG)   No filter matched.
(DEBUG) --> File is excluded.
(DEBUG) Finding source file corresponding to a gcov data file
  gcov_fname   /home/cto/zephyrproject/zephyr-course/twister-out/log_ctrl.h##1808f1c718a8e219f354e30a1a0343ff.gcov
  current_dir  /home/cto/zephyrproject/zephyr-course/twister-out
  root         /home/cto/zephyrproject/zephyr-course/app/modules/ring_buf
  starting_dir /home/cto/zephyrproject/zephyr-course
  obj_dir      /home/cto/zephyrproject/zephyr-course/twister-out
  gcda_fname   native_sim_native/host_gnu/zephyr-course/tests/ring_buf/homework.unit.ring_buf/zephyr/CMakeFiles/zephyr.dir/subsys/logging/log_core.c.gcda
  --> fname    /home/cto/zephyrproject/zephyr-course/twister-out/native_sim_native/host_gnu/zephyr-course/tests/ring_buf/homework.unit.ring_buf/zephyr/include/generated/zephyr/syscalls/log_ctrl.h
(DEBUG) Check if /home/cto/zephyrproject/zephyr-course/twister-out/native_sim_native/host_gnu/zephyr-course/tests/ring_buf/homework.unit.ring_buf/zephyr/include/generated/zephyr/syscalls/log_ctrl.h is included (source file)...
(DEBUG)   No filter matched.
(DEBUG) --> File is excluded.
(DEBUG) Check if /home/cto/zephyrproject/zephyr-course/twister-out/log_msg.h##59cc7ac9dd0b18efa24d51419b863a43.gcov is included (trace)...
(DEBUG) --> File is excluded.
(DEBUG) Finding source file corresponding to a gcov data file
  gcov_fname   /home/cto/zephyrproject/zephyr-course/twister-out/log_msg.h##59cc7ac9dd0b18efa24d51419b863a43.gcov
  current_dir  /home/cto/zephyrproject/zephyr-course/twister-out
  root         /home/cto/zephyrproject/zephyr-course/app/modules/ring_buf
  starting_dir /home/cto/zephyrproject/zephyr-course
  obj_dir      /home/cto/zephyrproject/zephyr-course/twister-out
  gcda_fname   native_sim_native/host_gnu/zephyr-course/tests/ring_buf/homework.unit.ring_buf/zephyr/CMakeFiles/zephyr.dir/subsys/logging/log_core.c.gcda
  --> fname    /home/cto/zephyrproject/zephyr/include/zephyr/logging/log_msg.h
(DEBUG) Check if /home/cto/zephyrproject/zephyr/include/zephyr/logging/log_msg.h is included (source file)...
(DEBUG) --> File is excluded.
(DEBUG) Check if /home/cto/zephyrproject/zephyr-course/twister-out/kernel.h##3d600634decb40355467717e98cbaefe.gcov is included (trace)...
(DEBUG) --> File is excluded.
(DEBUG) Finding source file corresponding to a gcov data file
  gcov_fname   /home/cto/zephyrproject/zephyr-course/twister-out/kernel.h##3d600634decb40355467717e98cbaefe.gcov
  current_dir  /home/cto/zephyrproject/zephyr-course/twister-out
  root         /home/cto/zephyrproject/zephyr-course/app/modules/ring_buf
  starting_dir /home/cto/zephyrproject/zephyr-course
  obj_dir      /home/cto/zephyrproject/zephyr-course/twister-out
  gcda_fname   native_sim_native/host_gnu/zephyr-course/tests/ring_buf/homework.unit.ring_buf/zephyr/CMakeFiles/zephyr.dir/subsys/logging/log_core.c.gcda
  --> fname    /home/cto/zephyrproject/zephyr/include/zephyr/kernel.h
(DEBUG) Check if /home/cto/zephyrproject/zephyr/include/zephyr/kernel.h is included (source file)...
(DEBUG) --> File is excluded.
(DEBUG) Check if /home/cto/zephyrproject/zephyr-course/twister-out/native_sim_native/host_gnu/zephyr-course/tests/ring_buf/homework.unit.ring_buf/zephyr/CMakeFiles/zephyr.dir/subsys/logging/log_mgmt.c.gcda is included (trace)...
(DEBUG)   No filter matched.
(DEBUG) --> File is excluded.
(DEBUG) Check if /home/cto/zephyrproject/zephyr-course/twister-out/native_sim_native/host_gnu/zephyr-course/tests/ring_buf/homework.unit.ring_buf/zephyr/CMakeFiles/zephyr.dir/subsys/logging/log_mgmt.c.gcda is included (trace)...
(DEBUG) --> File is excluded.
(DEBUG) Check if log_mgmt.c##983017462f21696f9d425ba3b62764cc.gcov is included (gcov file)...
(DEBUG)   Filter AlwaysMatchFilter() matched.
(DEBUG) --> File is included.
(DEBUG) Check if log_link.h##a20bcd8110e13ba436ca40d49dca5061.gcov is included (gcov file)...
(DEBUG)   Filter AlwaysMatchFilter() matched.
(DEBUG) --> File is included.
(DEBUG) Check if log_ctrl.h##1808f1c718a8e219f354e30a1a0343ff.gcov is included (gcov file)...
(DEBUG) --> File is included.
(DEBUG) Check if log_backend.h##92051b9b6e38249a042cedd69ce5c636.gcov is included (gcov file)...
(DEBUG) --> File is included.
(DEBUG) Check if log_internal.h##ef52193f8327484dbf23beef90d7d20c.gcov is included (gcov file)...
(DEBUG)   Filter AlwaysMatchFilter() matched.
(DEBUG) --> File is included.
(DEBUG) Check if log_core.h##ebd65cbc8c0ed1162bf9fa5a201dc570.gcov is included (gcov file)...
(DEBUG)   Filter AlwaysMatchFilter() matched.
(DEBUG) --> File is included.
(DEBUG) Check if /home/cto/zephyrproject/zephyr-course/twister-out/log_link.h##a20bcd8110e13ba436ca40d49dca5061.gcov is included (trace)...
(DEBUG)   No filter matched.
(DEBUG) --> File is excluded.
(DEBUG) Finding source file corresponding to a gcov data file
  gcov_fname   /home/cto/zephyrproject/zephyr-course/twister-out/log_link.h##a20bcd8110e13ba436ca40d49dca5061.gcov
  current_dir  /home/cto/zephyrproject/zephyr-course/twister-out
  root         /home/cto/zephyrproject/zephyr-course/app/modules/ring_buf
  starting_dir /home/cto/zephyrproject/zephyr-course
  obj_dir      /home/cto/zephyrproject/zephyr-course/twister-out
  gcda_fname   native_sim_native/host_gnu/zephyr-course/tests/ring_buf/homework.unit.ring_buf/zephyr/CMakeFiles/zephyr.dir/subsys/logging/log_mgmt.c.gcda
  --> fname    /home/cto/zephyrproject/zephyr/include/zephyr/logging/log_link.h
(DEBUG) Check if /home/cto/zephyrproject/zephyr/include/zephyr/logging/log_link.h is included (source file)...
(DEBUG)   No filter matched.
(DEBUG) --> File is excluded.
(DEBUG) Check if /home/cto/zephyrproject/zephyr-course/twister-out/log_core.h##ebd65cbc8c0ed1162bf9fa5a201dc570.gcov is included (trace)...
(DEBUG)   No filter matched.
(DEBUG) --> File is excluded.
(DEBUG) Finding source file corresponding to a gcov data file
  gcov_fname   /home/cto/zephyrproject/zephyr-course/twister-out/log_core.h##ebd65cbc8c0ed1162bf9fa5a201dc570.gcov
  current_dir  /home/cto/zephyrproject/zephyr-course/twister-out
  root         /home/cto/zephyrproject/zephyr-course/app/modules/ring_buf
  starting_dir /home/cto/zephyrproject/zephyr-course
  obj_dir      /home/cto/zephyrproject/zephyr-course/twister-out
  gcda_fname   native_sim_native/host_gnu/zephyr-course/tests/ring_buf/homework.unit.ring_buf/zephyr/CMakeFiles/zephyr.dir/subsys/logging/log_mgmt.c.gcda
  --> fname    /home/cto/zephyrproject/zephyr/include/zephyr/logging/log_core.h
(DEBUG) Check if /home/cto/zephyrproject/zephyr/include/zephyr/logging/log_core.h is included (source file)...
(DEBUG)   No filter matched.
(DEBUG) --> File is excluded.
(DEBUG) Check if /home/cto/zephyrproject/zephyr-course/twister-out/log_backend.h##92051b9b6e38249a042cedd69ce5c636.gcov is included (trace)...
(DEBUG) --> File is excluded.
(DEBUG) Finding source file corresponding to a gcov data file
  gcov_fname   /home/cto/zephyrproject/zephyr-course/twister-out/log_backend.h##92051b9b6e38249a042cedd69ce5c636.gcov
  current_dir  /home/cto/zephyrproject/zephyr-course/twister-out
  root         /home/cto/zephyrproject/zephyr-course/app/modules/ring_buf
  starting_dir /home/cto/zephyrproject/zephyr-course
  obj_dir      /home/cto/zephyrproject/zephyr-course/twister-out
  gcda_fname   native_sim_native/host_gnu/zephyr-course/tests/ring_buf/homework.unit.ring_buf/zephyr/CMakeFiles/zephyr.dir/subsys/logging/log_mgmt.c.gcda
  --> fname    /home/cto/zephyrproject/zephyr/include/zephyr/logging/log_backend.h
(DEBUG) Check if /home/cto/zephyrproject/zephyr/include/zephyr/logging/log_backend.h is included (source file)...
(DEBUG) --> File is excluded.
(DEBUG) Check if /home/cto/zephyrproject/zephyr-course/twister-out/log_mgmt.c##983017462f21696f9d425ba3b62764cc.gcov is included (trace)...
(DEBUG)   No filter matched.
(DEBUG) --> File is excluded.
(DEBUG) Finding source file corresponding to a gcov data file
  gcov_fname   /home/cto/zephyrproject/zephyr-course/twister-out/log_mgmt.c##983017462f21696f9d425ba3b62764cc.gcov
  current_dir  /home/cto/zephyrproject/zephyr-course/twister-out
  root         /home/cto/zephyrproject/zephyr-course/app/modules/ring_buf
  starting_dir /home/cto/zephyrproject/zephyr-course
  obj_dir      /home/cto/zephyrproject/zephyr-course/twister-out
  gcda_fname   native_sim_native/host_gnu/zephyr-course/tests/ring_buf/homework.unit.ring_buf/zephyr/CMakeFiles/zephyr.dir/subsys/logging/log_mgmt.c.gcda
  --> fname    /home/cto/zephyrproject/zephyr/subsys/logging/log_mgmt.c
(DEBUG) Check if /home/cto/zephyrproject/zephyr/subsys/logging/log_mgmt.c is included (source file)...
(DEBUG)   No filter matched.
(DEBUG) --> File is excluded.
(DEBUG) Check if /home/cto/zephyrproject/zephyr-course/twister-out/log_internal.h##ef52193f8327484dbf23beef90d7d20c.gcov is included (trace)...
(DEBUG)   No filter matched.
(DEBUG) --> File is excluded.
(DEBUG) Finding source file corresponding to a gcov data file
  gcov_fname   /home/cto/zephyrproject/zephyr-course/twister-out/log_internal.h##ef52193f8327484dbf23beef90d7d20c.gcov
  current_dir  /home/cto/zephyrproject/zephyr-course/twister-out
  root         /home/cto/zephyrproject/zephyr-course/app/modules/ring_buf
  starting_dir /home/cto/zephyrproject/zephyr-course
  obj_dir      /home/cto/zephyrproject/zephyr-course/twister-out
  gcda_fname   native_sim_native/host_gnu/zephyr-course/tests/ring_buf/homework.unit.ring_buf/zephyr/CMakeFiles/zephyr.dir/subsys/logging/log_mgmt.c.gcda
  --> fname    /home/cto/zephyrproject/zephyr/include/zephyr/logging/log_internal.h
(DEBUG) Check if /home/cto/zephyrproject/zephyr/include/zephyr/logging/log_internal.h is included (source file)...
(DEBUG)   No filter matched.
(DEBUG) --> File is excluded.
(DEBUG) Check if /home/cto/zephyrproject/zephyr-course/twister-out/log_ctrl.h##1808f1c718a8e219f354e30a1a0343ff.gcov is included (trace)...
(DEBUG) --> File is excluded.
(DEBUG) Finding source file corresponding to a gcov data file
  gcov_fname   /home/cto/zephyrproject/zephyr-course/twister-out/log_ctrl.h##1808f1c718a8e219f354e30a1a0343ff.gcov
  current_dir  /home/cto/zephyrproject/zephyr-course/twister-out
  root         /home/cto/zephyrproject/zephyr-course/app/modules/ring_buf
  starting_dir /home/cto/zephyrproject/zephyr-course
  obj_dir      /home/cto/zephyrproject/zephyr-course/twister-out
  gcda_fname   native_sim_native/host_gnu/zephyr-course/tests/ring_buf/homework.unit.ring_buf/zephyr/CMakeFiles/zephyr.dir/subsys/logging/log_mgmt.c.gcda
  --> fname    /home/cto/zephyrproject/zephyr-course/twister-out/native_sim_native/host_gnu/zephyr-course/tests/ring_buf/homework.unit.ring_buf/zephyr/include/generated/zephyr/syscalls/log_ctrl.h
(DEBUG) Check if /home/cto/zephyrproject/zephyr-course/twister-out/native_sim_native/host_gnu/zephyr-course/tests/ring_buf/homework.unit.ring_buf/zephyr/include/generated/zephyr/syscalls/log_ctrl.h is included (source file)...
(DEBUG) --> File is excluded.
(DEBUG) Check if /home/cto/zephyrproject/zephyr-course/twister-out/native_sim_native/host_gnu/zephyr-course/tests/ring_buf/homework.unit.ring_buf/zephyr/CMakeFiles/zephyr.dir/subsys/logging/log_msg.c.gcda is included (trace)...
(DEBUG)   No filter matched.
(DEBUG) --> File is excluded.
(DEBUG) Check if /home/cto/zephyrproject/zephyr-course/twister-out/native_sim_native/host_gnu/zephyr-course/tests/ring_buf/homework.unit.ring_buf/zephyr/CMakeFiles/zephyr.dir/subsys/logging/log_msg.c.gcda is included (trace)...
(DEBUG) --> File is excluded.
(DEBUG) Check if log_msg.c##e71111b504f5db78b993036cf7004c7a.gcov is included (gcov file)...
(DEBUG)   Filter AlwaysMatchFilter() matched.
(DEBUG) --> File is included.
(DEBUG) Check if log_internal.h##ef52193f8327484dbf23beef90d7d20c.gcov is included (gcov file)...
(DEBUG) --> File is included.
(DEBUG) Check if log_core.h##ebd65cbc8c0ed1162bf9fa5a201dc570.gcov is included (gcov file)...
(DEBUG) --> File is included.
(DEBUG) Check if log_msg.h##1572fa902f1014dac487071253d95717.gcov is included (gcov file)...
(DEBUG)   Filter AlwaysMatchFilter() matched.
(DEBUG) --> File is included.
(DEBUG) Check if log_msg.h##59cc7ac9dd0b18efa24d51419b863a43.gcov is included (gcov file)...
(DEBUG) --> File is included.
(DEBUG) Check if cbprintf.h##7f5842b334517eb8370638073e85f4ed.gcov is included (gcov file)...
(DEBUG) --> File is included.
(DEBUG) Check if syscall.h##6ebecfa30a736fd9ba1c825de8f2f8af.gcov is included (gcov file)...
(DEBUG) --> File is included.
(DEBUG) Check if /home/cto/zephyrproject/zephyr-course/twister-out/log_msg.h##1572fa902f1014dac487071253d95717.gcov is included (trace)...
(DEBUG)   No filter matched.
(DEBUG) --> File is excluded.
(DEBUG) Finding source file corresponding to a gcov data file
  gcov_fname   /home/cto/zephyrproject/zephyr-course/twister-out/log_msg.h##1572fa902f1014dac487071253d95717.gcov
  current_dir  /home/cto/zephyrproject/zephyr-course/twister-out
  root         /home/cto/zephyrproject/zephyr-course/app/modules/ring_buf
  starting_dir /home/cto/zephyrproject/zephyr-course
  obj_dir      /home/cto/zephyrproject/zephyr-course/twister-out
  gcda_fname   native_sim_native/host_gnu/zephyr-course/tests/ring_buf/homework.unit.ring_buf/zephyr/CMakeFiles/zephyr.dir/subsys/logging/log_msg.c.gcda
  --> fname    /home/cto/zephyrproject/zephyr-course/twister-out/native_sim_native/host_gnu/zephyr-course/tests/ring_buf/homework.unit.ring_buf/zephyr/include/generated/zephyr/syscalls/log_msg.h
(DEBUG) Check if /home/cto/zephyrproject/zephyr-course/twister-out/native_sim_native/host_gnu/zephyr-course/tests/ring_buf/homework.unit.ring_buf/zephyr/include/generated/zephyr/syscalls/log_msg.h is included (source file)...
(DEBUG)   No filter matched.
(DEBUG) --> File is excluded.
(DEBUG) Check if /home/cto/zephyrproject/zephyr-course/twister-out/log_core.h##ebd65cbc8c0ed1162bf9fa5a201dc570.gcov is included (trace)...
(DEBUG) --> File is excluded.
(DEBUG) Finding source file corresponding to a gcov data file
  gcov_fname   /home/cto/zephyrproject/zephyr-course/twister-out/log_core.h##ebd65cbc8c0ed1162bf9fa5a201dc570.gcov
  current_dir  /home/cto/zephyrproject/zephyr-course/twister-out
  root         /home/cto/zephyrproject/zephyr-course/app/modules/ring_buf
  starting_dir /home/cto/zephyrproject/zephyr-course
  obj_dir      /home/cto/zephyrproject/zephyr-course/twister-out
  gcda_fname   native_sim_native/host_gnu/zephyr-course/tests/ring_buf/homework.unit.ring_buf/zephyr/CMakeFiles/zephyr.dir/subsys/logging/log_msg.c.gcda
  --> fname    /home/cto/zephyrproject/zephyr/include/zephyr/logging/log_core.h
(DEBUG) Check if /home/cto/zephyrproject/zephyr/include/zephyr/logging/log_core.h is included (source file)...
(DEBUG) --> File is excluded.
(DEBUG) Check if /home/cto/zephyrproject/zephyr-course/twister-out/cbprintf.h##7f5842b334517eb8370638073e85f4ed.gcov is included (trace)...
(DEBUG) --> File is excluded.
(DEBUG) Finding source file corresponding to a gcov data file
  gcov_fname   /home/cto/zephyrproject/zephyr-course/twister-out/cbprintf.h##7f5842b334517eb8370638073e85f4ed.gcov
  current_dir  /home/cto/zephyrproject/zephyr-course/twister-out
  root         /home/cto/zephyrproject/zephyr-course/app/modules/ring_buf
  starting_dir /home/cto/zephyrproject/zephyr-course
  obj_dir      /home/cto/zephyrproject/zephyr-course/twister-out
  gcda_fname   native_sim_native/host_gnu/zephyr-course/tests/ring_buf/homework.unit.ring_buf/zephyr/CMakeFiles/zephyr.dir/subsys/logging/log_msg.c.gcda
  --> fname    /home/cto/zephyrproject/zephyr/include/zephyr/sys/cbprintf.h
(DEBUG) Check if /home/cto/zephyrproject/zephyr/include/zephyr/sys/cbprintf.h is included (source file)...
(DEBUG) --> File is excluded.
(DEBUG) Check if /home/cto/zephyrproject/zephyr-course/twister-out/log_msg.c##e71111b504f5db78b993036cf7004c7a.gcov is included (trace)...
(DEBUG)   No filter matched.
(DEBUG) --> File is excluded.
(DEBUG) Finding source file corresponding to a gcov data file
  gcov_fname   /home/cto/zephyrproject/zephyr-course/twister-out/log_msg.c##e71111b504f5db78b993036cf7004c7a.gcov
  current_dir  /home/cto/zephyrproject/zephyr-course/twister-out
  root         /home/cto/zephyrproject/zephyr-course/app/modules/ring_buf
  starting_dir /home/cto/zephyrproject/zephyr-course
  obj_dir      /home/cto/zephyrproject/zephyr-course/twister-out
  gcda_fname   native_sim_native/host_gnu/zephyr-course/tests/ring_buf/homework.unit.ring_buf/zephyr/CMakeFiles/zephyr.dir/subsys/logging/log_msg.c.gcda
  --> fname    /home/cto/zephyrproject/zephyr/subsys/logging/log_msg.c
(DEBUG) Check if /home/cto/zephyrproject/zephyr/subsys/logging/log_msg.c is included (source file)...
(DEBUG)   No filter matched.
(DEBUG) --> File is excluded.
(DEBUG) Check if /home/cto/zephyrproject/zephyr-course/twister-out/syscall.h##6ebecfa30a736fd9ba1c825de8f2f8af.gcov is included (trace)...
(DEBUG) --> File is excluded.
(DEBUG) Finding source file corresponding to a gcov data file
  gcov_fname   /home/cto/zephyrproject/zephyr-course/twister-out/syscall.h##6ebecfa30a736fd9ba1c825de8f2f8af.gcov
  current_dir  /home/cto/zephyrproject/zephyr-course/twister-out
  root         /home/cto/zephyrproject/zephyr-course/app/modules/ring_buf
  starting_dir /home/cto/zephyrproject/zephyr-course
  obj_dir      /home/cto/zephyrproject/zephyr-course/twister-out
  gcda_fname   native_sim_native/host_gnu/zephyr-course/tests/ring_buf/homework.unit.ring_buf/zephyr/CMakeFiles/zephyr.dir/subsys/logging/log_msg.c.gcda
  --> fname    /home/cto/zephyrproject/zephyr/include/zephyr/syscall.h
(DEBUG) Check if /home/cto/zephyrproject/zephyr/include/zephyr/syscall.h is included (source file)...
(DEBUG) --> File is excluded.
(DEBUG) Check if /home/cto/zephyrproject/zephyr-course/twister-out/log_internal.h##ef52193f8327484dbf23beef90d7d20c.gcov is included (trace)...
(DEBUG) --> File is excluded.
(DEBUG) Finding source file corresponding to a gcov data file
  gcov_fname   /home/cto/zephyrproject/zephyr-course/twister-out/log_internal.h##ef52193f8327484dbf23beef90d7d20c.gcov
  current_dir  /home/cto/zephyrproject/zephyr-course/twister-out
  root         /home/cto/zephyrproject/zephyr-course/app/modules/ring_buf
  starting_dir /home/cto/zephyrproject/zephyr-course
  obj_dir      /home/cto/zephyrproject/zephyr-course/twister-out
  gcda_fname   native_sim_native/host_gnu/zephyr-course/tests/ring_buf/homework.unit.ring_buf/zephyr/CMakeFiles/zephyr.dir/subsys/logging/log_msg.c.gcda
  --> fname    /home/cto/zephyrproject/zephyr/include/zephyr/logging/log_internal.h
(DEBUG) Check if /home/cto/zephyrproject/zephyr/include/zephyr/logging/log_internal.h is included (source file)...
(DEBUG) --> File is excluded.
(DEBUG) Check if /home/cto/zephyrproject/zephyr-course/twister-out/log_msg.h##59cc7ac9dd0b18efa24d51419b863a43.gcov is included (trace)...
(DEBUG) --> File is excluded.
(DEBUG) Finding source file corresponding to a gcov data file
  gcov_fname   /home/cto/zephyrproject/zephyr-course/twister-out/log_msg.h##59cc7ac9dd0b18efa24d51419b863a43.gcov
  current_dir  /home/cto/zephyrproject/zephyr-course/twister-out
  root         /home/cto/zephyrproject/zephyr-course/app/modules/ring_buf
  starting_dir /home/cto/zephyrproject/zephyr-course
  obj_dir      /home/cto/zephyrproject/zephyr-course/twister-out
  gcda_fname   native_sim_native/host_gnu/zephyr-course/tests/ring_buf/homework.unit.ring_buf/zephyr/CMakeFiles/zephyr.dir/subsys/logging/log_msg.c.gcda
  --> fname    /home/cto/zephyrproject/zephyr/include/zephyr/logging/log_msg.h
(DEBUG) Check if /home/cto/zephyrproject/zephyr/include/zephyr/logging/log_msg.h is included (source file)...
(DEBUG) --> File is excluded.
(DEBUG) Check if /home/cto/zephyrproject/zephyr-course/twister-out/native_sim_native/host_gnu/zephyr-course/tests/ring_buf/homework.unit.ring_buf/zephyr/CMakeFiles/zephyr.dir/subsys/logging/log_output.c.gcda is included (trace)...
(DEBUG)   No filter matched.
(DEBUG) --> File is excluded.
(DEBUG) Check if /home/cto/zephyrproject/zephyr-course/twister-out/native_sim_native/host_gnu/zephyr-course/tests/ring_buf/homework.unit.ring_buf/zephyr/CMakeFiles/zephyr.dir/subsys/logging/log_output.c.gcda is included (trace)...
(DEBUG) --> File is excluded.
(DEBUG) Check if log_output.c##6e271b0164adcadb95ba3c63f83d9909.gcov is included (gcov file)...
(DEBUG)   Filter AlwaysMatchFilter() matched.
(DEBUG) --> File is included.
(DEBUG) Check if log_output.h##2247199f205655c774a22efedee2ed0b.gcov is included (gcov file)...
(DEBUG) --> File is included.
(DEBUG) Check if log_msg.h##59cc7ac9dd0b18efa24d51419b863a43.gcov is included (gcov file)...
(DEBUG) --> File is included.
(DEBUG) Check if cbprintf.h##7f5842b334517eb8370638073e85f4ed.gcov is included (gcov file)...
(DEBUG) --> File is included.
(DEBUG) Check if /home/cto/zephyrproject/zephyr-course/twister-out/log_output.h##2247199f205655c774a22efedee2ed0b.gcov is included (trace)...
(DEBUG) --> File is excluded.
(DEBUG) Finding source file corresponding to a gcov data file
  gcov_fname   /home/cto/zephyrproject/zephyr-course/twister-out/log_output.h##2247199f205655c774a22efedee2ed0b.gcov
  current_dir  /home/cto/zephyrproject/zephyr-course/twister-out
  root         /home/cto/zephyrproject/zephyr-course/app/modules/ring_buf
  starting_dir /home/cto/zephyrproject/zephyr-course
  obj_dir      /home/cto/zephyrproject/zephyr-course/twister-out
  gcda_fname   native_sim_native/host_gnu/zephyr-course/tests/ring_buf/homework.unit.ring_buf/zephyr/CMakeFiles/zephyr.dir/subsys/logging/log_output.c.gcda
  --> fname    /home/cto/zephyrproject/zephyr/include/zephyr/logging/log_output.h
(DEBUG) Check if /home/cto/zephyrproject/zephyr/include/zephyr/logging/log_output.h is included (source file)...
(DEBUG) --> File is excluded.
(DEBUG) Check if /home/cto/zephyrproject/zephyr-course/twister-out/cbprintf.h##7f5842b334517eb8370638073e85f4ed.gcov is included (trace)...
(DEBUG) --> File is excluded.
(DEBUG) Finding source file corresponding to a gcov data file
  gcov_fname   /home/cto/zephyrproject/zephyr-course/twister-out/cbprintf.h##7f5842b334517eb8370638073e85f4ed.gcov
  current_dir  /home/cto/zephyrproject/zephyr-course/twister-out
  root         /home/cto/zephyrproject/zephyr-course/app/modules/ring_buf
  starting_dir /home/cto/zephyrproject/zephyr-course
  obj_dir      /home/cto/zephyrproject/zephyr-course/twister-out
  gcda_fname   native_sim_native/host_gnu/zephyr-course/tests/ring_buf/homework.unit.ring_buf/zephyr/CMakeFiles/zephyr.dir/subsys/logging/log_output.c.gcda
  --> fname    /home/cto/zephyrproject/zephyr/include/zephyr/sys/cbprintf.h
(DEBUG) Check if /home/cto/zephyrproject/zephyr/include/zephyr/sys/cbprintf.h is included (source file)...
(DEBUG) --> File is excluded.
(DEBUG) Check if /home/cto/zephyrproject/zephyr-course/twister-out/log_msg.h##59cc7ac9dd0b18efa24d51419b863a43.gcov is included (trace)...
(DEBUG) --> File is excluded.
(DEBUG) Finding source file corresponding to a gcov data file
  gcov_fname   /home/cto/zephyrproject/zephyr-course/twister-out/log_msg.h##59cc7ac9dd0b18efa24d51419b863a43.gcov
  current_dir  /home/cto/zephyrproject/zephyr-course/twister-out
  root         /home/cto/zephyrproject/zephyr-course/app/modules/ring_buf
  starting_dir /home/cto/zephyrproject/zephyr-course
  obj_dir      /home/cto/zephyrproject/zephyr-course/twister-out
  gcda_fname   native_sim_native/host_gnu/zephyr-course/tests/ring_buf/homework.unit.ring_buf/zephyr/CMakeFiles/zephyr.dir/subsys/logging/log_output.c.gcda
  --> fname    /home/cto/zephyrproject/zephyr/include/zephyr/logging/log_msg.h
(DEBUG) Check if /home/cto/zephyrproject/zephyr/include/zephyr/logging/log_msg.h is included (source file)...
(DEBUG) --> File is excluded.
(DEBUG) Check if /home/cto/zephyrproject/zephyr-course/twister-out/log_output.c##6e271b0164adcadb95ba3c63f83d9909.gcov is included (trace)...
(DEBUG)   No filter matched.
(DEBUG) --> File is excluded.
(DEBUG) Finding source file corresponding to a gcov data file
  gcov_fname   /home/cto/zephyrproject/zephyr-course/twister-out/log_output.c##6e271b0164adcadb95ba3c63f83d9909.gcov
  current_dir  /home/cto/zephyrproject/zephyr-course/twister-out
  root         /home/cto/zephyrproject/zephyr-course/app/modules/ring_buf
  starting_dir /home/cto/zephyrproject/zephyr-course
  obj_dir      /home/cto/zephyrproject/zephyr-course/twister-out
  gcda_fname   native_sim_native/host_gnu/zephyr-course/tests/ring_buf/homework.unit.ring_buf/zephyr/CMakeFiles/zephyr.dir/subsys/logging/log_output.c.gcda
  --> fname    /home/cto/zephyrproject/zephyr/subsys/logging/log_output.c
(DEBUG) Check if /home/cto/zephyrproject/zephyr/subsys/logging/log_output.c is included (source file)...
(DEBUG)   No filter matched.
(DEBUG) --> File is excluded.
(DEBUG) Check if /home/cto/zephyrproject/zephyr-course/twister-out/native_sim_native/host_gnu/zephyr-course/tests/ring_buf/homework.unit.ring_buf/zephyr/CMakeFiles/zephyr.dir/subsys/tracing/tracing_none.c.gcda is included (trace)...
(DEBUG)   No filter matched.
(DEBUG) --> File is excluded.
(DEBUG) Check if /home/cto/zephyrproject/zephyr-course/twister-out/native_sim_native/host_gnu/zephyr-course/tests/ring_buf/homework.unit.ring_buf/zephyr/CMakeFiles/zephyr.dir/subsys/tracing/tracing_none.c.gcda is included (trace)...
(DEBUG) --> File is excluded.
(DEBUG) Check if tracing_none.c##a1ffc40dcf073fa2c1f71527406dbfa2.gcov is included (gcov file)...
(DEBUG)   Filter AlwaysMatchFilter() matched.
(DEBUG) --> File is included.
(DEBUG) Check if /home/cto/zephyrproject/zephyr-course/twister-out/tracing_none.c##a1ffc40dcf073fa2c1f71527406dbfa2.gcov is included (trace)...
(DEBUG)   No filter matched.
(DEBUG) --> File is excluded.
(DEBUG) Finding source file corresponding to a gcov data file
  gcov_fname   /home/cto/zephyrproject/zephyr-course/twister-out/tracing_none.c##a1ffc40dcf073fa2c1f71527406dbfa2.gcov
  current_dir  /home/cto/zephyrproject/zephyr-course/twister-out
  root         /home/cto/zephyrproject/zephyr-course/app/modules/ring_buf
  starting_dir /home/cto/zephyrproject/zephyr-course
  obj_dir      /home/cto/zephyrproject/zephyr-course/twister-out
  gcda_fname   native_sim_native/host_gnu/zephyr-course/tests/ring_buf/homework.unit.ring_buf/zephyr/CMakeFiles/zephyr.dir/subsys/tracing/tracing_none.c.gcda
  --> fname    /home/cto/zephyrproject/zephyr/subsys/tracing/tracing_none.c
(DEBUG) Check if /home/cto/zephyrproject/zephyr/subsys/tracing/tracing_none.c is included (source file)...
(DEBUG)   No filter matched.
(DEBUG) --> File is excluded.
(DEBUG) Check if /home/cto/zephyrproject/zephyr-course/twister-out/native_sim_native/host_gnu/zephyr-course/tests/ring_buf/homework.unit.ring_buf/zephyr/CMakeFiles/zephyr_pre0.dir/misc/empty_file.c.gcno is included (trace)...
(DEBUG)   No filter matched.
(DEBUG) --> File is excluded.
(DEBUG) Check if /home/cto/zephyrproject/zephyr-course/twister-out/native_sim_native/host_gnu/zephyr-course/tests/ring_buf/homework.unit.ring_buf/zephyr/CMakeFiles/zephyr_pre0.dir/misc/empty_file.c.gcno is included (trace)...
(DEBUG) --> File is excluded.
(DEBUG) Check if /home/cto/zephyrproject/zephyr-course/twister-out/native_sim_native/host_gnu/zephyr-course/tests/ring_buf/homework.unit.ring_buf/zephyr/NSI/common/src/main.gcda is included (trace)...
(DEBUG)   No filter matched.
(DEBUG) --> File is excluded.
(DEBUG) Check if /home/cto/zephyrproject/zephyr-course/twister-out/native_sim_native/host_gnu/zephyr-course/tests/ring_buf/homework.unit.ring_buf/zephyr/NSI/common/src/main.gcda is included (trace)...
(DEBUG) --> File is excluded.
(DEBUG) Check if main.c##019b45428a70a6e33ca75f81f0f2c501.gcov is included (gcov file)...
(DEBUG)   Filter AlwaysMatchFilter() matched.
(DEBUG) --> File is included.
(DEBUG) Check if nsi_hw_scheduler.h##a046154de9a1bab0b4f2e5de828f65a7.gcov is included (gcov file)...
(DEBUG)   Filter AlwaysMatchFilter() matched.
(DEBUG) --> File is included.
(DEBUG) Check if /home/cto/zephyrproject/zephyr-course/twister-out/nsi_hw_scheduler.h##a046154de9a1bab0b4f2e5de828f65a7.gcov is included (trace)...
(DEBUG)   No filter matched.
(DEBUG) --> File is excluded.
(DEBUG) Finding source file corresponding to a gcov data file
  gcov_fname   /home/cto/zephyrproject/zephyr-course/twister-out/nsi_hw_scheduler.h##a046154de9a1bab0b4f2e5de828f65a7.gcov
  current_dir  /home/cto/zephyrproject/zephyr-course/twister-out
  root         /home/cto/zephyrproject/zephyr-course/app/modules/ring_buf
  starting_dir /home/cto/zephyrproject/zephyr-course
  obj_dir      /home/cto/zephyrproject/zephyr-course/twister-out
  gcda_fname   native_sim_native/host_gnu/zephyr-course/tests/ring_buf/homework.unit.ring_buf/zephyr/NSI/common/src/main.gcda
  --> fname    /home/cto/zephyrproject/zephyr/scripts/native_simulator/common/src/include/nsi_hw_scheduler.h
(DEBUG) Check if /home/cto/zephyrproject/zephyr/scripts/native_simulator/common/src/include/nsi_hw_scheduler.h is included (source file)...
(DEBUG)   No filter matched.
(DEBUG) --> File is excluded.
(DEBUG) Check if /home/cto/zephyrproject/zephyr-course/twister-out/main.c##019b45428a70a6e33ca75f81f0f2c501.gcov is included (trace)...
(DEBUG)   No filter matched.
(DEBUG) --> File is excluded.
(DEBUG) Finding source file corresponding to a gcov data file
  gcov_fname   /home/cto/zephyrproject/zephyr-course/twister-out/main.c##019b45428a70a6e33ca75f81f0f2c501.gcov
  current_dir  /home/cto/zephyrproject/zephyr-course/twister-out
  root         /home/cto/zephyrproject/zephyr-course/app/modules/ring_buf
  starting_dir /home/cto/zephyrproject/zephyr-course
  obj_dir      /home/cto/zephyrproject/zephyr-course/twister-out
  gcda_fname   native_sim_native/host_gnu/zephyr-course/tests/ring_buf/homework.unit.ring_buf/zephyr/NSI/common/src/main.gcda
  --> fname    /home/cto/zephyrproject/zephyr/scripts/native_simulator/common/src/main.c
(DEBUG) Check if /home/cto/zephyrproject/zephyr/scripts/native_simulator/common/src/main.c is included (source file)...
(DEBUG)   No filter matched.
(DEBUG) --> File is excluded.
(DEBUG) Check if /home/cto/zephyrproject/zephyr-course/twister-out/native_sim_native/host_gnu/zephyr-course/tests/ring_buf/homework.unit.ring_buf/zephyr/NSI/common/src/nce.gcda is included (trace)...
(DEBUG)   No filter matched.
(DEBUG) --> File is excluded.
(DEBUG) Check if /home/cto/zephyrproject/zephyr-course/twister-out/native_sim_native/host_gnu/zephyr-course/tests/ring_buf/homework.unit.ring_buf/zephyr/NSI/common/src/nce.gcda is included (trace)...
(DEBUG) --> File is excluded.
(DEBUG) Check if nce.c##64bad92ba0ae2ffc0bf6b8ea2424c689.gcov is included (gcov file)...
(DEBUG)   Filter AlwaysMatchFilter() matched.
(DEBUG) --> File is included.
(DEBUG) Check if nsi_safe_call.h##a1b3a0c9f3e2004284584594541f3a85.gcov is included (gcov file)...
(DEBUG)   Filter AlwaysMatchFilter() matched.
(DEBUG) --> File is included.
(DEBUG) Check if /home/cto/zephyrproject/zephyr-course/twister-out/nce.c##64bad92ba0ae2ffc0bf6b8ea2424c689.gcov is included (trace)...
(DEBUG)   No filter matched.
(DEBUG) --> File is excluded.
(DEBUG) Finding source file corresponding to a gcov data file
  gcov_fname   /home/cto/zephyrproject/zephyr-course/twister-out/nce.c##64bad92ba0ae2ffc0bf6b8ea2424c689.gcov
  current_dir  /home/cto/zephyrproject/zephyr-course/twister-out
  root         /home/cto/zephyrproject/zephyr-course/app/modules/ring_buf
  starting_dir /home/cto/zephyrproject/zephyr-course
  obj_dir      /home/cto/zephyrproject/zephyr-course/twister-out
  gcda_fname   native_sim_native/host_gnu/zephyr-course/tests/ring_buf/homework.unit.ring_buf/zephyr/NSI/common/src/nce.gcda
  --> fname    /home/cto/zephyrproject/zephyr/scripts/native_simulator/common/src/nce.c
(DEBUG) Check if /home/cto/zephyrproject/zephyr/scripts/native_simulator/common/src/nce.c is included (source file)...
(DEBUG)   No filter matched.
(DEBUG) --> File is excluded.
(DEBUG) Check if /home/cto/zephyrproject/zephyr-course/twister-out/nsi_safe_call.h##a1b3a0c9f3e2004284584594541f3a85.gcov is included (trace)...
(DEBUG)   No filter matched.
(DEBUG) --> File is excluded.
(DEBUG) Finding source file corresponding to a gcov data file
  gcov_fname   /home/cto/zephyrproject/zephyr-course/twister-out/nsi_safe_call.h##a1b3a0c9f3e2004284584594541f3a85.gcov
  current_dir  /home/cto/zephyrproject/zephyr-course/twister-out
  root         /home/cto/zephyrproject/zephyr-course/app/modules/ring_buf
  starting_dir /home/cto/zephyrproject/zephyr-course
  obj_dir      /home/cto/zephyrproject/zephyr-course/twister-out
  gcda_fname   native_sim_native/host_gnu/zephyr-course/tests/ring_buf/homework.unit.ring_buf/zephyr/NSI/common/src/nce.gcda
  --> fname    /home/cto/zephyrproject/zephyr/scripts/native_simulator/common/src/nsi_safe_call.h
(DEBUG) Check if /home/cto/zephyrproject/zephyr/scripts/native_simulator/common/src/nsi_safe_call.h is included (source file)...
(DEBUG)   No filter matched.
(DEBUG) --> File is excluded.
(DEBUG) Check if /home/cto/zephyrproject/zephyr-course/twister-out/native_sim_native/host_gnu/zephyr-course/tests/ring_buf/homework.unit.ring_buf/zephyr/NSI/common/src/nct.gcda is included (trace)...
(DEBUG)   No filter matched.
(DEBUG) --> File is excluded.
(DEBUG) Check if /home/cto/zephyrproject/zephyr-course/twister-out/native_sim_native/host_gnu/zephyr-course/tests/ring_buf/homework.unit.ring_buf/zephyr/NSI/common/src/nct.gcda is included (trace)...
(DEBUG) --> File is excluded.
(DEBUG) Check if nct.c##371d2bb35bc29a929397124a7854b2ec.gcov is included (gcov file)...
(DEBUG)   Filter AlwaysMatchFilter() matched.
(DEBUG) --> File is included.
(DEBUG) Check if nsi_safe_call.h##a1b3a0c9f3e2004284584594541f3a85.gcov is included (gcov file)...
(DEBUG) --> File is included.
(DEBUG) Check if /home/cto/zephyrproject/zephyr-course/twister-out/nsi_safe_call.h##a1b3a0c9f3e2004284584594541f3a85.gcov is included (trace)...
(DEBUG) --> File is excluded.
(DEBUG) Finding source file corresponding to a gcov data file
  gcov_fname   /home/cto/zephyrproject/zephyr-course/twister-out/nsi_safe_call.h##a1b3a0c9f3e2004284584594541f3a85.gcov
  current_dir  /home/cto/zephyrproject/zephyr-course/twister-out
  root         /home/cto/zephyrproject/zephyr-course/app/modules/ring_buf
  starting_dir /home/cto/zephyrproject/zephyr-course
  obj_dir      /home/cto/zephyrproject/zephyr-course/twister-out
  gcda_fname   native_sim_native/host_gnu/zephyr-course/tests/ring_buf/homework.unit.ring_buf/zephyr/NSI/common/src/nct.gcda
  --> fname    /home/cto/zephyrproject/zephyr/scripts/native_simulator/common/src/nsi_safe_call.h
(DEBUG) Check if /home/cto/zephyrproject/zephyr/scripts/native_simulator/common/src/nsi_safe_call.h is included (source file)...
(DEBUG) --> File is excluded.
(DEBUG) Check if /home/cto/zephyrproject/zephyr-course/twister-out/nct.c##371d2bb35bc29a929397124a7854b2ec.gcov is included (trace)...
(DEBUG)   No filter matched.
(DEBUG) --> File is excluded.
(DEBUG) Finding source file corresponding to a gcov data file
  gcov_fname   /home/cto/zephyrproject/zephyr-course/twister-out/nct.c##371d2bb35bc29a929397124a7854b2ec.gcov
  current_dir  /home/cto/zephyrproject/zephyr-course/twister-out
  root         /home/cto/zephyrproject/zephyr-course/app/modules/ring_buf
  starting_dir /home/cto/zephyrproject/zephyr-course
  obj_dir      /home/cto/zephyrproject/zephyr-course/twister-out
  gcda_fname   native_sim_native/host_gnu/zephyr-course/tests/ring_buf/homework.unit.ring_buf/zephyr/NSI/common/src/nct.gcda
  --> fname    /home/cto/zephyrproject/zephyr/scripts/native_simulator/common/src/nct.c
(DEBUG) Check if /home/cto/zephyrproject/zephyr/scripts/native_simulator/common/src/nct.c is included (source file)...
(DEBUG)   No filter matched.
(DEBUG) --> File is excluded.
(DEBUG) Check if /home/cto/zephyrproject/zephyr-course/twister-out/native_sim_native/host_gnu/zephyr-course/tests/ring_buf/homework.unit.ring_buf/zephyr/NSI/common/src/nsi_cpu_ctrl.gcda is included (trace)...
(DEBUG)   No filter matched.
(DEBUG) --> File is excluded.
(DEBUG) Check if /home/cto/zephyrproject/zephyr-course/twister-out/native_sim_native/host_gnu/zephyr-course/tests/ring_buf/homework.unit.ring_buf/zephyr/NSI/common/src/nsi_cpu_ctrl.gcda is included (trace)...
(DEBUG) --> File is excluded.
(DEBUG) Check if nsi_cpu_ctrl.c##e4e613511530f8b89ffabf9a4ffc7db9.gcov is included (gcov file)...
(DEBUG)   Filter AlwaysMatchFilter() matched.
(DEBUG) --> File is included.
(DEBUG) Check if /home/cto/zephyrproject/zephyr-course/twister-out/nsi_cpu_ctrl.c##e4e613511530f8b89ffabf9a4ffc7db9.gcov is included (trace)...
(DEBUG)   No filter matched.
(DEBUG) --> File is excluded.
(DEBUG) Finding source file corresponding to a gcov data file
  gcov_fname   /home/cto/zephyrproject/zephyr-course/twister-out/nsi_cpu_ctrl.c##e4e613511530f8b89ffabf9a4ffc7db9.gcov
  current_dir  /home/cto/zephyrproject/zephyr-course/twister-out
  root         /home/cto/zephyrproject/zephyr-course/app/modules/ring_buf
  starting_dir /home/cto/zephyrproject/zephyr-course
  obj_dir      /home/cto/zephyrproject/zephyr-course/twister-out
  gcda_fname   native_sim_native/host_gnu/zephyr-course/tests/ring_buf/homework.unit.ring_buf/zephyr/NSI/common/src/nsi_cpu_ctrl.gcda
  --> fname    /home/cto/zephyrproject/zephyr/scripts/native_simulator/common/src/nsi_cpu_ctrl.c
(DEBUG) Check if /home/cto/zephyrproject/zephyr/scripts/native_simulator/common/src/nsi_cpu_ctrl.c is included (source file)...
(DEBUG)   No filter matched.
(DEBUG) --> File is excluded.
(DEBUG) Check if /home/cto/zephyrproject/zephyr-course/twister-out/native_sim_native/host_gnu/zephyr-course/tests/ring_buf/homework.unit.ring_buf/zephyr/NSI/common/src/nsi_cpun_if.gcda is included (trace)...
(DEBUG)   No filter matched.
(DEBUG) --> File is excluded.
(DEBUG) Check if /home/cto/zephyrproject/zephyr-course/twister-out/native_sim_native/host_gnu/zephyr-course/tests/ring_buf/homework.unit.ring_buf/zephyr/NSI/common/src/nsi_cpun_if.gcda is included (trace)...
(DEBUG) --> File is excluded.
(DEBUG) Check if nsi_cpun_if.c##8c760168756b790a4aebb965422d1b70.gcov is included (gcov file)...
(DEBUG)   Filter AlwaysMatchFilter() matched.
(DEBUG) --> File is included.
(DEBUG) Check if /home/cto/zephyrproject/zephyr-course/twister-out/nsi_cpun_if.c##8c760168756b790a4aebb965422d1b70.gcov is included (trace)...
(DEBUG)   No filter matched.
(DEBUG) --> File is excluded.
(DEBUG) Finding source file corresponding to a gcov data file
  gcov_fname   /home/cto/zephyrproject/zephyr-course/twister-out/nsi_cpun_if.c##8c760168756b790a4aebb965422d1b70.gcov
  current_dir  /home/cto/zephyrproject/zephyr-course/twister-out
  root         /home/cto/zephyrproject/zephyr-course/app/modules/ring_buf
  starting_dir /home/cto/zephyrproject/zephyr-course
  obj_dir      /home/cto/zephyrproject/zephyr-course/twister-out
  gcda_fname   native_sim_native/host_gnu/zephyr-course/tests/ring_buf/homework.unit.ring_buf/zephyr/NSI/common/src/nsi_cpun_if.gcda
  --> fname    /home/cto/zephyrproject/zephyr/scripts/native_simulator/common/src/nsi_cpun_if.c
(DEBUG) Check if /home/cto/zephyrproject/zephyr/scripts/native_simulator/common/src/nsi_cpun_if.c is included (source file)...
(DEBUG)   No filter matched.
(DEBUG) --> File is excluded.
(DEBUG) Check if /home/cto/zephyrproject/zephyr-course/twister-out/native_sim_native/host_gnu/zephyr-course/tests/ring_buf/homework.unit.ring_buf/zephyr/NSI/common/src/nsi_errno.gcda is included (trace)...
(DEBUG)   No filter matched.
(DEBUG) --> File is excluded.
(DEBUG) Check if /home/cto/zephyrproject/zephyr-course/twister-out/native_sim_native/host_gnu/zephyr-course/tests/ring_buf/homework.unit.ring_buf/zephyr/NSI/common/src/nsi_errno.gcda is included (trace)...
(DEBUG) --> File is excluded.
(DEBUG) Check if nsi_errno.c##47dd577c26d93916b874764ccbebf9f0.gcov is included (gcov file)...
(DEBUG)   Filter AlwaysMatchFilter() matched.
(DEBUG) --> File is included.
(DEBUG) Check if /home/cto/zephyrproject/zephyr-course/twister-out/nsi_errno.c##47dd577c26d93916b874764ccbebf9f0.gcov is included (trace)...
(DEBUG)   No filter matched.
(DEBUG) --> File is excluded.
(DEBUG) Finding source file corresponding to a gcov data file
  gcov_fname   /home/cto/zephyrproject/zephyr-course/twister-out/nsi_errno.c##47dd577c26d93916b874764ccbebf9f0.gcov
  current_dir  /home/cto/zephyrproject/zephyr-course/twister-out
  root         /home/cto/zephyrproject/zephyr-course/app/modules/ring_buf
  starting_dir /home/cto/zephyrproject/zephyr-course
  obj_dir      /home/cto/zephyrproject/zephyr-course/twister-out
  gcda_fname   native_sim_native/host_gnu/zephyr-course/tests/ring_buf/homework.unit.ring_buf/zephyr/NSI/common/src/nsi_errno.gcda
  --> fname    /home/cto/zephyrproject/zephyr/scripts/native_simulator/common/src/nsi_errno.c
(DEBUG) Check if /home/cto/zephyrproject/zephyr/scripts/native_simulator/common/src/nsi_errno.c is included (source file)...
(DEBUG)   No filter matched.
(DEBUG) --> File is excluded.
(DEBUG) Check if /home/cto/zephyrproject/zephyr-course/twister-out/native_sim_native/host_gnu/zephyr-course/tests/ring_buf/homework.unit.ring_buf/zephyr/NSI/common/src/nsi_host_trampolines.gcda is included (trace)...
(DEBUG)   No filter matched.
(DEBUG) --> File is excluded.
(DEBUG) Check if /home/cto/zephyrproject/zephyr-course/twister-out/native_sim_native/host_gnu/zephyr-course/tests/ring_buf/homework.unit.ring_buf/zephyr/NSI/common/src/nsi_host_trampolines.gcda is included (trace)...
(DEBUG) --> File is excluded.
(DEBUG) Check if nsi_host_trampolines.c##4c663cd2a12ffe03ca38614760d37a6f.gcov is included (gcov file)...
(DEBUG)   Filter AlwaysMatchFilter() matched.
(DEBUG) --> File is included.
(DEBUG) Check if /home/cto/zephyrproject/zephyr-course/twister-out/nsi_host_trampolines.c##4c663cd2a12ffe03ca38614760d37a6f.gcov is included (trace)...
(DEBUG)   No filter matched.
(DEBUG) --> File is excluded.
(DEBUG) Finding source file corresponding to a gcov data file
  gcov_fname   /home/cto/zephyrproject/zephyr-course/twister-out/nsi_host_trampolines.c##4c663cd2a12ffe03ca38614760d37a6f.gcov
  current_dir  /home/cto/zephyrproject/zephyr-course/twister-out
  root         /home/cto/zephyrproject/zephyr-course/app/modules/ring_buf
  starting_dir /home/cto/zephyrproject/zephyr-course
  obj_dir      /home/cto/zephyrproject/zephyr-course/twister-out
  gcda_fname   native_sim_native/host_gnu/zephyr-course/tests/ring_buf/homework.unit.ring_buf/zephyr/NSI/common/src/nsi_host_trampolines.gcda
  --> fname    /home/cto/zephyrproject/zephyr/scripts/native_simulator/common/src/nsi_host_trampolines.c
(DEBUG) Check if /home/cto/zephyrproject/zephyr/scripts/native_simulator/common/src/nsi_host_trampolines.c is included (source file)...
(DEBUG)   No filter matched.
(DEBUG) --> File is excluded.
(DEBUG) Check if /home/cto/zephyrproject/zephyr-course/twister-out/native_sim_native/host_gnu/zephyr-course/tests/ring_buf/homework.unit.ring_buf/zephyr/NSI/common/src/nsi_hw_scheduler.gcda is included (trace)...
(DEBUG)   No filter matched.
(DEBUG) --> File is excluded.
(DEBUG) Check if /home/cto/zephyrproject/zephyr-course/twister-out/native_sim_native/host_gnu/zephyr-course/tests/ring_buf/homework.unit.ring_buf/zephyr/NSI/common/src/nsi_hw_scheduler.gcda is included (trace)...
(DEBUG) --> File is excluded.
(DEBUG) Check if nsi_hw_scheduler.c##c8fbbbee1a9c2e99fe83a95543494a67.gcov is included (gcov file)...
(DEBUG)   Filter AlwaysMatchFilter() matched.
(DEBUG) --> File is included.
(DEBUG) Check if nsi_safe_call.h##a1b3a0c9f3e2004284584594541f3a85.gcov is included (gcov file)...
(DEBUG) --> File is included.
(DEBUG) Check if /home/cto/zephyrproject/zephyr-course/twister-out/nsi_hw_scheduler.c##c8fbbbee1a9c2e99fe83a95543494a67.gcov is included (trace)...
(DEBUG)   No filter matched.
(DEBUG) --> File is excluded.
(DEBUG) Finding source file corresponding to a gcov data file
  gcov_fname   /home/cto/zephyrproject/zephyr-course/twister-out/nsi_hw_scheduler.c##c8fbbbee1a9c2e99fe83a95543494a67.gcov
  current_dir  /home/cto/zephyrproject/zephyr-course/twister-out
  root         /home/cto/zephyrproject/zephyr-course/app/modules/ring_buf
  starting_dir /home/cto/zephyrproject/zephyr-course
  obj_dir      /home/cto/zephyrproject/zephyr-course/twister-out
  gcda_fname   native_sim_native/host_gnu/zephyr-course/tests/ring_buf/homework.unit.ring_buf/zephyr/NSI/common/src/nsi_hw_scheduler.gcda
  --> fname    /home/cto/zephyrproject/zephyr/scripts/native_simulator/common/src/nsi_hw_scheduler.c
(DEBUG) Check if /home/cto/zephyrproject/zephyr/scripts/native_simulator/common/src/nsi_hw_scheduler.c is included (source file)...
(DEBUG)   No filter matched.
(DEBUG) --> File is excluded.
(DEBUG) Check if /home/cto/zephyrproject/zephyr-course/twister-out/nsi_safe_call.h##a1b3a0c9f3e2004284584594541f3a85.gcov is included (trace)...
(DEBUG) --> File is excluded.
(DEBUG) Finding source file corresponding to a gcov data file
  gcov_fname   /home/cto/zephyrproject/zephyr-course/twister-out/nsi_safe_call.h##a1b3a0c9f3e2004284584594541f3a85.gcov
  current_dir  /home/cto/zephyrproject/zephyr-course/twister-out
  root         /home/cto/zephyrproject/zephyr-course/app/modules/ring_buf
  starting_dir /home/cto/zephyrproject/zephyr-course
  obj_dir      /home/cto/zephyrproject/zephyr-course/twister-out
  gcda_fname   native_sim_native/host_gnu/zephyr-course/tests/ring_buf/homework.unit.ring_buf/zephyr/NSI/common/src/nsi_hw_scheduler.gcda
  --> fname    /home/cto/zephyrproject/zephyr/scripts/native_simulator/common/src/nsi_safe_call.h
(DEBUG) Check if /home/cto/zephyrproject/zephyr/scripts/native_simulator/common/src/nsi_safe_call.h is included (source file)...
(DEBUG) --> File is excluded.
(DEBUG) Check if /home/cto/zephyrproject/zephyr-course/twister-out/native_sim_native/host_gnu/zephyr-course/tests/ring_buf/homework.unit.ring_buf/zephyr/NSI/common/src/nsi_tasks.gcda is included (trace)...
(DEBUG)   No filter matched.
(DEBUG) --> File is excluded.
(DEBUG) Check if /home/cto/zephyrproject/zephyr-course/twister-out/native_sim_native/host_gnu/zephyr-course/tests/ring_buf/homework.unit.ring_buf/zephyr/NSI/common/src/nsi_tasks.gcda is included (trace)...
(DEBUG) --> File is excluded.
(DEBUG) Check if nsi_tasks.c##6ee37de015c99d357687157edbc82b50.gcov is included (gcov file)...
(DEBUG)   Filter AlwaysMatchFilter() matched.
(DEBUG) --> File is included.
(DEBUG) Check if /home/cto/zephyrproject/zephyr-course/twister-out/nsi_tasks.c##6ee37de015c99d357687157edbc82b50.gcov is included (trace)...
(DEBUG)   No filter matched.
(DEBUG) --> File is excluded.
(DEBUG) Finding source file corresponding to a gcov data file
  gcov_fname   /home/cto/zephyrproject/zephyr-course/twister-out/nsi_tasks.c##6ee37de015c99d357687157edbc82b50.gcov
  current_dir  /home/cto/zephyrproject/zephyr-course/twister-out
  root         /home/cto/zephyrproject/zephyr-course/app/modules/ring_buf
  starting_dir /home/cto/zephyrproject/zephyr-course
  obj_dir      /home/cto/zephyrproject/zephyr-course/twister-out
  gcda_fname   native_sim_native/host_gnu/zephyr-course/tests/ring_buf/homework.unit.ring_buf/zephyr/NSI/common/src/nsi_tasks.gcda
  --> fname    /home/cto/zephyrproject/zephyr/scripts/native_simulator/common/src/nsi_tasks.c
(DEBUG) Check if /home/cto/zephyrproject/zephyr/scripts/native_simulator/common/src/nsi_tasks.c is included (source file)...
(DEBUG)   No filter matched.
(DEBUG) --> File is excluded.
(DEBUG) Check if /home/cto/zephyrproject/zephyr-course/twister-out/native_sim_native/host_gnu/zephyr-course/tests/ring_buf/homework.unit.ring_buf/zephyr/NSI/common/src/nsi_trace_varg.gcda is included (trace)...
(DEBUG)   No filter matched.
(DEBUG) --> File is excluded.
(DEBUG) Check if /home/cto/zephyrproject/zephyr-course/twister-out/native_sim_native/host_gnu/zephyr-course/tests/ring_buf/homework.unit.ring_buf/zephyr/NSI/common/src/nsi_trace_varg.gcda is included (trace)...
(DEBUG) --> File is excluded.
(DEBUG) Check if nsi_trace_varg.c##a3e0d3caee72420c89583b2e4a22ade9.gcov is included (gcov file)...
(DEBUG)   Filter AlwaysMatchFilter() matched.
(DEBUG) --> File is included.
(DEBUG) Check if /home/cto/zephyrproject/zephyr-course/twister-out/nsi_trace_varg.c##a3e0d3caee72420c89583b2e4a22ade9.gcov is included (trace)...
(DEBUG)   No filter matched.
(DEBUG) --> File is excluded.
(DEBUG) Finding source file corresponding to a gcov data file
  gcov_fname   /home/cto/zephyrproject/zephyr-course/twister-out/nsi_trace_varg.c##a3e0d3caee72420c89583b2e4a22ade9.gcov
  current_dir  /home/cto/zephyrproject/zephyr-course/twister-out
  root         /home/cto/zephyrproject/zephyr-course/app/modules/ring_buf
  starting_dir /home/cto/zephyrproject/zephyr-course
  obj_dir      /home/cto/zephyrproject/zephyr-course/twister-out
  gcda_fname   native_sim_native/host_gnu/zephyr-course/tests/ring_buf/homework.unit.ring_buf/zephyr/NSI/common/src/nsi_trace_varg.gcda
  --> fname    /home/cto/zephyrproject/zephyr/scripts/native_simulator/common/src/nsi_trace_varg.c
(DEBUG) Check if /home/cto/zephyrproject/zephyr/scripts/native_simulator/common/src/nsi_trace_varg.c is included (source file)...
(DEBUG)   No filter matched.
(DEBUG) --> File is excluded.
(DEBUG) Check if /home/cto/zephyrproject/zephyr-course/twister-out/native_sim_native/host_gnu/zephyr-course/tests/ring_buf/homework.unit.ring_buf/zephyr/NSI/common/src/nsi_weak_stubs.gcda is included (trace)...
(DEBUG)   No filter matched.
(DEBUG) --> File is excluded.
(DEBUG) Check if /home/cto/zephyrproject/zephyr-course/twister-out/native_sim_native/host_gnu/zephyr-course/tests/ring_buf/homework.unit.ring_buf/zephyr/NSI/common/src/nsi_weak_stubs.gcda is included (trace)...
(DEBUG) --> File is excluded.
(DEBUG) Check if nsi_weak_stubs.c##fd31ffd2fa00e5427cd24b3947796984.gcov is included (gcov file)...
(DEBUG)   Filter AlwaysMatchFilter() matched.
(DEBUG) --> File is included.
(DEBUG) Check if /home/cto/zephyrproject/zephyr-course/twister-out/nsi_weak_stubs.c##fd31ffd2fa00e5427cd24b3947796984.gcov is included (trace)...
(DEBUG)   No filter matched.
(DEBUG) --> File is excluded.
(DEBUG) Finding source file corresponding to a gcov data file
  gcov_fname   /home/cto/zephyrproject/zephyr-course/twister-out/nsi_weak_stubs.c##fd31ffd2fa00e5427cd24b3947796984.gcov
  current_dir  /home/cto/zephyrproject/zephyr-course/twister-out
  root         /home/cto/zephyrproject/zephyr-course/app/modules/ring_buf
  starting_dir /home/cto/zephyrproject/zephyr-course
  obj_dir      /home/cto/zephyrproject/zephyr-course/twister-out
  gcda_fname   native_sim_native/host_gnu/zephyr-course/tests/ring_buf/homework.unit.ring_buf/zephyr/NSI/common/src/nsi_weak_stubs.gcda
  --> fname    /home/cto/zephyrproject/zephyr/scripts/native_simulator/common/src/nsi_weak_stubs.c
(DEBUG) Check if /home/cto/zephyrproject/zephyr/scripts/native_simulator/common/src/nsi_weak_stubs.c is included (source file)...
(DEBUG)   No filter matched.
(DEBUG) --> File is excluded.
(DEBUG) Check if /home/cto/zephyrproject/zephyr-course/twister-out/native_sim_native/host_gnu/zephyr-course/tests/ring_buf/homework.unit.ring_buf/zephyr/NSI/native/src/hw_counter.gcda is included (trace)...
(DEBUG)   No filter matched.
(DEBUG) --> File is excluded.
(DEBUG) Check if /home/cto/zephyrproject/zephyr-course/twister-out/native_sim_native/host_gnu/zephyr-course/tests/ring_buf/homework.unit.ring_buf/zephyr/NSI/native/src/hw_counter.gcda is included (trace)...
(DEBUG) --> File is excluded.
(DEBUG) Check if hw_counter.c##d184931a6e6a47356657f86fcacd6fb3.gcov is included (gcov file)...
(DEBUG)   Filter AlwaysMatchFilter() matched.
(DEBUG) --> File is included.
(DEBUG) Check if nsi_hw_scheduler.h##a046154de9a1bab0b4f2e5de828f65a7.gcov is included (gcov file)...
(DEBUG) --> File is included.
(DEBUG) Check if /home/cto/zephyrproject/zephyr-course/twister-out/hw_counter.c##d184931a6e6a47356657f86fcacd6fb3.gcov is included (trace)...
(DEBUG)   No filter matched.
(DEBUG) --> File is excluded.
(DEBUG) Finding source file corresponding to a gcov data file
  gcov_fname   /home/cto/zephyrproject/zephyr-course/twister-out/hw_counter.c##d184931a6e6a47356657f86fcacd6fb3.gcov
  current_dir  /home/cto/zephyrproject/zephyr-course/twister-out
  root         /home/cto/zephyrproject/zephyr-course/app/modules/ring_buf
  starting_dir /home/cto/zephyrproject/zephyr-course
  obj_dir      /home/cto/zephyrproject/zephyr-course/twister-out
  gcda_fname   native_sim_native/host_gnu/zephyr-course/tests/ring_buf/homework.unit.ring_buf/zephyr/NSI/native/src/hw_counter.gcda
  --> fname    /home/cto/zephyrproject/zephyr/scripts/native_simulator/native/src/hw_counter.c
(DEBUG) Check if /home/cto/zephyrproject/zephyr/scripts/native_simulator/native/src/hw_counter.c is included (source file)...
(DEBUG)   No filter matched.
(DEBUG) --> File is excluded.
(DEBUG) Check if /home/cto/zephyrproject/zephyr-course/twister-out/nsi_hw_scheduler.h##a046154de9a1bab0b4f2e5de828f65a7.gcov is included (trace)...
(DEBUG) --> File is excluded.
(DEBUG) Finding source file corresponding to a gcov data file
  gcov_fname   /home/cto/zephyrproject/zephyr-course/twister-out/nsi_hw_scheduler.h##a046154de9a1bab0b4f2e5de828f65a7.gcov
  current_dir  /home/cto/zephyrproject/zephyr-course/twister-out
  root         /home/cto/zephyrproject/zephyr-course/app/modules/ring_buf
  starting_dir /home/cto/zephyrproject/zephyr-course
  obj_dir      /home/cto/zephyrproject/zephyr-course/twister-out
  gcda_fname   native_sim_native/host_gnu/zephyr-course/tests/ring_buf/homework.unit.ring_buf/zephyr/NSI/native/src/hw_counter.gcda
  --> fname    /home/cto/zephyrproject/zephyr/scripts/native_simulator/common/src/include/nsi_hw_scheduler.h
(DEBUG) Check if /home/cto/zephyrproject/zephyr/scripts/native_simulator/common/src/include/nsi_hw_scheduler.h is included (source file)...
(DEBUG) --> File is excluded.
(DEBUG) Check if /home/cto/zephyrproject/zephyr-course/twister-out/native_sim_native/host_gnu/zephyr-course/tests/ring_buf/homework.unit.ring_buf/zephyr/NSI/native/src/irq_ctrl.gcda is included (trace)...
(DEBUG)   No filter matched.
(DEBUG) --> File is excluded.
(DEBUG) Check if /home/cto/zephyrproject/zephyr-course/twister-out/native_sim_native/host_gnu/zephyr-course/tests/ring_buf/homework.unit.ring_buf/zephyr/NSI/native/src/irq_ctrl.gcda is included (trace)...
(DEBUG) --> File is excluded.
(DEBUG) Check if irq_ctrl.c##49a4387765e792a27219ee0ef3f19460.gcov is included (gcov file)...
(DEBUG)   Filter AlwaysMatchFilter() matched.
(DEBUG) --> File is included.
(DEBUG) Check if nsi_internal.h##af37edb91cf4757046a7709e0e3df33d.gcov is included (gcov file)...
(DEBUG)   Filter AlwaysMatchFilter() matched.
(DEBUG) --> File is included.
(DEBUG) Check if nsi_hw_scheduler.h##a046154de9a1bab0b4f2e5de828f65a7.gcov is included (gcov file)...
(DEBUG) --> File is included.
(DEBUG) Check if /home/cto/zephyrproject/zephyr-course/twister-out/nsi_internal.h##af37edb91cf4757046a7709e0e3df33d.gcov is included (trace)...
(DEBUG)   No filter matched.
(DEBUG) --> File is excluded.
(DEBUG) Finding source file corresponding to a gcov data file
  gcov_fname   /home/cto/zephyrproject/zephyr-course/twister-out/nsi_internal.h##af37edb91cf4757046a7709e0e3df33d.gcov
  current_dir  /home/cto/zephyrproject/zephyr-course/twister-out
  root         /home/cto/zephyrproject/zephyr-course/app/modules/ring_buf
  starting_dir /home/cto/zephyrproject/zephyr-course
  obj_dir      /home/cto/zephyrproject/zephyr-course/twister-out
  gcda_fname   native_sim_native/host_gnu/zephyr-course/tests/ring_buf/homework.unit.ring_buf/zephyr/NSI/native/src/irq_ctrl.gcda
  --> fname    /home/cto/zephyrproject/zephyr/scripts/native_simulator/common/src/nsi_internal.h
(DEBUG) Check if /home/cto/zephyrproject/zephyr/scripts/native_simulator/common/src/nsi_internal.h is included (source file)...
(DEBUG)   No filter matched.
(DEBUG) --> File is excluded.
(DEBUG) Check if /home/cto/zephyrproject/zephyr-course/twister-out/irq_ctrl.c##49a4387765e792a27219ee0ef3f19460.gcov is included (trace)...
(DEBUG)   No filter matched.
(DEBUG) --> File is excluded.
(DEBUG) Finding source file corresponding to a gcov data file
  gcov_fname   /home/cto/zephyrproject/zephyr-course/twister-out/irq_ctrl.c##49a4387765e792a27219ee0ef3f19460.gcov
  current_dir  /home/cto/zephyrproject/zephyr-course/twister-out
  root         /home/cto/zephyrproject/zephyr-course/app/modules/ring_buf
  starting_dir /home/cto/zephyrproject/zephyr-course
  obj_dir      /home/cto/zephyrproject/zephyr-course/twister-out
  gcda_fname   native_sim_native/host_gnu/zephyr-course/tests/ring_buf/homework.unit.ring_buf/zephyr/NSI/native/src/irq_ctrl.gcda
  --> fname    /home/cto/zephyrproject/zephyr/scripts/native_simulator/native/src/irq_ctrl.c
(DEBUG) Check if /home/cto/zephyrproject/zephyr/scripts/native_simulator/native/src/irq_ctrl.c is included (source file)...
(DEBUG)   No filter matched.
(DEBUG) --> File is excluded.
(DEBUG) Check if /home/cto/zephyrproject/zephyr-course/twister-out/nsi_hw_scheduler.h##a046154de9a1bab0b4f2e5de828f65a7.gcov is included (trace)...
(DEBUG) --> File is excluded.
(DEBUG) Finding source file corresponding to a gcov data file
  gcov_fname   /home/cto/zephyrproject/zephyr-course/twister-out/nsi_hw_scheduler.h##a046154de9a1bab0b4f2e5de828f65a7.gcov
  current_dir  /home/cto/zephyrproject/zephyr-course/twister-out
  root         /home/cto/zephyrproject/zephyr-course/app/modules/ring_buf
  starting_dir /home/cto/zephyrproject/zephyr-course
  obj_dir      /home/cto/zephyrproject/zephyr-course/twister-out
  gcda_fname   native_sim_native/host_gnu/zephyr-course/tests/ring_buf/homework.unit.ring_buf/zephyr/NSI/native/src/irq_ctrl.gcda
  --> fname    /home/cto/zephyrproject/zephyr/scripts/native_simulator/common/src/include/nsi_hw_scheduler.h
(DEBUG) Check if /home/cto/zephyrproject/zephyr/scripts/native_simulator/common/src/include/nsi_hw_scheduler.h is included (source file)...
(DEBUG) --> File is excluded.
(DEBUG) Check if /home/cto/zephyrproject/zephyr-course/twister-out/native_sim_native/host_gnu/zephyr-course/tests/ring_buf/homework.unit.ring_buf/zephyr/NSI/native/src/native_rtc.gcda is included (trace)...
(DEBUG)   No filter matched.
(DEBUG) --> File is excluded.
(DEBUG) Check if /home/cto/zephyrproject/zephyr-course/twister-out/native_sim_native/host_gnu/zephyr-course/tests/ring_buf/homework.unit.ring_buf/zephyr/NSI/native/src/native_rtc.gcda is included (trace)...
(DEBUG) --> File is excluded.
(DEBUG) Check if native_rtc.c##ee685f465e470792f489f011624cf7bc.gcov is included (gcov file)...
(DEBUG)   Filter AlwaysMatchFilter() matched.
(DEBUG) --> File is included.
(DEBUG) Check if nsi_hw_scheduler.h##a046154de9a1bab0b4f2e5de828f65a7.gcov is included (gcov file)...
(DEBUG) --> File is included.
(DEBUG) Check if /home/cto/zephyrproject/zephyr-course/twister-out/nsi_hw_scheduler.h##a046154de9a1bab0b4f2e5de828f65a7.gcov is included (trace)...
(DEBUG) --> File is excluded.
(DEBUG) Finding source file corresponding to a gcov data file
  gcov_fname   /home/cto/zephyrproject/zephyr-course/twister-out/nsi_hw_scheduler.h##a046154de9a1bab0b4f2e5de828f65a7.gcov
  current_dir  /home/cto/zephyrproject/zephyr-course/twister-out
  root         /home/cto/zephyrproject/zephyr-course/app/modules/ring_buf
  starting_dir /home/cto/zephyrproject/zephyr-course
  obj_dir      /home/cto/zephyrproject/zephyr-course/twister-out
  gcda_fname   native_sim_native/host_gnu/zephyr-course/tests/ring_buf/homework.unit.ring_buf/zephyr/NSI/native/src/native_rtc.gcda
  --> fname    /home/cto/zephyrproject/zephyr/scripts/native_simulator/common/src/include/nsi_hw_scheduler.h
(DEBUG) Check if /home/cto/zephyrproject/zephyr/scripts/native_simulator/common/src/include/nsi_hw_scheduler.h is included (source file)...
(DEBUG) --> File is excluded.
(DEBUG) Check if /home/cto/zephyrproject/zephyr-course/twister-out/native_rtc.c##ee685f465e470792f489f011624cf7bc.gcov is included (trace)...
(DEBUG)   No filter matched.
(DEBUG) --> File is excluded.
(DEBUG) Finding source file corresponding to a gcov data file
  gcov_fname   /home/cto/zephyrproject/zephyr-course/twister-out/native_rtc.c##ee685f465e470792f489f011624cf7bc.gcov
  current_dir  /home/cto/zephyrproject/zephyr-course/twister-out
  root         /home/cto/zephyrproject/zephyr-course/app/modules/ring_buf
  starting_dir /home/cto/zephyrproject/zephyr-course
  obj_dir      /home/cto/zephyrproject/zephyr-course/twister-out
  gcda_fname   native_sim_native/host_gnu/zephyr-course/tests/ring_buf/homework.unit.ring_buf/zephyr/NSI/native/src/native_rtc.gcda
  --> fname    /home/cto/zephyrproject/zephyr/scripts/native_simulator/native/src/native_rtc.c
(DEBUG) Check if /home/cto/zephyrproject/zephyr/scripts/native_simulator/native/src/native_rtc.c is included (source file)...
(DEBUG)   No filter matched.
(DEBUG) --> File is excluded.
(DEBUG) Check if /home/cto/zephyrproject/zephyr-course/twister-out/native_sim_native/host_gnu/zephyr-course/tests/ring_buf/homework.unit.ring_buf/zephyr/NSI/native/src/nsi_cmdline.gcda is included (trace)...
(DEBUG)   No filter matched.
(DEBUG) --> File is excluded.
(DEBUG) Check if /home/cto/zephyrproject/zephyr-course/twister-out/native_sim_native/host_gnu/zephyr-course/tests/ring_buf/homework.unit.ring_buf/zephyr/NSI/native/src/nsi_cmdline.gcda is included (trace)...
(DEBUG) --> File is excluded.
(DEBUG) Check if nsi_cmdline.c##4efb54a697a76abb1509f217fba8a781.gcov is included (gcov file)...
(DEBUG)   Filter AlwaysMatchFilter() matched.
(DEBUG) --> File is included.
(DEBUG) Check if /home/cto/zephyrproject/zephyr-course/twister-out/nsi_cmdline.c##4efb54a697a76abb1509f217fba8a781.gcov is included (trace)...
(DEBUG)   No filter matched.
(DEBUG) --> File is excluded.
(DEBUG) Finding source file corresponding to a gcov data file
  gcov_fname   /home/cto/zephyrproject/zephyr-course/twister-out/nsi_cmdline.c##4efb54a697a76abb1509f217fba8a781.gcov
  current_dir  /home/cto/zephyrproject/zephyr-course/twister-out
  root         /home/cto/zephyrproject/zephyr-course/app/modules/ring_buf
  starting_dir /home/cto/zephyrproject/zephyr-course
  obj_dir      /home/cto/zephyrproject/zephyr-course/twister-out
  gcda_fname   native_sim_native/host_gnu/zephyr-course/tests/ring_buf/homework.unit.ring_buf/zephyr/NSI/native/src/nsi_cmdline.gcda
  --> fname    /home/cto/zephyrproject/zephyr/scripts/native_simulator/native/src/nsi_cmdline.c
(DEBUG) Check if /home/cto/zephyrproject/zephyr/scripts/native_simulator/native/src/nsi_cmdline.c is included (source file)...
(DEBUG)   No filter matched.
(DEBUG) --> File is excluded.
(DEBUG) Check if /home/cto/zephyrproject/zephyr-course/twister-out/native_sim_native/host_gnu/zephyr-course/tests/ring_buf/homework.unit.ring_buf/zephyr/NSI/native/src/nsi_cmdline_common.gcda is included (trace)...
(DEBUG)   No filter matched.
(DEBUG) --> File is excluded.
(DEBUG) Check if /home/cto/zephyrproject/zephyr-course/twister-out/native_sim_native/host_gnu/zephyr-course/tests/ring_buf/homework.unit.ring_buf/zephyr/NSI/native/src/nsi_cmdline_common.gcda is included (trace)...
(DEBUG) --> File is excluded.
(DEBUG) Check if nsi_cmdline_common.c##375f8f83538fe97d1ec3f16a5f7fa2c0.gcov is included (gcov file)...
(DEBUG)   Filter AlwaysMatchFilter() matched.
(DEBUG) --> File is included.
(DEBUG) Check if /home/cto/zephyrproject/zephyr-course/twister-out/nsi_cmdline_common.c##375f8f83538fe97d1ec3f16a5f7fa2c0.gcov is included (trace)...
(DEBUG)   No filter matched.
(DEBUG) --> File is excluded.
(DEBUG) Finding source file corresponding to a gcov data file
  gcov_fname   /home/cto/zephyrproject/zephyr-course/twister-out/nsi_cmdline_common.c##375f8f83538fe97d1ec3f16a5f7fa2c0.gcov
  current_dir  /home/cto/zephyrproject/zephyr-course/twister-out
  root         /home/cto/zephyrproject/zephyr-course/app/modules/ring_buf
  starting_dir /home/cto/zephyrproject/zephyr-course
  obj_dir      /home/cto/zephyrproject/zephyr-course/twister-out
  gcda_fname   native_sim_native/host_gnu/zephyr-course/tests/ring_buf/homework.unit.ring_buf/zephyr/NSI/native/src/nsi_cmdline_common.gcda
  --> fname    /home/cto/zephyrproject/zephyr/scripts/native_simulator/native/src/nsi_cmdline_common.c
(DEBUG) Check if /home/cto/zephyrproject/zephyr/scripts/native_simulator/native/src/nsi_cmdline_common.c is included (source file)...
(DEBUG)   No filter matched.
(DEBUG) --> File is excluded.
(DEBUG) Check if /home/cto/zephyrproject/zephyr-course/twister-out/native_sim_native/host_gnu/zephyr-course/tests/ring_buf/homework.unit.ring_buf/zephyr/NSI/native/src/nsi_trace.gcda is included (trace)...
(DEBUG)   No filter matched.
(DEBUG) --> File is excluded.
(DEBUG) Check if /home/cto/zephyrproject/zephyr-course/twister-out/native_sim_native/host_gnu/zephyr-course/tests/ring_buf/homework.unit.ring_buf/zephyr/NSI/native/src/nsi_trace.gcda is included (trace)...
(DEBUG) --> File is excluded.
(DEBUG) Check if nsi_trace.c##3b8390a17225c368e0212f156967315b.gcov is included (gcov file)...
(DEBUG)   Filter AlwaysMatchFilter() matched.
(DEBUG) --> File is included.
(DEBUG) Check if /home/cto/zephyrproject/zephyr-course/twister-out/nsi_trace.c##3b8390a17225c368e0212f156967315b.gcov is included (trace)...
(DEBUG)   No filter matched.
(DEBUG) --> File is excluded.
(DEBUG) Finding source file corresponding to a gcov data file
  gcov_fname   /home/cto/zephyrproject/zephyr-course/twister-out/nsi_trace.c##3b8390a17225c368e0212f156967315b.gcov
  current_dir  /home/cto/zephyrproject/zephyr-course/twister-out
  root         /home/cto/zephyrproject/zephyr-course/app/modules/ring_buf
  starting_dir /home/cto/zephyrproject/zephyr-course
  obj_dir      /home/cto/zephyrproject/zephyr-course/twister-out
  gcda_fname   native_sim_native/host_gnu/zephyr-course/tests/ring_buf/homework.unit.ring_buf/zephyr/NSI/native/src/nsi_trace.gcda
  --> fname    /home/cto/zephyrproject/zephyr/scripts/native_simulator/native/src/nsi_trace.c
(DEBUG) Check if /home/cto/zephyrproject/zephyr/scripts/native_simulator/native/src/nsi_trace.c is included (source file)...
(DEBUG)   No filter matched.
(DEBUG) --> File is excluded.
(DEBUG) Check if /home/cto/zephyrproject/zephyr-course/twister-out/native_sim_native/host_gnu/zephyr-course/tests/ring_buf/homework.unit.ring_buf/zephyr/NSI/native/src/timer_model.gcda is included (trace)...
(DEBUG)   No filter matched.
(DEBUG) --> File is excluded.
(DEBUG) Check if /home/cto/zephyrproject/zephyr-course/twister-out/native_sim_native/host_gnu/zephyr-course/tests/ring_buf/homework.unit.ring_buf/zephyr/NSI/native/src/timer_model.gcda is included (trace)...
(DEBUG) --> File is excluded.
(DEBUG) Check if timer_model.c##854d1be72e98835407c7f09768bc3507.gcov is included (gcov file)...
(DEBUG)   Filter AlwaysMatchFilter() matched.
(DEBUG) --> File is included.
(DEBUG) Check if nsi_hw_scheduler.h##a046154de9a1bab0b4f2e5de828f65a7.gcov is included (gcov file)...
(DEBUG) --> File is included.
(DEBUG) Check if /home/cto/zephyrproject/zephyr-course/twister-out/timer_model.c##854d1be72e98835407c7f09768bc3507.gcov is included (trace)...
(DEBUG)   No filter matched.
(DEBUG) --> File is excluded.
(DEBUG) Finding source file corresponding to a gcov data file
  gcov_fname   /home/cto/zephyrproject/zephyr-course/twister-out/timer_model.c##854d1be72e98835407c7f09768bc3507.gcov
  current_dir  /home/cto/zephyrproject/zephyr-course/twister-out
  root         /home/cto/zephyrproject/zephyr-course/app/modules/ring_buf
  starting_dir /home/cto/zephyrproject/zephyr-course
  obj_dir      /home/cto/zephyrproject/zephyr-course/twister-out
  gcda_fname   native_sim_native/host_gnu/zephyr-course/tests/ring_buf/homework.unit.ring_buf/zephyr/NSI/native/src/timer_model.gcda
  --> fname    /home/cto/zephyrproject/zephyr/scripts/native_simulator/native/src/timer_model.c
(DEBUG) Check if /home/cto/zephyrproject/zephyr/scripts/native_simulator/native/src/timer_model.c is included (source file)...
(DEBUG)   No filter matched.
(DEBUG) --> File is excluded.
(DEBUG) Check if /home/cto/zephyrproject/zephyr-course/twister-out/nsi_hw_scheduler.h##a046154de9a1bab0b4f2e5de828f65a7.gcov is included (trace)...
(DEBUG) --> File is excluded.
(DEBUG) Finding source file corresponding to a gcov data file
  gcov_fname   /home/cto/zephyrproject/zephyr-course/twister-out/nsi_hw_scheduler.h##a046154de9a1bab0b4f2e5de828f65a7.gcov
  current_dir  /home/cto/zephyrproject/zephyr-course/twister-out
  root         /home/cto/zephyrproject/zephyr-course/app/modules/ring_buf
  starting_dir /home/cto/zephyrproject/zephyr-course
  obj_dir      /home/cto/zephyrproject/zephyr-course/twister-out
  gcda_fname   native_sim_native/host_gnu/zephyr-course/tests/ring_buf/homework.unit.ring_buf/zephyr/NSI/native/src/timer_model.gcda
  --> fname    /home/cto/zephyrproject/zephyr/scripts/native_simulator/common/src/include/nsi_hw_scheduler.h
(DEBUG) Check if /home/cto/zephyrproject/zephyr/scripts/native_simulator/common/src/include/nsi_hw_scheduler.h is included (source file)...
(DEBUG) --> File is excluded.
(DEBUG) Check if /home/cto/zephyrproject/zephyr-course/twister-out/native_sim_native/host_gnu/zephyr-course/tests/ring_buf/homework.unit.ring_buf/zephyr/arch/arch/posix/core/CMakeFiles/arch__posix__core.dir/cpuhalt.c.gcda is included (trace)...
(DEBUG)   No filter matched.
(DEBUG) --> File is excluded.
(DEBUG) Check if /home/cto/zephyrproject/zephyr-course/twister-out/native_sim_native/host_gnu/zephyr-course/tests/ring_buf/homework.unit.ring_buf/zephyr/arch/arch/posix/core/CMakeFiles/arch__posix__core.dir/cpuhalt.c.gcda is included (trace)...
(DEBUG) --> File is excluded.
(DEBUG) Check if cpuhalt.c##a7dc0c608c3ffe0007e0958e1dd19cfa.gcov is included (gcov file)...
(DEBUG)   Filter AlwaysMatchFilter() matched.
(DEBUG) --> File is included.
(DEBUG) Check if /home/cto/zephyrproject/zephyr-course/twister-out/cpuhalt.c##a7dc0c608c3ffe0007e0958e1dd19cfa.gcov is included (trace)...
(DEBUG)   No filter matched.
(DEBUG) --> File is excluded.
(DEBUG) Finding source file corresponding to a gcov data file
  gcov_fname   /home/cto/zephyrproject/zephyr-course/twister-out/cpuhalt.c##a7dc0c608c3ffe0007e0958e1dd19cfa.gcov
  current_dir  /home/cto/zephyrproject/zephyr-course/twister-out
  root         /home/cto/zephyrproject/zephyr-course/app/modules/ring_buf
  starting_dir /home/cto/zephyrproject/zephyr-course
  obj_dir      /home/cto/zephyrproject/zephyr-course/twister-out
  gcda_fname   native_sim_native/host_gnu/zephyr-course/tests/ring_buf/homework.unit.ring_buf/zephyr/arch/arch/posix/core/CMakeFiles/arch__posix__core.dir/cpuhalt.c.gcda
  --> fname    /home/cto/zephyrproject/zephyr/arch/posix/core/cpuhalt.c
(DEBUG) Check if /home/cto/zephyrproject/zephyr/arch/posix/core/cpuhalt.c is included (source file)...
(DEBUG)   No filter matched.
(DEBUG) --> File is excluded.
(DEBUG) Check if /home/cto/zephyrproject/zephyr-course/twister-out/native_sim_native/host_gnu/zephyr-course/tests/ring_buf/homework.unit.ring_buf/zephyr/arch/arch/posix/core/CMakeFiles/arch__posix__core.dir/fatal.c.gcda is included (trace)...
(DEBUG)   No filter matched.
(DEBUG) --> File is excluded.
(DEBUG) Check if /home/cto/zephyrproject/zephyr-course/twister-out/native_sim_native/host_gnu/zephyr-course/tests/ring_buf/homework.unit.ring_buf/zephyr/arch/arch/posix/core/CMakeFiles/arch__posix__core.dir/fatal.c.gcda is included (trace)...
(DEBUG) --> File is excluded.
(DEBUG) Check if fatal.c##3c49646110bc2c45f16e9b720ad2d38b.gcov is included (gcov file)...
(DEBUG)   Filter AlwaysMatchFilter() matched.
(DEBUG) --> File is included.
(DEBUG) Check if /home/cto/zephyrproject/zephyr-course/twister-out/fatal.c##3c49646110bc2c45f16e9b720ad2d38b.gcov is included (trace)...
(DEBUG)   No filter matched.
(DEBUG) --> File is excluded.
(DEBUG) Finding source file corresponding to a gcov data file
  gcov_fname   /home/cto/zephyrproject/zephyr-course/twister-out/fatal.c##3c49646110bc2c45f16e9b720ad2d38b.gcov
  current_dir  /home/cto/zephyrproject/zephyr-course/twister-out
  root         /home/cto/zephyrproject/zephyr-course/app/modules/ring_buf
  starting_dir /home/cto/zephyrproject/zephyr-course
  obj_dir      /home/cto/zephyrproject/zephyr-course/twister-out
  gcda_fname   native_sim_native/host_gnu/zephyr-course/tests/ring_buf/homework.unit.ring_buf/zephyr/arch/arch/posix/core/CMakeFiles/arch__posix__core.dir/fatal.c.gcda
  --> fname    /home/cto/zephyrproject/zephyr/arch/posix/core/fatal.c
(DEBUG) Check if /home/cto/zephyrproject/zephyr/arch/posix/core/fatal.c is included (source file)...
(DEBUG)   No filter matched.
(DEBUG) --> File is excluded.
(DEBUG) Check if /home/cto/zephyrproject/zephyr-course/twister-out/native_sim_native/host_gnu/zephyr-course/tests/ring_buf/homework.unit.ring_buf/zephyr/arch/arch/posix/core/CMakeFiles/arch__posix__core.dir/irq.c.gcda is included (trace)...
(DEBUG)   No filter matched.
(DEBUG) --> File is excluded.
(DEBUG) Check if /home/cto/zephyrproject/zephyr-course/twister-out/native_sim_native/host_gnu/zephyr-course/tests/ring_buf/homework.unit.ring_buf/zephyr/arch/arch/posix/core/CMakeFiles/arch__posix__core.dir/irq.c.gcda is included (trace)...
(DEBUG) --> File is excluded.
(DEBUG) Check if irq.c##f0b8b51d37c0c1ac778aed353f98666a.gcov is included (gcov file)...
(DEBUG)   Filter AlwaysMatchFilter() matched.
(DEBUG) --> File is included.
(DEBUG) Check if /home/cto/zephyrproject/zephyr-course/twister-out/irq.c##f0b8b51d37c0c1ac778aed353f98666a.gcov is included (trace)...
(DEBUG)   No filter matched.
(DEBUG) --> File is excluded.
(DEBUG) Finding source file corresponding to a gcov data file
  gcov_fname   /home/cto/zephyrproject/zephyr-course/twister-out/irq.c##f0b8b51d37c0c1ac778aed353f98666a.gcov
  current_dir  /home/cto/zephyrproject/zephyr-course/twister-out
  root         /home/cto/zephyrproject/zephyr-course/app/modules/ring_buf
  starting_dir /home/cto/zephyrproject/zephyr-course
  obj_dir      /home/cto/zephyrproject/zephyr-course/twister-out
  gcda_fname   native_sim_native/host_gnu/zephyr-course/tests/ring_buf/homework.unit.ring_buf/zephyr/arch/arch/posix/core/CMakeFiles/arch__posix__core.dir/irq.c.gcda
  --> fname    /home/cto/zephyrproject/zephyr/arch/posix/core/irq.c
(DEBUG) Check if /home/cto/zephyrproject/zephyr/arch/posix/core/irq.c is included (source file)...
(DEBUG)   No filter matched.
(DEBUG) --> File is excluded.
(DEBUG) Check if /home/cto/zephyrproject/zephyr-course/twister-out/native_sim_native/host_gnu/zephyr-course/tests/ring_buf/homework.unit.ring_buf/zephyr/arch/arch/posix/core/CMakeFiles/arch__posix__core.dir/posix_core_nsi.c.gcda is included (trace)...
(DEBUG)   No filter matched.
(DEBUG) --> File is excluded.
(DEBUG) Check if /home/cto/zephyrproject/zephyr-course/twister-out/native_sim_native/host_gnu/zephyr-course/tests/ring_buf/homework.unit.ring_buf/zephyr/arch/arch/posix/core/CMakeFiles/arch__posix__core.dir/posix_core_nsi.c.gcda is included (trace)...
(DEBUG) --> File is excluded.
(DEBUG) Check if posix_core_nsi.c##d1ad55fd10e2914a0b19c5d7e40985d4.gcov is included (gcov file)...
(DEBUG)   Filter AlwaysMatchFilter() matched.
(DEBUG) --> File is included.
(DEBUG) Check if /home/cto/zephyrproject/zephyr-course/twister-out/posix_core_nsi.c##d1ad55fd10e2914a0b19c5d7e40985d4.gcov is included (trace)...
(DEBUG)   No filter matched.
(DEBUG) --> File is excluded.
(DEBUG) Finding source file corresponding to a gcov data file
  gcov_fname   /home/cto/zephyrproject/zephyr-course/twister-out/posix_core_nsi.c##d1ad55fd10e2914a0b19c5d7e40985d4.gcov
  current_dir  /home/cto/zephyrproject/zephyr-course/twister-out
  root         /home/cto/zephyrproject/zephyr-course/app/modules/ring_buf
  starting_dir /home/cto/zephyrproject/zephyr-course
  obj_dir      /home/cto/zephyrproject/zephyr-course/twister-out
  gcda_fname   native_sim_native/host_gnu/zephyr-course/tests/ring_buf/homework.unit.ring_buf/zephyr/arch/arch/posix/core/CMakeFiles/arch__posix__core.dir/posix_core_nsi.c.gcda
  --> fname    /home/cto/zephyrproject/zephyr/arch/posix/core/posix_core_nsi.c
(DEBUG) Check if /home/cto/zephyrproject/zephyr/arch/posix/core/posix_core_nsi.c is included (source file)...
(DEBUG)   No filter matched.
(DEBUG) --> File is excluded.
(DEBUG) Check if /home/cto/zephyrproject/zephyr-course/twister-out/native_sim_native/host_gnu/zephyr-course/tests/ring_buf/homework.unit.ring_buf/zephyr/arch/arch/posix/core/CMakeFiles/arch__posix__core.dir/swap.c.gcda is included (trace)...
(DEBUG)   No filter matched.
(DEBUG) --> File is excluded.
(DEBUG) Check if /home/cto/zephyrproject/zephyr-course/twister-out/native_sim_native/host_gnu/zephyr-course/tests/ring_buf/homework.unit.ring_buf/zephyr/arch/arch/posix/core/CMakeFiles/arch__posix__core.dir/swap.c.gcda is included (trace)...
(DEBUG) --> File is excluded.
(DEBUG) Check if swap.c##e023570b3fddf91535eeecd6be190d89.gcov is included (gcov file)...
(DEBUG)   Filter AlwaysMatchFilter() matched.
(DEBUG) --> File is included.
(DEBUG) Check if arch.h##cd3ec459a8a675a723e815b63d40d361.gcov is included (gcov file)...
(DEBUG) --> File is included.
(DEBUG) Check if /home/cto/zephyrproject/zephyr-course/twister-out/swap.c##e023570b3fddf91535eeecd6be190d89.gcov is included (trace)...
(DEBUG)   No filter matched.
(DEBUG) --> File is excluded.
(DEBUG) Finding source file corresponding to a gcov data file
  gcov_fname   /home/cto/zephyrproject/zephyr-course/twister-out/swap.c##e023570b3fddf91535eeecd6be190d89.gcov
  current_dir  /home/cto/zephyrproject/zephyr-course/twister-out
  root         /home/cto/zephyrproject/zephyr-course/app/modules/ring_buf
  starting_dir /home/cto/zephyrproject/zephyr-course
  obj_dir      /home/cto/zephyrproject/zephyr-course/twister-out
  gcda_fname   native_sim_native/host_gnu/zephyr-course/tests/ring_buf/homework.unit.ring_buf/zephyr/arch/arch/posix/core/CMakeFiles/arch__posix__core.dir/swap.c.gcda
  --> fname    /home/cto/zephyrproject/zephyr/arch/posix/core/swap.c
(DEBUG) Check if /home/cto/zephyrproject/zephyr/arch/posix/core/swap.c is included (source file)...
(DEBUG)   No filter matched.
(DEBUG) --> File is excluded.
(DEBUG) Check if /home/cto/zephyrproject/zephyr-course/twister-out/arch.h##cd3ec459a8a675a723e815b63d40d361.gcov is included (trace)...
(DEBUG) --> File is excluded.
(DEBUG) Finding source file corresponding to a gcov data file
  gcov_fname   /home/cto/zephyrproject/zephyr-course/twister-out/arch.h##cd3ec459a8a675a723e815b63d40d361.gcov
  current_dir  /home/cto/zephyrproject/zephyr-course/twister-out
  root         /home/cto/zephyrproject/zephyr-course/app/modules/ring_buf
  starting_dir /home/cto/zephyrproject/zephyr-course
  obj_dir      /home/cto/zephyrproject/zephyr-course/twister-out
  gcda_fname   native_sim_native/host_gnu/zephyr-course/tests/ring_buf/homework.unit.ring_buf/zephyr/arch/arch/posix/core/CMakeFiles/arch__posix__core.dir/swap.c.gcda
  --> fname    /home/cto/zephyrproject/zephyr/include/zephyr/arch/posix/arch.h
(DEBUG) Check if /home/cto/zephyrproject/zephyr/include/zephyr/arch/posix/arch.h is included (source file)...
(DEBUG) --> File is excluded.
(DEBUG) Check if /home/cto/zephyrproject/zephyr-course/twister-out/native_sim_native/host_gnu/zephyr-course/tests/ring_buf/homework.unit.ring_buf/zephyr/arch/arch/posix/core/CMakeFiles/arch__posix__core.dir/thread.c.gcda is included (trace)...
(DEBUG)   No filter matched.
(DEBUG) --> File is excluded.
(DEBUG) Check if /home/cto/zephyrproject/zephyr-course/twister-out/native_sim_native/host_gnu/zephyr-course/tests/ring_buf/homework.unit.ring_buf/zephyr/arch/arch/posix/core/CMakeFiles/arch__posix__core.dir/thread.c.gcda is included (trace)...
(DEBUG) --> File is excluded.
(DEBUG) Check if thread.c##affcfc0dd52c819ad2d22066f134272f.gcov is included (gcov file)...
(DEBUG)   Filter AlwaysMatchFilter() matched.
(DEBUG) --> File is included.
(DEBUG) Check if arch.h##cd3ec459a8a675a723e815b63d40d361.gcov is included (gcov file)...
(DEBUG) --> File is included.
(DEBUG) Check if /home/cto/zephyrproject/zephyr-course/twister-out/arch.h##cd3ec459a8a675a723e815b63d40d361.gcov is included (trace)...
(DEBUG) --> File is excluded.
(DEBUG) Finding source file corresponding to a gcov data file
  gcov_fname   /home/cto/zephyrproject/zephyr-course/twister-out/arch.h##cd3ec459a8a675a723e815b63d40d361.gcov
  current_dir  /home/cto/zephyrproject/zephyr-course/twister-out
  root         /home/cto/zephyrproject/zephyr-course/app/modules/ring_buf
  starting_dir /home/cto/zephyrproject/zephyr-course
  obj_dir      /home/cto/zephyrproject/zephyr-course/twister-out
  gcda_fname   native_sim_native/host_gnu/zephyr-course/tests/ring_buf/homework.unit.ring_buf/zephyr/arch/arch/posix/core/CMakeFiles/arch__posix__core.dir/thread.c.gcda
  --> fname    /home/cto/zephyrproject/zephyr/include/zephyr/arch/posix/arch.h
(DEBUG) Check if /home/cto/zephyrproject/zephyr/include/zephyr/arch/posix/arch.h is included (source file)...
(DEBUG) --> File is excluded.
(DEBUG) Check if /home/cto/zephyrproject/zephyr-course/twister-out/thread.c##affcfc0dd52c819ad2d22066f134272f.gcov is included (trace)...
(DEBUG)   No filter matched.
(DEBUG) --> File is excluded.
(DEBUG) Finding source file corresponding to a gcov data file
  gcov_fname   /home/cto/zephyrproject/zephyr-course/twister-out/thread.c##affcfc0dd52c819ad2d22066f134272f.gcov
  current_dir  /home/cto/zephyrproject/zephyr-course/twister-out
  root         /home/cto/zephyrproject/zephyr-course/app/modules/ring_buf
  starting_dir /home/cto/zephyrproject/zephyr-course
  obj_dir      /home/cto/zephyrproject/zephyr-course/twister-out
  gcda_fname   native_sim_native/host_gnu/zephyr-course/tests/ring_buf/homework.unit.ring_buf/zephyr/arch/arch/posix/core/CMakeFiles/arch__posix__core.dir/thread.c.gcda
  --> fname    /home/cto/zephyrproject/zephyr/arch/posix/core/thread.c
(DEBUG) Check if /home/cto/zephyrproject/zephyr/arch/posix/core/thread.c is included (source file)...
(DEBUG)   No filter matched.
(DEBUG) --> File is excluded.
(DEBUG) Check if /home/cto/zephyrproject/zephyr-course/twister-out/native_sim_native/host_gnu/zephyr-course/tests/ring_buf/homework.unit.ring_buf/zephyr/arch/common/CMakeFiles/arch__common.dir/init.c.gcda is included (trace)...
(DEBUG)   No filter matched.
(DEBUG) --> File is excluded.
(DEBUG) Check if /home/cto/zephyrproject/zephyr-course/twister-out/native_sim_native/host_gnu/zephyr-course/tests/ring_buf/homework.unit.ring_buf/zephyr/arch/common/CMakeFiles/arch__common.dir/init.c.gcda is included (trace)...
(DEBUG) --> File is excluded.
(DEBUG) Check if init.c##86aca68868969af9e235b16a41670f85.gcov is included (gcov file)...
(DEBUG)   Filter AlwaysMatchFilter() matched.
(DEBUG) --> File is included.
(DEBUG) Check if /home/cto/zephyrproject/zephyr-course/twister-out/init.c##86aca68868969af9e235b16a41670f85.gcov is included (trace)...
(DEBUG)   No filter matched.
(DEBUG) --> File is excluded.
(DEBUG) Finding source file corresponding to a gcov data file
  gcov_fname   /home/cto/zephyrproject/zephyr-course/twister-out/init.c##86aca68868969af9e235b16a41670f85.gcov
  current_dir  /home/cto/zephyrproject/zephyr-course/twister-out
  root         /home/cto/zephyrproject/zephyr-course/app/modules/ring_buf
  starting_dir /home/cto/zephyrproject/zephyr-course
  obj_dir      /home/cto/zephyrproject/zephyr-course/twister-out
  gcda_fname   native_sim_native/host_gnu/zephyr-course/tests/ring_buf/homework.unit.ring_buf/zephyr/arch/common/CMakeFiles/arch__common.dir/init.c.gcda
  --> fname    /home/cto/zephyrproject/zephyr/arch/common/init.c
(DEBUG) Check if /home/cto/zephyrproject/zephyr/arch/common/init.c is included (source file)...
(DEBUG)   No filter matched.
(DEBUG) --> File is excluded.
(DEBUG) Check if /home/cto/zephyrproject/zephyr-course/twister-out/native_sim_native/host_gnu/zephyr-course/tests/ring_buf/homework.unit.ring_buf/zephyr/boards/native/native_sim/CMakeFiles/boards__native__native_sim.dir/cmdline.c.gcda is included (trace)...
(DEBUG)   No filter matched.
(DEBUG) --> File is excluded.
(DEBUG) Check if /home/cto/zephyrproject/zephyr-course/twister-out/native_sim_native/host_gnu/zephyr-course/tests/ring_buf/homework.unit.ring_buf/zephyr/boards/native/native_sim/CMakeFiles/boards__native__native_sim.dir/cmdline.c.gcda is included (trace)...
(DEBUG) --> File is excluded.
(DEBUG) Check if cmdline.c##535a2e14b399e06d178e1079fb7aabd8.gcov is included (gcov file)...
(DEBUG)   Filter AlwaysMatchFilter() matched.
(DEBUG) --> File is included.
(DEBUG) Check if /home/cto/zephyrproject/zephyr-course/twister-out/cmdline.c##535a2e14b399e06d178e1079fb7aabd8.gcov is included (trace)...
(DEBUG)   No filter matched.
(DEBUG) --> File is excluded.
(DEBUG) Finding source file corresponding to a gcov data file
  gcov_fname   /home/cto/zephyrproject/zephyr-course/twister-out/cmdline.c##535a2e14b399e06d178e1079fb7aabd8.gcov
  current_dir  /home/cto/zephyrproject/zephyr-course/twister-out
  root         /home/cto/zephyrproject/zephyr-course/app/modules/ring_buf
  starting_dir /home/cto/zephyrproject/zephyr-course
  obj_dir      /home/cto/zephyrproject/zephyr-course/twister-out
  gcda_fname   native_sim_native/host_gnu/zephyr-course/tests/ring_buf/homework.unit.ring_buf/zephyr/boards/native/native_sim/CMakeFiles/boards__native__native_sim.dir/cmdline.c.gcda
  --> fname    /home/cto/zephyrproject/zephyr/boards/native/native_sim/cmdline.c
(DEBUG) Check if /home/cto/zephyrproject/zephyr/boards/native/native_sim/cmdline.c is included (source file)...
(DEBUG)   No filter matched.
(DEBUG) --> File is excluded.
(DEBUG) Check if /home/cto/zephyrproject/zephyr-course/twister-out/native_sim_native/host_gnu/zephyr-course/tests/ring_buf/homework.unit.ring_buf/zephyr/boards/native/native_sim/CMakeFiles/boards__native__native_sim.dir/cpu_wait.c.gcda is included (trace)...
(DEBUG)   No filter matched.
(DEBUG) --> File is excluded.
(DEBUG) Check if /home/cto/zephyrproject/zephyr-course/twister-out/native_sim_native/host_gnu/zephyr-course/tests/ring_buf/homework.unit.ring_buf/zephyr/boards/native/native_sim/CMakeFiles/boards__native__native_sim.dir/cpu_wait.c.gcda is included (trace)...
(DEBUG) --> File is excluded.
(DEBUG) Check if cpu_wait.c##f1e086f890f60f141d03dfff49606b89.gcov is included (gcov file)...
(DEBUG)   Filter AlwaysMatchFilter() matched.
(DEBUG) --> File is included.
(DEBUG) Check if nsi_hw_scheduler.h##a046154de9a1bab0b4f2e5de828f65a7.gcov is included (gcov file)...
(DEBUG) --> File is included.
(DEBUG) Check if /home/cto/zephyrproject/zephyr-course/twister-out/nsi_hw_scheduler.h##a046154de9a1bab0b4f2e5de828f65a7.gcov is included (trace)...
(DEBUG) --> File is excluded.
(DEBUG) Finding source file corresponding to a gcov data file
  gcov_fname   /home/cto/zephyrproject/zephyr-course/twister-out/nsi_hw_scheduler.h##a046154de9a1bab0b4f2e5de828f65a7.gcov
  current_dir  /home/cto/zephyrproject/zephyr-course/twister-out
  root         /home/cto/zephyrproject/zephyr-course/app/modules/ring_buf
  starting_dir /home/cto/zephyrproject/zephyr-course
  obj_dir      /home/cto/zephyrproject/zephyr-course/twister-out
  gcda_fname   native_sim_native/host_gnu/zephyr-course/tests/ring_buf/homework.unit.ring_buf/zephyr/boards/native/native_sim/CMakeFiles/boards__native__native_sim.dir/cpu_wait.c.gcda
  --> fname    /home/cto/zephyrproject/zephyr/scripts/native_simulator/common/src/include/nsi_hw_scheduler.h
(DEBUG) Check if /home/cto/zephyrproject/zephyr/scripts/native_simulator/common/src/include/nsi_hw_scheduler.h is included (source file)...
(DEBUG) --> File is excluded.
(DEBUG) Check if /home/cto/zephyrproject/zephyr-course/twister-out/cpu_wait.c##f1e086f890f60f141d03dfff49606b89.gcov is included (trace)...
(DEBUG)   No filter matched.
(DEBUG) --> File is excluded.
(DEBUG) Finding source file corresponding to a gcov data file
  gcov_fname   /home/cto/zephyrproject/zephyr-course/twister-out/cpu_wait.c##f1e086f890f60f141d03dfff49606b89.gcov
  current_dir  /home/cto/zephyrproject/zephyr-course/twister-out
  root         /home/cto/zephyrproject/zephyr-course/app/modules/ring_buf
  starting_dir /home/cto/zephyrproject/zephyr-course
  obj_dir      /home/cto/zephyrproject/zephyr-course/twister-out
  gcda_fname   native_sim_native/host_gnu/zephyr-course/tests/ring_buf/homework.unit.ring_buf/zephyr/boards/native/native_sim/CMakeFiles/boards__native__native_sim.dir/cpu_wait.c.gcda
  --> fname    /home/cto/zephyrproject/zephyr/boards/native/native_sim/cpu_wait.c
(DEBUG) Check if /home/cto/zephyrproject/zephyr/boards/native/native_sim/cpu_wait.c is included (source file)...
(DEBUG)   No filter matched.
(DEBUG) --> File is excluded.
(DEBUG) Check if /home/cto/zephyrproject/zephyr-course/twister-out/native_sim_native/host_gnu/zephyr-course/tests/ring_buf/homework.unit.ring_buf/zephyr/boards/native/native_sim/CMakeFiles/boards__native__native_sim.dir/irq_handler.c.gcda is included (trace)...
(DEBUG)   No filter matched.
(DEBUG) --> File is excluded.
(DEBUG) Check if /home/cto/zephyrproject/zephyr-course/twister-out/native_sim_native/host_gnu/zephyr-course/tests/ring_buf/homework.unit.ring_buf/zephyr/boards/native/native_sim/CMakeFiles/boards__native__native_sim.dir/irq_handler.c.gcda is included (trace)...
(DEBUG) --> File is excluded.
(DEBUG) Check if irq_handler.c##c6870b7a8194dd23abf607d989c3af0e.gcov is included (gcov file)...
(DEBUG)   Filter AlwaysMatchFilter() matched.
(DEBUG) --> File is included.
(DEBUG) Check if kswap.h##5ea47f75ed4ca178f401838b12636485.gcov is included (gcov file)...
(DEBUG)   Filter AlwaysMatchFilter() matched.
(DEBUG) --> File is included.
(DEBUG) Check if arch.h##cd3ec459a8a675a723e815b63d40d361.gcov is included (gcov file)...
(DEBUG) --> File is included.
(DEBUG) Check if /home/cto/zephyrproject/zephyr-course/twister-out/kswap.h##5ea47f75ed4ca178f401838b12636485.gcov is included (trace)...
(DEBUG)   No filter matched.
(DEBUG) --> File is excluded.
(DEBUG) Finding source file corresponding to a gcov data file
  gcov_fname   /home/cto/zephyrproject/zephyr-course/twister-out/kswap.h##5ea47f75ed4ca178f401838b12636485.gcov
  current_dir  /home/cto/zephyrproject/zephyr-course/twister-out
  root         /home/cto/zephyrproject/zephyr-course/app/modules/ring_buf
  starting_dir /home/cto/zephyrproject/zephyr-course
  obj_dir      /home/cto/zephyrproject/zephyr-course/twister-out
  gcda_fname   native_sim_native/host_gnu/zephyr-course/tests/ring_buf/homework.unit.ring_buf/zephyr/boards/native/native_sim/CMakeFiles/boards__native__native_sim.dir/irq_handler.c.gcda
  --> fname    /home/cto/zephyrproject/zephyr/kernel/include/kswap.h
(DEBUG) Check if /home/cto/zephyrproject/zephyr/kernel/include/kswap.h is included (source file)...
(DEBUG)   No filter matched.
(DEBUG) --> File is excluded.
(DEBUG) Check if /home/cto/zephyrproject/zephyr-course/twister-out/arch.h##cd3ec459a8a675a723e815b63d40d361.gcov is included (trace)...
(DEBUG) --> File is excluded.
(DEBUG) Finding source file corresponding to a gcov data file
  gcov_fname   /home/cto/zephyrproject/zephyr-course/twister-out/arch.h##cd3ec459a8a675a723e815b63d40d361.gcov
  current_dir  /home/cto/zephyrproject/zephyr-course/twister-out
  root         /home/cto/zephyrproject/zephyr-course/app/modules/ring_buf
  starting_dir /home/cto/zephyrproject/zephyr-course
  obj_dir      /home/cto/zephyrproject/zephyr-course/twister-out
  gcda_fname   native_sim_native/host_gnu/zephyr-course/tests/ring_buf/homework.unit.ring_buf/zephyr/boards/native/native_sim/CMakeFiles/boards__native__native_sim.dir/irq_handler.c.gcda
  --> fname    /home/cto/zephyrproject/zephyr/include/zephyr/arch/posix/arch.h
(DEBUG) Check if /home/cto/zephyrproject/zephyr/include/zephyr/arch/posix/arch.h is included (source file)...
(DEBUG) --> File is excluded.
(DEBUG) Check if /home/cto/zephyrproject/zephyr-course/twister-out/irq_handler.c##c6870b7a8194dd23abf607d989c3af0e.gcov is included (trace)...
(DEBUG)   No filter matched.
(DEBUG) --> File is excluded.
(DEBUG) Finding source file corresponding to a gcov data file
  gcov_fname   /home/cto/zephyrproject/zephyr-course/twister-out/irq_handler.c##c6870b7a8194dd23abf607d989c3af0e.gcov
  current_dir  /home/cto/zephyrproject/zephyr-course/twister-out
  root         /home/cto/zephyrproject/zephyr-course/app/modules/ring_buf
  starting_dir /home/cto/zephyrproject/zephyr-course
  obj_dir      /home/cto/zephyrproject/zephyr-course/twister-out
  gcda_fname   native_sim_native/host_gnu/zephyr-course/tests/ring_buf/homework.unit.ring_buf/zephyr/boards/native/native_sim/CMakeFiles/boards__native__native_sim.dir/irq_handler.c.gcda
  --> fname    /home/cto/zephyrproject/zephyr/boards/native/native_sim/irq_handler.c
(DEBUG) Check if /home/cto/zephyrproject/zephyr/boards/native/native_sim/irq_handler.c is included (source file)...
(DEBUG)   No filter matched.
(DEBUG) --> File is excluded.
(DEBUG) Check if /home/cto/zephyrproject/zephyr-course/twister-out/native_sim_native/host_gnu/zephyr-course/tests/ring_buf/homework.unit.ring_buf/zephyr/boards/native/native_sim/CMakeFiles/boards__native__native_sim.dir/misc.c.gcno is included (trace)...
(DEBUG)   No filter matched.
(DEBUG) --> File is excluded.
(DEBUG) Check if /home/cto/zephyrproject/zephyr-course/twister-out/native_sim_native/host_gnu/zephyr-course/tests/ring_buf/homework.unit.ring_buf/zephyr/boards/native/native_sim/CMakeFiles/boards__native__native_sim.dir/misc.c.gcno is included (trace)...
(DEBUG) --> File is excluded.
(DEBUG) Check if /home/cto/zephyrproject/zephyr-course/twister-out/native_sim_native/host_gnu/zephyr-course/tests/ring_buf/homework.unit.ring_buf/zephyr/boards/native/native_sim/CMakeFiles/boards__native__native_sim.dir/nsi_if.c.gcda is included (trace)...
(DEBUG)   No filter matched.
(DEBUG) --> File is excluded.
(DEBUG) Check if /home/cto/zephyrproject/zephyr-course/twister-out/native_sim_native/host_gnu/zephyr-course/tests/ring_buf/homework.unit.ring_buf/zephyr/boards/native/native_sim/CMakeFiles/boards__native__native_sim.dir/nsi_if.c.gcda is included (trace)...
(DEBUG) --> File is excluded.
(DEBUG) Check if nsi_if.c##3c5275fe15643e4ef1cb3801f6cb384f.gcov is included (gcov file)...
(DEBUG)   Filter AlwaysMatchFilter() matched.
(DEBUG) --> File is included.
(DEBUG) Check if /home/cto/zephyrproject/zephyr-course/twister-out/nsi_if.c##3c5275fe15643e4ef1cb3801f6cb384f.gcov is included (trace)...
(DEBUG)   No filter matched.
(DEBUG) --> File is excluded.
(DEBUG) Finding source file corresponding to a gcov data file
  gcov_fname   /home/cto/zephyrproject/zephyr-course/twister-out/nsi_if.c##3c5275fe15643e4ef1cb3801f6cb384f.gcov
  current_dir  /home/cto/zephyrproject/zephyr-course/twister-out
  root         /home/cto/zephyrproject/zephyr-course/app/modules/ring_buf
  starting_dir /home/cto/zephyrproject/zephyr-course
  obj_dir      /home/cto/zephyrproject/zephyr-course/twister-out
  gcda_fname   native_sim_native/host_gnu/zephyr-course/tests/ring_buf/homework.unit.ring_buf/zephyr/boards/native/native_sim/CMakeFiles/boards__native__native_sim.dir/nsi_if.c.gcda
  --> fname    /home/cto/zephyrproject/zephyr/boards/native/native_sim/nsi_if.c
(DEBUG) Check if /home/cto/zephyrproject/zephyr/boards/native/native_sim/nsi_if.c is included (source file)...
(DEBUG)   No filter matched.
(DEBUG) --> File is excluded.
(DEBUG) Check if /home/cto/zephyrproject/zephyr-course/twister-out/native_sim_native/host_gnu/zephyr-course/tests/ring_buf/homework.unit.ring_buf/zephyr/boards/native/native_sim/CMakeFiles/boards__native__native_sim.dir/posix_arch_if.c.gcda is included (trace)...
(DEBUG)   No filter matched.
(DEBUG) --> File is excluded.
(DEBUG) Check if /home/cto/zephyrproject/zephyr-course/twister-out/native_sim_native/host_gnu/zephyr-course/tests/ring_buf/homework.unit.ring_buf/zephyr/boards/native/native_sim/CMakeFiles/boards__native__native_sim.dir/posix_arch_if.c.gcda is included (trace)...
(DEBUG) --> File is excluded.
(DEBUG) Check if posix_arch_if.c##963127a2b472209e61b3ebe7ed99dadf.gcov is included (gcov file)...
(DEBUG)   Filter AlwaysMatchFilter() matched.
(DEBUG) --> File is included.
(DEBUG) Check if nsi_hw_scheduler.h##a046154de9a1bab0b4f2e5de828f65a7.gcov is included (gcov file)...
(DEBUG) --> File is included.
(DEBUG) Check if /home/cto/zephyrproject/zephyr-course/twister-out/posix_arch_if.c##963127a2b472209e61b3ebe7ed99dadf.gcov is included (trace)...
(DEBUG)   No filter matched.
(DEBUG) --> File is excluded.
(DEBUG) Finding source file corresponding to a gcov data file
  gcov_fname   /home/cto/zephyrproject/zephyr-course/twister-out/posix_arch_if.c##963127a2b472209e61b3ebe7ed99dadf.gcov
  current_dir  /home/cto/zephyrproject/zephyr-course/twister-out
  root         /home/cto/zephyrproject/zephyr-course/app/modules/ring_buf
  starting_dir /home/cto/zephyrproject/zephyr-course
  obj_dir      /home/cto/zephyrproject/zephyr-course/twister-out
  gcda_fname   native_sim_native/host_gnu/zephyr-course/tests/ring_buf/homework.unit.ring_buf/zephyr/boards/native/native_sim/CMakeFiles/boards__native__native_sim.dir/posix_arch_if.c.gcda
  --> fname    /home/cto/zephyrproject/zephyr/boards/native/native_sim/posix_arch_if.c
(DEBUG) Check if /home/cto/zephyrproject/zephyr/boards/native/native_sim/posix_arch_if.c is included (source file)...
(DEBUG)   No filter matched.
(DEBUG) --> File is excluded.
(DEBUG) Check if /home/cto/zephyrproject/zephyr-course/twister-out/nsi_hw_scheduler.h##a046154de9a1bab0b4f2e5de828f65a7.gcov is included (trace)...
(DEBUG) --> File is excluded.
(DEBUG) Finding source file corresponding to a gcov data file
  gcov_fname   /home/cto/zephyrproject/zephyr-course/twister-out/nsi_hw_scheduler.h##a046154de9a1bab0b4f2e5de828f65a7.gcov
  current_dir  /home/cto/zephyrproject/zephyr-course/twister-out
  root         /home/cto/zephyrproject/zephyr-course/app/modules/ring_buf
  starting_dir /home/cto/zephyrproject/zephyr-course
  obj_dir      /home/cto/zephyrproject/zephyr-course/twister-out
  gcda_fname   native_sim_native/host_gnu/zephyr-course/tests/ring_buf/homework.unit.ring_buf/zephyr/boards/native/native_sim/CMakeFiles/boards__native__native_sim.dir/posix_arch_if.c.gcda
  --> fname    /home/cto/zephyrproject/zephyr/scripts/native_simulator/common/src/include/nsi_hw_scheduler.h
(DEBUG) Check if /home/cto/zephyrproject/zephyr/scripts/native_simulator/common/src/include/nsi_hw_scheduler.h is included (source file)...
(DEBUG) --> File is excluded.
(DEBUG) Check if /home/cto/zephyrproject/zephyr-course/twister-out/native_sim_native/host_gnu/zephyr-course/tests/ring_buf/homework.unit.ring_buf/zephyr/drivers/console/CMakeFiles/drivers__console.dir/posix_arch_console.c.gcda is included (trace)...
(DEBUG)   No filter matched.
(DEBUG) --> File is excluded.
(DEBUG) Check if /home/cto/zephyrproject/zephyr-course/twister-out/native_sim_native/host_gnu/zephyr-course/tests/ring_buf/homework.unit.ring_buf/zephyr/drivers/console/CMakeFiles/drivers__console.dir/posix_arch_console.c.gcda is included (trace)...
(DEBUG) --> File is excluded.
(DEBUG) Check if posix_arch_console.c##cbe70947e342c1648d5fca1c19307613.gcov is included (gcov file)...
(DEBUG)   Filter AlwaysMatchFilter() matched.
(DEBUG) --> File is included.
(DEBUG) Check if /home/cto/zephyrproject/zephyr-course/twister-out/posix_arch_console.c##cbe70947e342c1648d5fca1c19307613.gcov is included (trace)...
(DEBUG)   No filter matched.
(DEBUG) --> File is excluded.
(DEBUG) Finding source file corresponding to a gcov data file
  gcov_fname   /home/cto/zephyrproject/zephyr-course/twister-out/posix_arch_console.c##cbe70947e342c1648d5fca1c19307613.gcov
  current_dir  /home/cto/zephyrproject/zephyr-course/twister-out
  root         /home/cto/zephyrproject/zephyr-course/app/modules/ring_buf
  starting_dir /home/cto/zephyrproject/zephyr-course
  obj_dir      /home/cto/zephyrproject/zephyr-course/twister-out
  gcda_fname   native_sim_native/host_gnu/zephyr-course/tests/ring_buf/homework.unit.ring_buf/zephyr/drivers/console/CMakeFiles/drivers__console.dir/posix_arch_console.c.gcda
  --> fname    /home/cto/zephyrproject/zephyr/drivers/console/posix_arch_console.c
(DEBUG) Check if /home/cto/zephyrproject/zephyr/drivers/console/posix_arch_console.c is included (source file)...
(DEBUG)   No filter matched.
(DEBUG) --> File is excluded.
(DEBUG) Check if /home/cto/zephyrproject/zephyr-course/twister-out/native_sim_native/host_gnu/zephyr-course/tests/ring_buf/homework.unit.ring_buf/zephyr/drivers/timer/CMakeFiles/drivers__timer.dir/native_sim_timer.c.gcda is included (trace)...
(DEBUG)   No filter matched.
(DEBUG) --> File is excluded.
(DEBUG) Check if /home/cto/zephyrproject/zephyr-course/twister-out/native_sim_native/host_gnu/zephyr-course/tests/ring_buf/homework.unit.ring_buf/zephyr/drivers/timer/CMakeFiles/drivers__timer.dir/native_sim_timer.c.gcda is included (trace)...
(DEBUG) --> File is excluded.
(DEBUG) Check if native_sim_timer.c##c329897055ddc93e95065126ed2a4eb8.gcov is included (gcov file)...
(DEBUG)   Filter AlwaysMatchFilter() matched.
(DEBUG) --> File is included.
(DEBUG) Check if nsi_hw_scheduler.h##a046154de9a1bab0b4f2e5de828f65a7.gcov is included (gcov file)...
(DEBUG) --> File is included.
(DEBUG) Check if /home/cto/zephyrproject/zephyr-course/twister-out/nsi_hw_scheduler.h##a046154de9a1bab0b4f2e5de828f65a7.gcov is included (trace)...
(DEBUG) --> File is excluded.
(DEBUG) Finding source file corresponding to a gcov data file
  gcov_fname   /home/cto/zephyrproject/zephyr-course/twister-out/nsi_hw_scheduler.h##a046154de9a1bab0b4f2e5de828f65a7.gcov
  current_dir  /home/cto/zephyrproject/zephyr-course/twister-out
  root         /home/cto/zephyrproject/zephyr-course/app/modules/ring_buf
  starting_dir /home/cto/zephyrproject/zephyr-course
  obj_dir      /home/cto/zephyrproject/zephyr-course/twister-out
  gcda_fname   native_sim_native/host_gnu/zephyr-course/tests/ring_buf/homework.unit.ring_buf/zephyr/drivers/timer/CMakeFiles/drivers__timer.dir/native_sim_timer.c.gcda
  --> fname    /home/cto/zephyrproject/zephyr/scripts/native_simulator/common/src/include/nsi_hw_scheduler.h
(DEBUG) Check if /home/cto/zephyrproject/zephyr/scripts/native_simulator/common/src/include/nsi_hw_scheduler.h is included (source file)...
(DEBUG) --> File is excluded.
(DEBUG) Check if /home/cto/zephyrproject/zephyr-course/twister-out/native_sim_timer.c##c329897055ddc93e95065126ed2a4eb8.gcov is included (trace)...
(DEBUG)   No filter matched.
(DEBUG) --> File is excluded.
(DEBUG) Finding source file corresponding to a gcov data file
  gcov_fname   /home/cto/zephyrproject/zephyr-course/twister-out/native_sim_timer.c##c329897055ddc93e95065126ed2a4eb8.gcov
  current_dir  /home/cto/zephyrproject/zephyr-course/twister-out
  root         /home/cto/zephyrproject/zephyr-course/app/modules/ring_buf
  starting_dir /home/cto/zephyrproject/zephyr-course
  obj_dir      /home/cto/zephyrproject/zephyr-course/twister-out
  gcda_fname   native_sim_native/host_gnu/zephyr-course/tests/ring_buf/homework.unit.ring_buf/zephyr/drivers/timer/CMakeFiles/drivers__timer.dir/native_sim_timer.c.gcda
  --> fname    /home/cto/zephyrproject/zephyr/drivers/timer/native_sim_timer.c
(DEBUG) Check if /home/cto/zephyrproject/zephyr/drivers/timer/native_sim_timer.c is included (source file)...
(DEBUG)   No filter matched.
(DEBUG) --> File is excluded.
(DEBUG) Check if /home/cto/zephyrproject/zephyr-course/twister-out/native_sim_native/host_gnu/zephyr-course/tests/ring_buf/homework.unit.ring_buf/zephyr/drivers/timer/CMakeFiles/drivers__timer.dir/sys_clock_init.c.gcda is included (trace)...
(DEBUG)   No filter matched.
(DEBUG) --> File is excluded.
(DEBUG) Check if /home/cto/zephyrproject/zephyr-course/twister-out/native_sim_native/host_gnu/zephyr-course/tests/ring_buf/homework.unit.ring_buf/zephyr/drivers/timer/CMakeFiles/drivers__timer.dir/sys_clock_init.c.gcda is included (trace)...
(DEBUG) --> File is excluded.
(DEBUG) Check if sys_clock_init.c##3e723ea36ab7ff9c1126380fda1a10f9.gcov is included (gcov file)...
(DEBUG)   Filter AlwaysMatchFilter() matched.
(DEBUG) --> File is included.
(DEBUG) Check if /home/cto/zephyrproject/zephyr-course/twister-out/sys_clock_init.c##3e723ea36ab7ff9c1126380fda1a10f9.gcov is included (trace)...
(DEBUG)   No filter matched.
(DEBUG) --> File is excluded.
(DEBUG) Finding source file corresponding to a gcov data file
  gcov_fname   /home/cto/zephyrproject/zephyr-course/twister-out/sys_clock_init.c##3e723ea36ab7ff9c1126380fda1a10f9.gcov
  current_dir  /home/cto/zephyrproject/zephyr-course/twister-out
  root         /home/cto/zephyrproject/zephyr-course/app/modules/ring_buf
  starting_dir /home/cto/zephyrproject/zephyr-course
  obj_dir      /home/cto/zephyrproject/zephyr-course/twister-out
  gcda_fname   native_sim_native/host_gnu/zephyr-course/tests/ring_buf/homework.unit.ring_buf/zephyr/drivers/timer/CMakeFiles/drivers__timer.dir/sys_clock_init.c.gcda
  --> fname    /home/cto/zephyrproject/zephyr/drivers/timer/sys_clock_init.c
(DEBUG) Check if /home/cto/zephyrproject/zephyr/drivers/timer/sys_clock_init.c is included (source file)...
(DEBUG)   No filter matched.
(DEBUG) --> File is excluded.
(DEBUG) Check if /home/cto/zephyrproject/zephyr-course/twister-out/native_sim_native/host_gnu/zephyr-course/tests/ring_buf/homework.unit.ring_buf/zephyr/kernel/CMakeFiles/kernel.dir/banner.c.gcda is included (trace)...
(DEBUG)   No filter matched.
(DEBUG) --> File is excluded.
(DEBUG) Check if /home/cto/zephyrproject/zephyr-course/twister-out/native_sim_native/host_gnu/zephyr-course/tests/ring_buf/homework.unit.ring_buf/zephyr/kernel/CMakeFiles/kernel.dir/banner.c.gcda is included (trace)...
(DEBUG) --> File is excluded.
(DEBUG) Check if banner.c##1c688b917af0c76e01cd9d717f1f7d05.gcov is included (gcov file)...
(DEBUG)   Filter AlwaysMatchFilter() matched.
(DEBUG) --> File is included.
(DEBUG) Check if /home/cto/zephyrproject/zephyr-course/twister-out/banner.c##1c688b917af0c76e01cd9d717f1f7d05.gcov is included (trace)...
(DEBUG)   No filter matched.
(DEBUG) --> File is excluded.
(DEBUG) Finding source file corresponding to a gcov data file
  gcov_fname   /home/cto/zephyrproject/zephyr-course/twister-out/banner.c##1c688b917af0c76e01cd9d717f1f7d05.gcov
  current_dir  /home/cto/zephyrproject/zephyr-course/twister-out
  root         /home/cto/zephyrproject/zephyr-course/app/modules/ring_buf
  starting_dir /home/cto/zephyrproject/zephyr-course
  obj_dir      /home/cto/zephyrproject/zephyr-course/twister-out
  gcda_fname   native_sim_native/host_gnu/zephyr-course/tests/ring_buf/homework.unit.ring_buf/zephyr/kernel/CMakeFiles/kernel.dir/banner.c.gcda
  --> fname    /home/cto/zephyrproject/zephyr/kernel/banner.c
(DEBUG) Check if /home/cto/zephyrproject/zephyr/kernel/banner.c is included (source file)...
(DEBUG)   No filter matched.
(DEBUG) --> File is excluded.
(DEBUG) Check if /home/cto/zephyrproject/zephyr-course/twister-out/native_sim_native/host_gnu/zephyr-course/tests/ring_buf/homework.unit.ring_buf/zephyr/kernel/CMakeFiles/kernel.dir/busy_wait.c.gcno is included (trace)...
(DEBUG)   No filter matched.
(DEBUG) --> File is excluded.
(DEBUG) Check if /home/cto/zephyrproject/zephyr-course/twister-out/native_sim_native/host_gnu/zephyr-course/tests/ring_buf/homework.unit.ring_buf/zephyr/kernel/CMakeFiles/kernel.dir/busy_wait.c.gcno is included (trace)...
(DEBUG) --> File is excluded.
(DEBUG) Check if busy_wait.c##83b0b29df72837bcbf8479c2c7a1ae49.gcov is included (gcov file)...
(DEBUG)   Filter AlwaysMatchFilter() matched.
(DEBUG) --> File is included.
(DEBUG) Check if /home/cto/zephyrproject/zephyr-course/twister-out/busy_wait.c##83b0b29df72837bcbf8479c2c7a1ae49.gcov is included (trace)...
(DEBUG)   No filter matched.
(DEBUG) --> File is excluded.
(DEBUG) Finding source file corresponding to a gcov data file
  gcov_fname   /home/cto/zephyrproject/zephyr-course/twister-out/busy_wait.c##83b0b29df72837bcbf8479c2c7a1ae49.gcov
  current_dir  /home/cto/zephyrproject/zephyr-course/twister-out
  root         /home/cto/zephyrproject/zephyr-course/app/modules/ring_buf
  starting_dir /home/cto/zephyrproject/zephyr-course
  obj_dir      /home/cto/zephyrproject/zephyr-course/twister-out
  gcda_fname   native_sim_native/host_gnu/zephyr-course/tests/ring_buf/homework.unit.ring_buf/zephyr/kernel/CMakeFiles/kernel.dir/busy_wait.c.gcno
  --> fname    /home/cto/zephyrproject/zephyr/kernel/busy_wait.c
(DEBUG) Check if /home/cto/zephyrproject/zephyr/kernel/busy_wait.c is included (source file)...
(DEBUG)   No filter matched.
(DEBUG) --> File is excluded.
(DEBUG) Check if /home/cto/zephyrproject/zephyr-course/twister-out/native_sim_native/host_gnu/zephyr-course/tests/ring_buf/homework.unit.ring_buf/zephyr/kernel/CMakeFiles/kernel.dir/condvar.c.gcno is included (trace)...
(DEBUG)   No filter matched.
(DEBUG) --> File is excluded.
(DEBUG) Check if /home/cto/zephyrproject/zephyr-course/twister-out/native_sim_native/host_gnu/zephyr-course/tests/ring_buf/homework.unit.ring_buf/zephyr/kernel/CMakeFiles/kernel.dir/condvar.c.gcno is included (trace)...
(DEBUG) --> File is excluded.
(DEBUG) Check if condvar.c##dba0e38e696e211ba71a91077545c6f8.gcov is included (gcov file)...
(DEBUG)   Filter AlwaysMatchFilter() matched.
(DEBUG) --> File is included.
(DEBUG) Check if wait_q.h##ded2ae2822159b780ea75cb59b2ee9ab.gcov is included (gcov file)...
(DEBUG)   Filter AlwaysMatchFilter() matched.
(DEBUG) --> File is included.
(DEBUG) Check if ksched.h##ed05a602fa65c69cb6663bf196ec30da.gcov is included (gcov file)...
(DEBUG)   Filter AlwaysMatchFilter() matched.
(DEBUG) --> File is included.
(DEBUG) Check if priority_q.h##9623d6fc9d5156abfc198d9641ba6225.gcov is included (gcov file)...
(DEBUG)   Filter AlwaysMatchFilter() matched.
(DEBUG) --> File is included.
(DEBUG) Check if kthread.h##dd2da6b097956e25ca6725b2474a3e43.gcov is included (gcov file)...
(DEBUG)   Filter AlwaysMatchFilter() matched.
(DEBUG) --> File is included.
(DEBUG) Check if timeout_q.h##a95b2b01f7e434a2400daebfad8ed345.gcov is included (gcov file)...
(DEBUG)   Filter AlwaysMatchFilter() matched.
(DEBUG) --> File is included.
(DEBUG) Check if kernel_arch_func.h##abfef9e7d3ad40b2d908e530356295bd.gcov is included (gcov file)...
(DEBUG)   Filter AlwaysMatchFilter() matched.
(DEBUG) --> File is included.
(DEBUG) Check if kernel.h##a43b07f35530a2575a8767c959abd1d5.gcov is included (gcov file)...
(DEBUG) --> File is included.
(DEBUG) Check if kobject_internal.h##c80d72ddd75e3dc86bbda9d3af962332.gcov is included (gcov file)...
(DEBUG)   Filter AlwaysMatchFilter() matched.
(DEBUG) --> File is included.
(DEBUG) Check if spinlock.h##7a9625cd30eeacafc44455d74d611b1c.gcov is included (gcov file)...
(DEBUG) --> File is included.
(DEBUG) Check if arch.h##cd3ec459a8a675a723e815b63d40d361.gcov is included (gcov file)...
(DEBUG) --> File is included.
(DEBUG) Check if dlist.h##433b9b986dcbf92abddbed41f2b435fa.gcov is included (gcov file)...
(DEBUG)   Filter AlwaysMatchFilter() matched.
(DEBUG) --> File is included.
(DEBUG) Check if /home/cto/zephyrproject/zephyr-course/twister-out/condvar.c##dba0e38e696e211ba71a91077545c6f8.gcov is included (trace)...
(DEBUG)   No filter matched.
(DEBUG) --> File is excluded.
(DEBUG) Finding source file corresponding to a gcov data file
  gcov_fname   /home/cto/zephyrproject/zephyr-course/twister-out/condvar.c##dba0e38e696e211ba71a91077545c6f8.gcov
  current_dir  /home/cto/zephyrproject/zephyr-course/twister-out
  root         /home/cto/zephyrproject/zephyr-course/app/modules/ring_buf
  starting_dir /home/cto/zephyrproject/zephyr-course
  obj_dir      /home/cto/zephyrproject/zephyr-course/twister-out
  gcda_fname   native_sim_native/host_gnu/zephyr-course/tests/ring_buf/homework.unit.ring_buf/zephyr/kernel/CMakeFiles/kernel.dir/condvar.c.gcno
  --> fname    /home/cto/zephyrproject/zephyr/kernel/condvar.c
(DEBUG) Check if /home/cto/zephyrproject/zephyr/kernel/condvar.c is included (source file)...
(DEBUG)   No filter matched.
(DEBUG) --> File is excluded.
(DEBUG) Check if /home/cto/zephyrproject/zephyr-course/twister-out/arch.h##cd3ec459a8a675a723e815b63d40d361.gcov is included (trace)...
(DEBUG) --> File is excluded.
(DEBUG) Finding source file corresponding to a gcov data file
  gcov_fname   /home/cto/zephyrproject/zephyr-course/twister-out/arch.h##cd3ec459a8a675a723e815b63d40d361.gcov
  current_dir  /home/cto/zephyrproject/zephyr-course/twister-out
  root         /home/cto/zephyrproject/zephyr-course/app/modules/ring_buf
  starting_dir /home/cto/zephyrproject/zephyr-course
  obj_dir      /home/cto/zephyrproject/zephyr-course/twister-out
  gcda_fname   native_sim_native/host_gnu/zephyr-course/tests/ring_buf/homework.unit.ring_buf/zephyr/kernel/CMakeFiles/kernel.dir/condvar.c.gcno
  --> fname    /home/cto/zephyrproject/zephyr/include/zephyr/arch/posix/arch.h
(DEBUG) Check if /home/cto/zephyrproject/zephyr/include/zephyr/arch/posix/arch.h is included (source file)...
(DEBUG) --> File is excluded.
(DEBUG) Check if /home/cto/zephyrproject/zephyr-course/twister-out/kernel.h##a43b07f35530a2575a8767c959abd1d5.gcov is included (trace)...
(DEBUG) --> File is excluded.
(DEBUG) Finding source file corresponding to a gcov data file
  gcov_fname   /home/cto/zephyrproject/zephyr-course/twister-out/kernel.h##a43b07f35530a2575a8767c959abd1d5.gcov
  current_dir  /home/cto/zephyrproject/zephyr-course/twister-out
  root         /home/cto/zephyrproject/zephyr-course/app/modules/ring_buf
  starting_dir /home/cto/zephyrproject/zephyr-course
  obj_dir      /home/cto/zephyrproject/zephyr-course/twister-out
  gcda_fname   native_sim_native/host_gnu/zephyr-course/tests/ring_buf/homework.unit.ring_buf/zephyr/kernel/CMakeFiles/kernel.dir/condvar.c.gcno
  --> fname    /home/cto/zephyrproject/zephyr-course/twister-out/native_sim_native/host_gnu/zephyr-course/tests/ring_buf/homework.unit.ring_buf/zephyr/include/generated/zephyr/syscalls/kernel.h
(DEBUG) Check if /home/cto/zephyrproject/zephyr-course/twister-out/native_sim_native/host_gnu/zephyr-course/tests/ring_buf/homework.unit.ring_buf/zephyr/include/generated/zephyr/syscalls/kernel.h is included (source file)...
(DEBUG) --> File is excluded.
(DEBUG) Check if /home/cto/zephyrproject/zephyr-course/twister-out/kobject_internal.h##c80d72ddd75e3dc86bbda9d3af962332.gcov is included (trace)...
(DEBUG)   No filter matched.
(DEBUG) --> File is excluded.
(DEBUG) Finding source file corresponding to a gcov data file
  gcov_fname   /home/cto/zephyrproject/zephyr-course/twister-out/kobject_internal.h##c80d72ddd75e3dc86bbda9d3af962332.gcov
  current_dir  /home/cto/zephyrproject/zephyr-course/twister-out
  root         /home/cto/zephyrproject/zephyr-course/app/modules/ring_buf
  starting_dir /home/cto/zephyrproject/zephyr-course
  obj_dir      /home/cto/zephyrproject/zephyr-course/twister-out
  gcda_fname   native_sim_native/host_gnu/zephyr-course/tests/ring_buf/homework.unit.ring_buf/zephyr/kernel/CMakeFiles/kernel.dir/condvar.c.gcno
  --> fname    /home/cto/zephyrproject/zephyr/include/zephyr/sys/internal/kobject_internal.h
(DEBUG) Check if /home/cto/zephyrproject/zephyr/include/zephyr/sys/internal/kobject_internal.h is included (source file)...
(DEBUG)   No filter matched.
(DEBUG) --> File is excluded.
(DEBUG) Check if /home/cto/zephyrproject/zephyr-course/twister-out/priority_q.h##9623d6fc9d5156abfc198d9641ba6225.gcov is included (trace)...
(DEBUG)   No filter matched.
(DEBUG) --> File is excluded.
(DEBUG) Finding source file corresponding to a gcov data file
  gcov_fname   /home/cto/zephyrproject/zephyr-course/twister-out/priority_q.h##9623d6fc9d5156abfc198d9641ba6225.gcov
  current_dir  /home/cto/zephyrproject/zephyr-course/twister-out
  root         /home/cto/zephyrproject/zephyr-course/app/modules/ring_buf
  starting_dir /home/cto/zephyrproject/zephyr-course
  obj_dir      /home/cto/zephyrproject/zephyr-course/twister-out
  gcda_fname   native_sim_native/host_gnu/zephyr-course/tests/ring_buf/homework.unit.ring_buf/zephyr/kernel/CMakeFiles/kernel.dir/condvar.c.gcno
  --> fname    /home/cto/zephyrproject/zephyr/kernel/include/priority_q.h
(DEBUG) Check if /home/cto/zephyrproject/zephyr/kernel/include/priority_q.h is included (source file)...
(DEBUG)   No filter matched.
(DEBUG) --> File is excluded.
(DEBUG) Check if /home/cto/zephyrproject/zephyr-course/twister-out/spinlock.h##7a9625cd30eeacafc44455d74d611b1c.gcov is included (trace)...
(DEBUG) --> File is excluded.
(DEBUG) Finding source file corresponding to a gcov data file
  gcov_fname   /home/cto/zephyrproject/zephyr-course/twister-out/spinlock.h##7a9625cd30eeacafc44455d74d611b1c.gcov
  current_dir  /home/cto/zephyrproject/zephyr-course/twister-out
  root         /home/cto/zephyrproject/zephyr-course/app/modules/ring_buf
  starting_dir /home/cto/zephyrproject/zephyr-course
  obj_dir      /home/cto/zephyrproject/zephyr-course/twister-out
  gcda_fname   native_sim_native/host_gnu/zephyr-course/tests/ring_buf/homework.unit.ring_buf/zephyr/kernel/CMakeFiles/kernel.dir/condvar.c.gcno
  --> fname    /home/cto/zephyrproject/zephyr/include/zephyr/spinlock.h
(DEBUG) Check if /home/cto/zephyrproject/zephyr/include/zephyr/spinlock.h is included (source file)...
(DEBUG) --> File is excluded.
(DEBUG) Check if /home/cto/zephyrproject/zephyr-course/twister-out/dlist.h##433b9b986dcbf92abddbed41f2b435fa.gcov is included (trace)...
(DEBUG)   No filter matched.
(DEBUG) --> File is excluded.
(DEBUG) Finding source file corresponding to a gcov data file
  gcov_fname   /home/cto/zephyrproject/zephyr-course/twister-out/dlist.h##433b9b986dcbf92abddbed41f2b435fa.gcov
  current_dir  /home/cto/zephyrproject/zephyr-course/twister-out
  root         /home/cto/zephyrproject/zephyr-course/app/modules/ring_buf
  starting_dir /home/cto/zephyrproject/zephyr-course
  obj_dir      /home/cto/zephyrproject/zephyr-course/twister-out
  gcda_fname   native_sim_native/host_gnu/zephyr-course/tests/ring_buf/homework.unit.ring_buf/zephyr/kernel/CMakeFiles/kernel.dir/condvar.c.gcno
  --> fname    /home/cto/zephyrproject/zephyr/include/zephyr/sys/dlist.h
(DEBUG) Check if /home/cto/zephyrproject/zephyr/include/zephyr/sys/dlist.h is included (source file)...
(DEBUG)   No filter matched.
(DEBUG) --> File is excluded.
(DEBUG) Check if /home/cto/zephyrproject/zephyr-course/twister-out/timeout_q.h##a95b2b01f7e434a2400daebfad8ed345.gcov is included (trace)...
(DEBUG)   No filter matched.
(DEBUG) --> File is excluded.
(DEBUG) Finding source file corresponding to a gcov data file
  gcov_fname   /home/cto/zephyrproject/zephyr-course/twister-out/timeout_q.h##a95b2b01f7e434a2400daebfad8ed345.gcov
  current_dir  /home/cto/zephyrproject/zephyr-course/twister-out
  root         /home/cto/zephyrproject/zephyr-course/app/modules/ring_buf
  starting_dir /home/cto/zephyrproject/zephyr-course
  obj_dir      /home/cto/zephyrproject/zephyr-course/twister-out
  gcda_fname   native_sim_native/host_gnu/zephyr-course/tests/ring_buf/homework.unit.ring_buf/zephyr/kernel/CMakeFiles/kernel.dir/condvar.c.gcno
  --> fname    /home/cto/zephyrproject/zephyr/kernel/include/timeout_q.h
(DEBUG) Check if /home/cto/zephyrproject/zephyr/kernel/include/timeout_q.h is included (source file)...
(DEBUG)   No filter matched.
(DEBUG) --> File is excluded.
(DEBUG) Check if /home/cto/zephyrproject/zephyr-course/twister-out/kthread.h##dd2da6b097956e25ca6725b2474a3e43.gcov is included (trace)...
(DEBUG)   No filter matched.
(DEBUG) --> File is excluded.
(DEBUG) Finding source file corresponding to a gcov data file
  gcov_fname   /home/cto/zephyrproject/zephyr-course/twister-out/kthread.h##dd2da6b097956e25ca6725b2474a3e43.gcov
  current_dir  /home/cto/zephyrproject/zephyr-course/twister-out
  root         /home/cto/zephyrproject/zephyr-course/app/modules/ring_buf
  starting_dir /home/cto/zephyrproject/zephyr-course
  obj_dir      /home/cto/zephyrproject/zephyr-course/twister-out
  gcda_fname   native_sim_native/host_gnu/zephyr-course/tests/ring_buf/homework.unit.ring_buf/zephyr/kernel/CMakeFiles/kernel.dir/condvar.c.gcno
  --> fname    /home/cto/zephyrproject/zephyr/kernel/include/kthread.h
(DEBUG) Check if /home/cto/zephyrproject/zephyr/kernel/include/kthread.h is included (source file)...
(DEBUG)   No filter matched.
(DEBUG) --> File is excluded.
(DEBUG) Check if /home/cto/zephyrproject/zephyr-course/twister-out/wait_q.h##ded2ae2822159b780ea75cb59b2ee9ab.gcov is included (trace)...
(DEBUG)   No filter matched.
(DEBUG) --> File is excluded.
(DEBUG) Finding source file corresponding to a gcov data file
  gcov_fname   /home/cto/zephyrproject/zephyr-course/twister-out/wait_q.h##ded2ae2822159b780ea75cb59b2ee9ab.gcov
  current_dir  /home/cto/zephyrproject/zephyr-course/twister-out
  root         /home/cto/zephyrproject/zephyr-course/app/modules/ring_buf
  starting_dir /home/cto/zephyrproject/zephyr-course
  obj_dir      /home/cto/zephyrproject/zephyr-course/twister-out
  gcda_fname   native_sim_native/host_gnu/zephyr-course/tests/ring_buf/homework.unit.ring_buf/zephyr/kernel/CMakeFiles/kernel.dir/condvar.c.gcno
  --> fname    /home/cto/zephyrproject/zephyr/kernel/include/wait_q.h
(DEBUG) Check if /home/cto/zephyrproject/zephyr/kernel/include/wait_q.h is included (source file)...
(DEBUG)   No filter matched.
(DEBUG) --> File is excluded.
(DEBUG) Check if /home/cto/zephyrproject/zephyr-course/twister-out/ksched.h##ed05a602fa65c69cb6663bf196ec30da.gcov is included (trace)...
(DEBUG)   No filter matched.
(DEBUG) --> File is excluded.
(DEBUG) Finding source file corresponding to a gcov data file
  gcov_fname   /home/cto/zephyrproject/zephyr-course/twister-out/ksched.h##ed05a602fa65c69cb6663bf196ec30da.gcov
  current_dir  /home/cto/zephyrproject/zephyr-course/twister-out
  root         /home/cto/zephyrproject/zephyr-course/app/modules/ring_buf
  starting_dir /home/cto/zephyrproject/zephyr-course
  obj_dir      /home/cto/zephyrproject/zephyr-course/twister-out
  gcda_fname   native_sim_native/host_gnu/zephyr-course/tests/ring_buf/homework.unit.ring_buf/zephyr/kernel/CMakeFiles/kernel.dir/condvar.c.gcno
  --> fname    /home/cto/zephyrproject/zephyr/kernel/include/ksched.h
(DEBUG) Check if /home/cto/zephyrproject/zephyr/kernel/include/ksched.h is included (source file)...
(DEBUG)   No filter matched.
(DEBUG) --> File is excluded.
(DEBUG) Check if /home/cto/zephyrproject/zephyr-course/twister-out/kernel_arch_func.h##abfef9e7d3ad40b2d908e530356295bd.gcov is included (trace)...
(DEBUG)   No filter matched.
(DEBUG) --> File is excluded.
(DEBUG) Finding source file corresponding to a gcov data file
  gcov_fname   /home/cto/zephyrproject/zephyr-course/twister-out/kernel_arch_func.h##abfef9e7d3ad40b2d908e530356295bd.gcov
  current_dir  /home/cto/zephyrproject/zephyr-course/twister-out
  root         /home/cto/zephyrproject/zephyr-course/app/modules/ring_buf
  starting_dir /home/cto/zephyrproject/zephyr-course
  obj_dir      /home/cto/zephyrproject/zephyr-course/twister-out
  gcda_fname   native_sim_native/host_gnu/zephyr-course/tests/ring_buf/homework.unit.ring_buf/zephyr/kernel/CMakeFiles/kernel.dir/condvar.c.gcno
  --> fname    /home/cto/zephyrproject/zephyr/arch/posix/include/kernel_arch_func.h
(DEBUG) Check if /home/cto/zephyrproject/zephyr/arch/posix/include/kernel_arch_func.h is included (source file)...
(DEBUG)   No filter matched.
(DEBUG) --> File is excluded.
(DEBUG) Check if /home/cto/zephyrproject/zephyr-course/twister-out/native_sim_native/host_gnu/zephyr-course/tests/ring_buf/homework.unit.ring_buf/zephyr/kernel/CMakeFiles/kernel.dir/device.c.gcda is included (trace)...
(DEBUG)   No filter matched.
(DEBUG) --> File is excluded.
(DEBUG) Check if /home/cto/zephyrproject/zephyr-course/twister-out/native_sim_native/host_gnu/zephyr-course/tests/ring_buf/homework.unit.ring_buf/zephyr/kernel/CMakeFiles/kernel.dir/device.c.gcda is included (trace)...
(DEBUG) --> File is excluded.
(DEBUG) Check if device.c##c5fa791b276f33a1d17456b39cc5ff8f.gcov is included (gcov file)...
(DEBUG)   Filter AlwaysMatchFilter() matched.
(DEBUG) --> File is included.
(DEBUG) Check if device_runtime.h##99f464435bff16bfdea936265930fb30.gcov is included (gcov file)...
(DEBUG)   Filter AlwaysMatchFilter() matched.
(DEBUG) --> File is included.
(DEBUG) Check if /home/cto/zephyrproject/zephyr-course/twister-out/device_runtime.h##99f464435bff16bfdea936265930fb30.gcov is included (trace)...
(DEBUG)   No filter matched.
(DEBUG) --> File is excluded.
(DEBUG) Finding source file corresponding to a gcov data file
  gcov_fname   /home/cto/zephyrproject/zephyr-course/twister-out/device_runtime.h##99f464435bff16bfdea936265930fb30.gcov
  current_dir  /home/cto/zephyrproject/zephyr-course/twister-out
  root         /home/cto/zephyrproject/zephyr-course/app/modules/ring_buf
  starting_dir /home/cto/zephyrproject/zephyr-course
  obj_dir      /home/cto/zephyrproject/zephyr-course/twister-out
  gcda_fname   native_sim_native/host_gnu/zephyr-course/tests/ring_buf/homework.unit.ring_buf/zephyr/kernel/CMakeFiles/kernel.dir/device.c.gcda
  --> fname    /home/cto/zephyrproject/zephyr/include/zephyr/pm/device_runtime.h
(DEBUG) Check if /home/cto/zephyrproject/zephyr/include/zephyr/pm/device_runtime.h is included (source file)...
(DEBUG)   No filter matched.
(DEBUG) --> File is excluded.
(DEBUG) Check if /home/cto/zephyrproject/zephyr-course/twister-out/device.c##c5fa791b276f33a1d17456b39cc5ff8f.gcov is included (trace)...
(DEBUG)   No filter matched.
(DEBUG) --> File is excluded.
(DEBUG) Finding source file corresponding to a gcov data file
  gcov_fname   /home/cto/zephyrproject/zephyr-course/twister-out/device.c##c5fa791b276f33a1d17456b39cc5ff8f.gcov
  current_dir  /home/cto/zephyrproject/zephyr-course/twister-out
  root         /home/cto/zephyrproject/zephyr-course/app/modules/ring_buf
  starting_dir /home/cto/zephyrproject/zephyr-course
  obj_dir      /home/cto/zephyrproject/zephyr-course/twister-out
  gcda_fname   native_sim_native/host_gnu/zephyr-course/tests/ring_buf/homework.unit.ring_buf/zephyr/kernel/CMakeFiles/kernel.dir/device.c.gcda
  --> fname    /home/cto/zephyrproject/zephyr/kernel/device.c
(DEBUG) Check if /home/cto/zephyrproject/zephyr/kernel/device.c is included (source file)...
(DEBUG)   No filter matched.
(DEBUG) --> File is excluded.
(DEBUG) Check if /home/cto/zephyrproject/zephyr-course/twister-out/native_sim_native/host_gnu/zephyr-course/tests/ring_buf/homework.unit.ring_buf/zephyr/kernel/CMakeFiles/kernel.dir/dynamic_disabled.c.gcno is included (trace)...
(DEBUG)   No filter matched.
(DEBUG) --> File is excluded.
(DEBUG) Check if /home/cto/zephyrproject/zephyr-course/twister-out/native_sim_native/host_gnu/zephyr-course/tests/ring_buf/homework.unit.ring_buf/zephyr/kernel/CMakeFiles/kernel.dir/dynamic_disabled.c.gcno is included (trace)...
(DEBUG) --> File is excluded.
(DEBUG) Check if dynamic_disabled.c##bd89f72ddcd34478b89950ec34df67df.gcov is included (gcov file)...
(DEBUG)   Filter AlwaysMatchFilter() matched.
(DEBUG) --> File is included.
(DEBUG) Check if /home/cto/zephyrproject/zephyr-course/twister-out/dynamic_disabled.c##bd89f72ddcd34478b89950ec34df67df.gcov is included (trace)...
(DEBUG)   No filter matched.
(DEBUG) --> File is excluded.
(DEBUG) Finding source file corresponding to a gcov data file
  gcov_fname   /home/cto/zephyrproject/zephyr-course/twister-out/dynamic_disabled.c##bd89f72ddcd34478b89950ec34df67df.gcov
  current_dir  /home/cto/zephyrproject/zephyr-course/twister-out
  root         /home/cto/zephyrproject/zephyr-course/app/modules/ring_buf
  starting_dir /home/cto/zephyrproject/zephyr-course
  obj_dir      /home/cto/zephyrproject/zephyr-course/twister-out
  gcda_fname   native_sim_native/host_gnu/zephyr-course/tests/ring_buf/homework.unit.ring_buf/zephyr/kernel/CMakeFiles/kernel.dir/dynamic_disabled.c.gcno
  --> fname    /home/cto/zephyrproject/zephyr/kernel/dynamic_disabled.c
(DEBUG) Check if /home/cto/zephyrproject/zephyr/kernel/dynamic_disabled.c is included (source file)...
(DEBUG)   No filter matched.
(DEBUG) --> File is excluded.
(DEBUG) Check if /home/cto/zephyrproject/zephyr-course/twister-out/native_sim_native/host_gnu/zephyr-course/tests/ring_buf/homework.unit.ring_buf/zephyr/kernel/CMakeFiles/kernel.dir/errno.c.gcno is included (trace)...
(DEBUG)   No filter matched.
(DEBUG) --> File is excluded.
(DEBUG) Check if /home/cto/zephyrproject/zephyr-course/twister-out/native_sim_native/host_gnu/zephyr-course/tests/ring_buf/homework.unit.ring_buf/zephyr/kernel/CMakeFiles/kernel.dir/errno.c.gcno is included (trace)...
(DEBUG) --> File is excluded.
(DEBUG) Check if errno.c##3f365bf4329430e56f4b7fa041c277b8.gcov is included (gcov file)...
(DEBUG)   Filter AlwaysMatchFilter() matched.
(DEBUG) --> File is included.
(DEBUG) Check if /home/cto/zephyrproject/zephyr-course/twister-out/errno.c##3f365bf4329430e56f4b7fa041c277b8.gcov is included (trace)...
(DEBUG)   No filter matched.
(DEBUG) --> File is excluded.
(DEBUG) Finding source file corresponding to a gcov data file
  gcov_fname   /home/cto/zephyrproject/zephyr-course/twister-out/errno.c##3f365bf4329430e56f4b7fa041c277b8.gcov
  current_dir  /home/cto/zephyrproject/zephyr-course/twister-out
  root         /home/cto/zephyrproject/zephyr-course/app/modules/ring_buf
  starting_dir /home/cto/zephyrproject/zephyr-course
  obj_dir      /home/cto/zephyrproject/zephyr-course/twister-out
  gcda_fname   native_sim_native/host_gnu/zephyr-course/tests/ring_buf/homework.unit.ring_buf/zephyr/kernel/CMakeFiles/kernel.dir/errno.c.gcno
  --> fname    /home/cto/zephyrproject/zephyr/kernel/errno.c
(DEBUG) Check if /home/cto/zephyrproject/zephyr/kernel/errno.c is included (source file)...
(DEBUG)   No filter matched.
(DEBUG) --> File is excluded.
(DEBUG) Check if /home/cto/zephyrproject/zephyr-course/twister-out/native_sim_native/host_gnu/zephyr-course/tests/ring_buf/homework.unit.ring_buf/zephyr/kernel/CMakeFiles/kernel.dir/fatal.c.gcda is included (trace)...
(DEBUG)   No filter matched.
(DEBUG) --> File is excluded.
(DEBUG) Check if /home/cto/zephyrproject/zephyr-course/twister-out/native_sim_native/host_gnu/zephyr-course/tests/ring_buf/homework.unit.ring_buf/zephyr/kernel/CMakeFiles/kernel.dir/fatal.c.gcda is included (trace)...
(DEBUG) --> File is excluded.
(DEBUG) Check if fatal.c##025421ee412a73b6a1a98348b93f649b.gcov is included (gcov file)...
(DEBUG)   Filter AlwaysMatchFilter() matched.
(DEBUG) --> File is included.
(DEBUG) Check if coredump.h##d6dde5c1c3080008d73c68a3ad0760f6.gcov is included (gcov file)...
(DEBUG)   Filter AlwaysMatchFilter() matched.
(DEBUG) --> File is included.
(DEBUG) Check if log_ctrl.h##1808f1c718a8e219f354e30a1a0343ff.gcov is included (gcov file)...
(DEBUG) --> File is included.
(DEBUG) Check if log_msg.h##59cc7ac9dd0b18efa24d51419b863a43.gcov is included (gcov file)...
(DEBUG) --> File is included.
(DEBUG) Check if kernel.h##a43b07f35530a2575a8767c959abd1d5.gcov is included (gcov file)...
(DEBUG) --> File is included.
(DEBUG) Check if arch.h##cd3ec459a8a675a723e815b63d40d361.gcov is included (gcov file)...
(DEBUG) --> File is included.
(DEBUG) Check if /home/cto/zephyrproject/zephyr-course/twister-out/coredump.h##d6dde5c1c3080008d73c68a3ad0760f6.gcov is included (trace)...
(DEBUG)   No filter matched.
(DEBUG) --> File is excluded.
(DEBUG) Finding source file corresponding to a gcov data file
  gcov_fname   /home/cto/zephyrproject/zephyr-course/twister-out/coredump.h##d6dde5c1c3080008d73c68a3ad0760f6.gcov
  current_dir  /home/cto/zephyrproject/zephyr-course/twister-out
  root         /home/cto/zephyrproject/zephyr-course/app/modules/ring_buf
  starting_dir /home/cto/zephyrproject/zephyr-course
  obj_dir      /home/cto/zephyrproject/zephyr-course/twister-out
  gcda_fname   native_sim_native/host_gnu/zephyr-course/tests/ring_buf/homework.unit.ring_buf/zephyr/kernel/CMakeFiles/kernel.dir/fatal.c.gcda
  --> fname    /home/cto/zephyrproject/zephyr/include/zephyr/debug/coredump.h
(DEBUG) Check if /home/cto/zephyrproject/zephyr/include/zephyr/debug/coredump.h is included (source file)...
(DEBUG)   No filter matched.
(DEBUG) --> File is excluded.
(DEBUG) Check if /home/cto/zephyrproject/zephyr-course/twister-out/fatal.c##025421ee412a73b6a1a98348b93f649b.gcov is included (trace)...
(DEBUG)   No filter matched.
(DEBUG) --> File is excluded.
(DEBUG) Finding source file corresponding to a gcov data file
  gcov_fname   /home/cto/zephyrproject/zephyr-course/twister-out/fatal.c##025421ee412a73b6a1a98348b93f649b.gcov
  current_dir  /home/cto/zephyrproject/zephyr-course/twister-out
  root         /home/cto/zephyrproject/zephyr-course/app/modules/ring_buf
  starting_dir /home/cto/zephyrproject/zephyr-course
  obj_dir      /home/cto/zephyrproject/zephyr-course/twister-out
  gcda_fname   native_sim_native/host_gnu/zephyr-course/tests/ring_buf/homework.unit.ring_buf/zephyr/kernel/CMakeFiles/kernel.dir/fatal.c.gcda
  --> fname    /home/cto/zephyrproject/zephyr/kernel/fatal.c
(DEBUG) Check if /home/cto/zephyrproject/zephyr/kernel/fatal.c is included (source file)...
(DEBUG)   No filter matched.
(DEBUG) --> File is excluded.
(DEBUG) Check if /home/cto/zephyrproject/zephyr-course/twister-out/kernel.h##a43b07f35530a2575a8767c959abd1d5.gcov is included (trace)...
(DEBUG) --> File is excluded.
(DEBUG) Finding source file corresponding to a gcov data file
  gcov_fname   /home/cto/zephyrproject/zephyr-course/twister-out/kernel.h##a43b07f35530a2575a8767c959abd1d5.gcov
  current_dir  /home/cto/zephyrproject/zephyr-course/twister-out
  root         /home/cto/zephyrproject/zephyr-course/app/modules/ring_buf
  starting_dir /home/cto/zephyrproject/zephyr-course
  obj_dir      /home/cto/zephyrproject/zephyr-course/twister-out
  gcda_fname   native_sim_native/host_gnu/zephyr-course/tests/ring_buf/homework.unit.ring_buf/zephyr/kernel/CMakeFiles/kernel.dir/fatal.c.gcda
  --> fname    /home/cto/zephyrproject/zephyr-course/twister-out/native_sim_native/host_gnu/zephyr-course/tests/ring_buf/homework.unit.ring_buf/zephyr/include/generated/zephyr/syscalls/kernel.h
(DEBUG) Check if /home/cto/zephyrproject/zephyr-course/twister-out/native_sim_native/host_gnu/zephyr-course/tests/ring_buf/homework.unit.ring_buf/zephyr/include/generated/zephyr/syscalls/kernel.h is included (source file)...
(DEBUG) --> File is excluded.
(DEBUG) Check if /home/cto/zephyrproject/zephyr-course/twister-out/arch.h##cd3ec459a8a675a723e815b63d40d361.gcov is included (trace)...
(DEBUG) --> File is excluded.
(DEBUG) Finding source file corresponding to a gcov data file
  gcov_fname   /home/cto/zephyrproject/zephyr-course/twister-out/arch.h##cd3ec459a8a675a723e815b63d40d361.gcov
  current_dir  /home/cto/zephyrproject/zephyr-course/twister-out
  root         /home/cto/zephyrproject/zephyr-course/app/modules/ring_buf
  starting_dir /home/cto/zephyrproject/zephyr-course
  obj_dir      /home/cto/zephyrproject/zephyr-course/twister-out
  gcda_fname   native_sim_native/host_gnu/zephyr-course/tests/ring_buf/homework.unit.ring_buf/zephyr/kernel/CMakeFiles/kernel.dir/fatal.c.gcda
  --> fname    /home/cto/zephyrproject/zephyr/include/zephyr/arch/posix/arch.h
(DEBUG) Check if /home/cto/zephyrproject/zephyr/include/zephyr/arch/posix/arch.h is included (source file)...
(DEBUG) --> File is excluded.
(DEBUG) Check if /home/cto/zephyrproject/zephyr-course/twister-out/log_ctrl.h##1808f1c718a8e219f354e30a1a0343ff.gcov is included (trace)...
(DEBUG) --> File is excluded.
(DEBUG) Finding source file corresponding to a gcov data file
  gcov_fname   /home/cto/zephyrproject/zephyr-course/twister-out/log_ctrl.h##1808f1c718a8e219f354e30a1a0343ff.gcov
  current_dir  /home/cto/zephyrproject/zephyr-course/twister-out
  root         /home/cto/zephyrproject/zephyr-course/app/modules/ring_buf
  starting_dir /home/cto/zephyrproject/zephyr-course
  obj_dir      /home/cto/zephyrproject/zephyr-course/twister-out
  gcda_fname   native_sim_native/host_gnu/zephyr-course/tests/ring_buf/homework.unit.ring_buf/zephyr/kernel/CMakeFiles/kernel.dir/fatal.c.gcda
  --> fname    /home/cto/zephyrproject/zephyr-course/twister-out/native_sim_native/host_gnu/zephyr-course/tests/ring_buf/homework.unit.ring_buf/zephyr/include/generated/zephyr/syscalls/log_ctrl.h
(DEBUG) Check if /home/cto/zephyrproject/zephyr-course/twister-out/native_sim_native/host_gnu/zephyr-course/tests/ring_buf/homework.unit.ring_buf/zephyr/include/generated/zephyr/syscalls/log_ctrl.h is included (source file)...
(DEBUG) --> File is excluded.
(DEBUG) Check if /home/cto/zephyrproject/zephyr-course/twister-out/log_msg.h##59cc7ac9dd0b18efa24d51419b863a43.gcov is included (trace)...
(DEBUG) --> File is excluded.
(DEBUG) Finding source file corresponding to a gcov data file
  gcov_fname   /home/cto/zephyrproject/zephyr-course/twister-out/log_msg.h##59cc7ac9dd0b18efa24d51419b863a43.gcov
  current_dir  /home/cto/zephyrproject/zephyr-course/twister-out
  root         /home/cto/zephyrproject/zephyr-course/app/modules/ring_buf
  starting_dir /home/cto/zephyrproject/zephyr-course
  obj_dir      /home/cto/zephyrproject/zephyr-course/twister-out
  gcda_fname   native_sim_native/host_gnu/zephyr-course/tests/ring_buf/homework.unit.ring_buf/zephyr/kernel/CMakeFiles/kernel.dir/fatal.c.gcda
  --> fname    /home/cto/zephyrproject/zephyr/include/zephyr/logging/log_msg.h
(DEBUG) Check if /home/cto/zephyrproject/zephyr/include/zephyr/logging/log_msg.h is included (source file)...
(DEBUG) --> File is excluded.
(DEBUG) Check if /home/cto/zephyrproject/zephyr-course/twister-out/native_sim_native/host_gnu/zephyr-course/tests/ring_buf/homework.unit.ring_buf/zephyr/kernel/CMakeFiles/kernel.dir/float.c.gcno is included (trace)...
(DEBUG)   No filter matched.
(DEBUG) --> File is excluded.
(DEBUG) Check if /home/cto/zephyrproject/zephyr-course/twister-out/native_sim_native/host_gnu/zephyr-course/tests/ring_buf/homework.unit.ring_buf/zephyr/kernel/CMakeFiles/kernel.dir/float.c.gcno is included (trace)...
(DEBUG) --> File is excluded.
(DEBUG) Check if float.c##bbf0cc18a6395bfbc9a0b5d520be0c23.gcov is included (gcov file)...
(DEBUG)   Filter AlwaysMatchFilter() matched.
(DEBUG) --> File is included.
(DEBUG) Check if /home/cto/zephyrproject/zephyr-course/twister-out/float.c##bbf0cc18a6395bfbc9a0b5d520be0c23.gcov is included (trace)...
(DEBUG)   No filter matched.
(DEBUG) --> File is excluded.
(DEBUG) Finding source file corresponding to a gcov data file
  gcov_fname   /home/cto/zephyrproject/zephyr-course/twister-out/float.c##bbf0cc18a6395bfbc9a0b5d520be0c23.gcov
  current_dir  /home/cto/zephyrproject/zephyr-course/twister-out
  root         /home/cto/zephyrproject/zephyr-course/app/modules/ring_buf
  starting_dir /home/cto/zephyrproject/zephyr-course
  obj_dir      /home/cto/zephyrproject/zephyr-course/twister-out
  gcda_fname   native_sim_native/host_gnu/zephyr-course/tests/ring_buf/homework.unit.ring_buf/zephyr/kernel/CMakeFiles/kernel.dir/float.c.gcno
  --> fname    /home/cto/zephyrproject/zephyr/kernel/float.c
(DEBUG) Check if /home/cto/zephyrproject/zephyr/kernel/float.c is included (source file)...
(DEBUG)   No filter matched.
(DEBUG) --> File is excluded.
(DEBUG) Check if /home/cto/zephyrproject/zephyr-course/twister-out/native_sim_native/host_gnu/zephyr-course/tests/ring_buf/homework.unit.ring_buf/zephyr/kernel/CMakeFiles/kernel.dir/idle.c.gcda is included (trace)...
(DEBUG)   No filter matched.
(DEBUG) --> File is excluded.
(DEBUG) Check if /home/cto/zephyrproject/zephyr-course/twister-out/native_sim_native/host_gnu/zephyr-course/tests/ring_buf/homework.unit.ring_buf/zephyr/kernel/CMakeFiles/kernel.dir/idle.c.gcda is included (trace)...
(DEBUG) --> File is excluded.
(DEBUG) Check if idle.c##0eec7d4006fcbe2de559448916096938.gcov is included (gcov file)...
(DEBUG)   Filter AlwaysMatchFilter() matched.
(DEBUG) --> File is included.
(DEBUG) Check if kernel.h##3d600634decb40355467717e98cbaefe.gcov is included (gcov file)...
(DEBUG) --> File is included.
(DEBUG) Check if arch.h##cd3ec459a8a675a723e815b63d40d361.gcov is included (gcov file)...
(DEBUG) --> File is included.
(DEBUG) Check if /home/cto/zephyrproject/zephyr-course/twister-out/arch.h##cd3ec459a8a675a723e815b63d40d361.gcov is included (trace)...
(DEBUG) --> File is excluded.
(DEBUG) Finding source file corresponding to a gcov data file
  gcov_fname   /home/cto/zephyrproject/zephyr-course/twister-out/arch.h##cd3ec459a8a675a723e815b63d40d361.gcov
  current_dir  /home/cto/zephyrproject/zephyr-course/twister-out
  root         /home/cto/zephyrproject/zephyr-course/app/modules/ring_buf
  starting_dir /home/cto/zephyrproject/zephyr-course
  obj_dir      /home/cto/zephyrproject/zephyr-course/twister-out
  gcda_fname   native_sim_native/host_gnu/zephyr-course/tests/ring_buf/homework.unit.ring_buf/zephyr/kernel/CMakeFiles/kernel.dir/idle.c.gcda
  --> fname    /home/cto/zephyrproject/zephyr/include/zephyr/arch/posix/arch.h
(DEBUG) Check if /home/cto/zephyrproject/zephyr/include/zephyr/arch/posix/arch.h is included (source file)...
(DEBUG) --> File is excluded.
(DEBUG) Check if /home/cto/zephyrproject/zephyr-course/twister-out/idle.c##0eec7d4006fcbe2de559448916096938.gcov is included (trace)...
(DEBUG)   No filter matched.
(DEBUG) --> File is excluded.
(DEBUG) Finding source file corresponding to a gcov data file
  gcov_fname   /home/cto/zephyrproject/zephyr-course/twister-out/idle.c##0eec7d4006fcbe2de559448916096938.gcov
  current_dir  /home/cto/zephyrproject/zephyr-course/twister-out
  root         /home/cto/zephyrproject/zephyr-course/app/modules/ring_buf
  starting_dir /home/cto/zephyrproject/zephyr-course
  obj_dir      /home/cto/zephyrproject/zephyr-course/twister-out
  gcda_fname   native_sim_native/host_gnu/zephyr-course/tests/ring_buf/homework.unit.ring_buf/zephyr/kernel/CMakeFiles/kernel.dir/idle.c.gcda
  --> fname    /home/cto/zephyrproject/zephyr/kernel/idle.c
(DEBUG) Check if /home/cto/zephyrproject/zephyr/kernel/idle.c is included (source file)...
(DEBUG)   No filter matched.
(DEBUG) --> File is excluded.
(DEBUG) Check if /home/cto/zephyrproject/zephyr-course/twister-out/kernel.h##3d600634decb40355467717e98cbaefe.gcov is included (trace)...
(DEBUG) --> File is excluded.
(DEBUG) Finding source file corresponding to a gcov data file
  gcov_fname   /home/cto/zephyrproject/zephyr-course/twister-out/kernel.h##3d600634decb40355467717e98cbaefe.gcov
  current_dir  /home/cto/zephyrproject/zephyr-course/twister-out
  root         /home/cto/zephyrproject/zephyr-course/app/modules/ring_buf
  starting_dir /home/cto/zephyrproject/zephyr-course
  obj_dir      /home/cto/zephyrproject/zephyr-course/twister-out
  gcda_fname   native_sim_native/host_gnu/zephyr-course/tests/ring_buf/homework.unit.ring_buf/zephyr/kernel/CMakeFiles/kernel.dir/idle.c.gcda
  --> fname    /home/cto/zephyrproject/zephyr/include/zephyr/kernel.h
(DEBUG) Check if /home/cto/zephyrproject/zephyr/include/zephyr/kernel.h is included (source file)...
(DEBUG) --> File is excluded.
(DEBUG) Check if /home/cto/zephyrproject/zephyr-course/twister-out/native_sim_native/host_gnu/zephyr-course/tests/ring_buf/homework.unit.ring_buf/zephyr/kernel/CMakeFiles/kernel.dir/init.c.gcda is included (trace)...
(DEBUG)   No filter matched.
(DEBUG) --> File is excluded.
(DEBUG) Check if /home/cto/zephyrproject/zephyr-course/twister-out/native_sim_native/host_gnu/zephyr-course/tests/ring_buf/homework.unit.ring_buf/zephyr/kernel/CMakeFiles/kernel.dir/init.c.gcda is included (trace)...
(DEBUG) --> File is excluded.
(DEBUG) Check if init.c##c7f11599e7c41ac5a3c8e09f6ae75392.gcov is included (gcov file)...
(DEBUG)   Filter AlwaysMatchFilter() matched.
(DEBUG) --> File is included.
(DEBUG) Check if gcov.h##73c959630649e42605a89cfa7edf9997.gcov is included (gcov file)...
(DEBUG)   Filter AlwaysMatchFilter() matched.
(DEBUG) --> File is included.
(DEBUG) Check if kthread.h##dd2da6b097956e25ca6725b2474a3e43.gcov is included (gcov file)...
(DEBUG) --> File is included.
(DEBUG) Check if timeout_q.h##a95b2b01f7e434a2400daebfad8ed345.gcov is included (gcov file)...
(DEBUG) --> File is included.
(DEBUG) Check if kernel_arch_func.h##abfef9e7d3ad40b2d908e530356295bd.gcov is included (gcov file)...
(DEBUG) --> File is included.
(DEBUG) Check if kernel.h##a43b07f35530a2575a8767c959abd1d5.gcov is included (gcov file)...
(DEBUG) --> File is included.
(DEBUG) Check if kernel.h##3d600634decb40355467717e98cbaefe.gcov is included (gcov file)...
(DEBUG) --> File is included.
(DEBUG) Check if kobject_internal.h##c80d72ddd75e3dc86bbda9d3af962332.gcov is included (gcov file)...
(DEBUG) --> File is included.
(DEBUG) Check if thread_stack.h##d3361197028b71256d4d5420f7e2cdd6.gcov is included (gcov file)...
(DEBUG)   Filter AlwaysMatchFilter() matched.
(DEBUG) --> File is included.
(DEBUG) Check if arch.h##cd3ec459a8a675a723e815b63d40d361.gcov is included (gcov file)...
(DEBUG) --> File is included.
(DEBUG) Check if /home/cto/zephyrproject/zephyr-course/twister-out/init.c##c7f11599e7c41ac5a3c8e09f6ae75392.gcov is included (trace)...
(DEBUG)   No filter matched.
(DEBUG) --> File is excluded.
(DEBUG) Finding source file corresponding to a gcov data file
  gcov_fname   /home/cto/zephyrproject/zephyr-course/twister-out/init.c##c7f11599e7c41ac5a3c8e09f6ae75392.gcov
  current_dir  /home/cto/zephyrproject/zephyr-course/twister-out
  root         /home/cto/zephyrproject/zephyr-course/app/modules/ring_buf
  starting_dir /home/cto/zephyrproject/zephyr-course
  obj_dir      /home/cto/zephyrproject/zephyr-course/twister-out
  gcda_fname   native_sim_native/host_gnu/zephyr-course/tests/ring_buf/homework.unit.ring_buf/zephyr/kernel/CMakeFiles/kernel.dir/init.c.gcda
  --> fname    /home/cto/zephyrproject/zephyr/kernel/init.c
(DEBUG) Check if /home/cto/zephyrproject/zephyr/kernel/init.c is included (source file)...
(DEBUG)   No filter matched.
(DEBUG) --> File is excluded.
(DEBUG) Check if /home/cto/zephyrproject/zephyr-course/twister-out/kernel.h##a43b07f35530a2575a8767c959abd1d5.gcov is included (trace)...
(DEBUG) --> File is excluded.
(DEBUG) Finding source file corresponding to a gcov data file
  gcov_fname   /home/cto/zephyrproject/zephyr-course/twister-out/kernel.h##a43b07f35530a2575a8767c959abd1d5.gcov
  current_dir  /home/cto/zephyrproject/zephyr-course/twister-out
  root         /home/cto/zephyrproject/zephyr-course/app/modules/ring_buf
  starting_dir /home/cto/zephyrproject/zephyr-course
  obj_dir      /home/cto/zephyrproject/zephyr-course/twister-out
  gcda_fname   native_sim_native/host_gnu/zephyr-course/tests/ring_buf/homework.unit.ring_buf/zephyr/kernel/CMakeFiles/kernel.dir/init.c.gcda
  --> fname    /home/cto/zephyrproject/zephyr-course/twister-out/native_sim_native/host_gnu/zephyr-course/tests/ring_buf/homework.unit.ring_buf/zephyr/include/generated/zephyr/syscalls/kernel.h
(DEBUG) Check if /home/cto/zephyrproject/zephyr-course/twister-out/native_sim_native/host_gnu/zephyr-course/tests/ring_buf/homework.unit.ring_buf/zephyr/include/generated/zephyr/syscalls/kernel.h is included (source file)...
(DEBUG) --> File is excluded.
(DEBUG) Check if /home/cto/zephyrproject/zephyr-course/twister-out/kobject_internal.h##c80d72ddd75e3dc86bbda9d3af962332.gcov is included (trace)...
(DEBUG) --> File is excluded.
(DEBUG) Finding source file corresponding to a gcov data file
  gcov_fname   /home/cto/zephyrproject/zephyr-course/twister-out/kobject_internal.h##c80d72ddd75e3dc86bbda9d3af962332.gcov
  current_dir  /home/cto/zephyrproject/zephyr-course/twister-out
  root         /home/cto/zephyrproject/zephyr-course/app/modules/ring_buf
  starting_dir /home/cto/zephyrproject/zephyr-course
  obj_dir      /home/cto/zephyrproject/zephyr-course/twister-out
  gcda_fname   native_sim_native/host_gnu/zephyr-course/tests/ring_buf/homework.unit.ring_buf/zephyr/kernel/CMakeFiles/kernel.dir/init.c.gcda
  --> fname    /home/cto/zephyrproject/zephyr/include/zephyr/sys/internal/kobject_internal.h
(DEBUG) Check if /home/cto/zephyrproject/zephyr/include/zephyr/sys/internal/kobject_internal.h is included (source file)...
(DEBUG) --> File is excluded.
(DEBUG) Check if /home/cto/zephyrproject/zephyr-course/twister-out/gcov.h##73c959630649e42605a89cfa7edf9997.gcov is included (trace)...
(DEBUG)   No filter matched.
(DEBUG) --> File is excluded.
(DEBUG) Finding source file corresponding to a gcov data file
  gcov_fname   /home/cto/zephyrproject/zephyr-course/twister-out/gcov.h##73c959630649e42605a89cfa7edf9997.gcov
  current_dir  /home/cto/zephyrproject/zephyr-course/twister-out
  root         /home/cto/zephyrproject/zephyr-course/app/modules/ring_buf
  starting_dir /home/cto/zephyrproject/zephyr-course
  obj_dir      /home/cto/zephyrproject/zephyr-course/twister-out
  gcda_fname   native_sim_native/host_gnu/zephyr-course/tests/ring_buf/homework.unit.ring_buf/zephyr/kernel/CMakeFiles/kernel.dir/init.c.gcda
  --> fname    /home/cto/zephyrproject/zephyr/include/zephyr/debug/gcov.h
(DEBUG) Check if /home/cto/zephyrproject/zephyr/include/zephyr/debug/gcov.h is included (source file)...
(DEBUG)   No filter matched.
(DEBUG) --> File is excluded.
(DEBUG) Check if /home/cto/zephyrproject/zephyr-course/twister-out/timeout_q.h##a95b2b01f7e434a2400daebfad8ed345.gcov is included (trace)...
(DEBUG) --> File is excluded.
(DEBUG) Finding source file corresponding to a gcov data file
  gcov_fname   /home/cto/zephyrproject/zephyr-course/twister-out/timeout_q.h##a95b2b01f7e434a2400daebfad8ed345.gcov
  current_dir  /home/cto/zephyrproject/zephyr-course/twister-out
  root         /home/cto/zephyrproject/zephyr-course/app/modules/ring_buf
  starting_dir /home/cto/zephyrproject/zephyr-course
  obj_dir      /home/cto/zephyrproject/zephyr-course/twister-out
  gcda_fname   native_sim_native/host_gnu/zephyr-course/tests/ring_buf/homework.unit.ring_buf/zephyr/kernel/CMakeFiles/kernel.dir/init.c.gcda
  --> fname    /home/cto/zephyrproject/zephyr/kernel/include/timeout_q.h
(DEBUG) Check if /home/cto/zephyrproject/zephyr/kernel/include/timeout_q.h is included (source file)...
(DEBUG) --> File is excluded.
(DEBUG) Check if /home/cto/zephyrproject/zephyr-course/twister-out/kthread.h##dd2da6b097956e25ca6725b2474a3e43.gcov is included (trace)...
(DEBUG) --> File is excluded.
(DEBUG) Finding source file corresponding to a gcov data file
  gcov_fname   /home/cto/zephyrproject/zephyr-course/twister-out/kthread.h##dd2da6b097956e25ca6725b2474a3e43.gcov
  current_dir  /home/cto/zephyrproject/zephyr-course/twister-out
  root         /home/cto/zephyrproject/zephyr-course/app/modules/ring_buf
  starting_dir /home/cto/zephyrproject/zephyr-course
  obj_dir      /home/cto/zephyrproject/zephyr-course/twister-out
  gcda_fname   native_sim_native/host_gnu/zephyr-course/tests/ring_buf/homework.unit.ring_buf/zephyr/kernel/CMakeFiles/kernel.dir/init.c.gcda
  --> fname    /home/cto/zephyrproject/zephyr/kernel/include/kthread.h
(DEBUG) Check if /home/cto/zephyrproject/zephyr/kernel/include/kthread.h is included (source file)...
(DEBUG) --> File is excluded.
(DEBUG) Check if /home/cto/zephyrproject/zephyr-course/twister-out/thread_stack.h##d3361197028b71256d4d5420f7e2cdd6.gcov is included (trace)...
(DEBUG)   No filter matched.
(DEBUG) --> File is excluded.
(DEBUG) Finding source file corresponding to a gcov data file
  gcov_fname   /home/cto/zephyrproject/zephyr-course/twister-out/thread_stack.h##d3361197028b71256d4d5420f7e2cdd6.gcov
  current_dir  /home/cto/zephyrproject/zephyr-course/twister-out
  root         /home/cto/zephyrproject/zephyr-course/app/modules/ring_buf
  starting_dir /home/cto/zephyrproject/zephyr-course
  obj_dir      /home/cto/zephyrproject/zephyr-course/twister-out
  gcda_fname   native_sim_native/host_gnu/zephyr-course/tests/ring_buf/homework.unit.ring_buf/zephyr/kernel/CMakeFiles/kernel.dir/init.c.gcda
  --> fname    /home/cto/zephyrproject/zephyr/include/zephyr/kernel/thread_stack.h
(DEBUG) Check if /home/cto/zephyrproject/zephyr/include/zephyr/kernel/thread_stack.h is included (source file)...
(DEBUG)   No filter matched.
(DEBUG) --> File is excluded.
(DEBUG) Check if /home/cto/zephyrproject/zephyr-course/twister-out/arch.h##cd3ec459a8a675a723e815b63d40d361.gcov is included (trace)...
(DEBUG) --> File is excluded.
(DEBUG) Finding source file corresponding to a gcov data file
  gcov_fname   /home/cto/zephyrproject/zephyr-course/twister-out/arch.h##cd3ec459a8a675a723e815b63d40d361.gcov
  current_dir  /home/cto/zephyrproject/zephyr-course/twister-out
  root         /home/cto/zephyrproject/zephyr-course/app/modules/ring_buf
  starting_dir /home/cto/zephyrproject/zephyr-course
  obj_dir      /home/cto/zephyrproject/zephyr-course/twister-out
  gcda_fname   native_sim_native/host_gnu/zephyr-course/tests/ring_buf/homework.unit.ring_buf/zephyr/kernel/CMakeFiles/kernel.dir/init.c.gcda
  --> fname    /home/cto/zephyrproject/zephyr/include/zephyr/arch/posix/arch.h
(DEBUG) Check if /home/cto/zephyrproject/zephyr/include/zephyr/arch/posix/arch.h is included (source file)...
(DEBUG) --> File is excluded.
(DEBUG) Check if /home/cto/zephyrproject/zephyr-course/twister-out/kernel_arch_func.h##abfef9e7d3ad40b2d908e530356295bd.gcov is included (trace)...
(DEBUG) --> File is excluded.
(DEBUG) Finding source file corresponding to a gcov data file
  gcov_fname   /home/cto/zephyrproject/zephyr-course/twister-out/kernel_arch_func.h##abfef9e7d3ad40b2d908e530356295bd.gcov
  current_dir  /home/cto/zephyrproject/zephyr-course/twister-out
  root         /home/cto/zephyrproject/zephyr-course/app/modules/ring_buf
  starting_dir /home/cto/zephyrproject/zephyr-course
  obj_dir      /home/cto/zephyrproject/zephyr-course/twister-out
  gcda_fname   native_sim_native/host_gnu/zephyr-course/tests/ring_buf/homework.unit.ring_buf/zephyr/kernel/CMakeFiles/kernel.dir/init.c.gcda
  --> fname    /home/cto/zephyrproject/zephyr/arch/posix/include/kernel_arch_func.h
(DEBUG) Check if /home/cto/zephyrproject/zephyr/arch/posix/include/kernel_arch_func.h is included (source file)...
(DEBUG) --> File is excluded.
(DEBUG) Check if /home/cto/zephyrproject/zephyr-course/twister-out/kernel.h##3d600634decb40355467717e98cbaefe.gcov is included (trace)...
(DEBUG) --> File is excluded.
(DEBUG) Finding source file corresponding to a gcov data file
  gcov_fname   /home/cto/zephyrproject/zephyr-course/twister-out/kernel.h##3d600634decb40355467717e98cbaefe.gcov
  current_dir  /home/cto/zephyrproject/zephyr-course/twister-out
  root         /home/cto/zephyrproject/zephyr-course/app/modules/ring_buf
  starting_dir /home/cto/zephyrproject/zephyr-course
  obj_dir      /home/cto/zephyrproject/zephyr-course/twister-out
  gcda_fname   native_sim_native/host_gnu/zephyr-course/tests/ring_buf/homework.unit.ring_buf/zephyr/kernel/CMakeFiles/kernel.dir/init.c.gcda
  --> fname    /home/cto/zephyrproject/zephyr/include/zephyr/kernel.h
(DEBUG) Check if /home/cto/zephyrproject/zephyr/include/zephyr/kernel.h is included (source file)...
(DEBUG) --> File is excluded.
(DEBUG) Check if /home/cto/zephyrproject/zephyr-course/twister-out/native_sim_native/host_gnu/zephyr-course/tests/ring_buf/homework.unit.ring_buf/zephyr/kernel/CMakeFiles/kernel.dir/kheap.c.gcno is included (trace)...
(DEBUG)   No filter matched.
(DEBUG) --> File is excluded.
(DEBUG) Check if /home/cto/zephyrproject/zephyr-course/twister-out/native_sim_native/host_gnu/zephyr-course/tests/ring_buf/homework.unit.ring_buf/zephyr/kernel/CMakeFiles/kernel.dir/kheap.c.gcno is included (trace)...
(DEBUG) --> File is excluded.
(DEBUG) Check if kheap.c##84bc5915058feaa83911973bc56475f5.gcov is included (gcov file)...
(DEBUG)   Filter AlwaysMatchFilter() matched.
(DEBUG) --> File is included.
(DEBUG) Check if wait_q.h##ded2ae2822159b780ea75cb59b2ee9ab.gcov is included (gcov file)...
(DEBUG) --> File is included.
(DEBUG) Check if math_extras_impl.h##d9e03954427d447f1d73b273349b4860.gcov is included (gcov file)...
(DEBUG) --> File is included.
(DEBUG) Check if kernel_arch_func.h##abfef9e7d3ad40b2d908e530356295bd.gcov is included (gcov file)...
(DEBUG) --> File is included.
(DEBUG) Check if spinlock.h##7a9625cd30eeacafc44455d74d611b1c.gcov is included (gcov file)...
(DEBUG) --> File is included.
(DEBUG) Check if arch.h##cd3ec459a8a675a723e815b63d40d361.gcov is included (gcov file)...
(DEBUG) --> File is included.
(DEBUG) Check if dlist.h##433b9b986dcbf92abddbed41f2b435fa.gcov is included (gcov file)...
(DEBUG) --> File is included.
(DEBUG) Check if /home/cto/zephyrproject/zephyr-course/twister-out/math_extras_impl.h##d9e03954427d447f1d73b273349b4860.gcov is included (trace)...
(DEBUG) --> File is excluded.
(DEBUG) Finding source file corresponding to a gcov data file
  gcov_fname   /home/cto/zephyrproject/zephyr-course/twister-out/math_extras_impl.h##d9e03954427d447f1d73b273349b4860.gcov
  current_dir  /home/cto/zephyrproject/zephyr-course/twister-out
  root         /home/cto/zephyrproject/zephyr-course/app/modules/ring_buf
  starting_dir /home/cto/zephyrproject/zephyr-course
  obj_dir      /home/cto/zephyrproject/zephyr-course/twister-out
  gcda_fname   native_sim_native/host_gnu/zephyr-course/tests/ring_buf/homework.unit.ring_buf/zephyr/kernel/CMakeFiles/kernel.dir/kheap.c.gcno
  --> fname    /home/cto/zephyrproject/zephyr/include/zephyr/sys/math_extras_impl.h
(DEBUG) Check if /home/cto/zephyrproject/zephyr/include/zephyr/sys/math_extras_impl.h is included (source file)...
(DEBUG) --> File is excluded.
(DEBUG) Check if /home/cto/zephyrproject/zephyr-course/twister-out/spinlock.h##7a9625cd30eeacafc44455d74d611b1c.gcov is included (trace)...
(DEBUG) --> File is excluded.
(DEBUG) Finding source file corresponding to a gcov data file
  gcov_fname   /home/cto/zephyrproject/zephyr-course/twister-out/spinlock.h##7a9625cd30eeacafc44455d74d611b1c.gcov
  current_dir  /home/cto/zephyrproject/zephyr-course/twister-out
  root         /home/cto/zephyrproject/zephyr-course/app/modules/ring_buf
  starting_dir /home/cto/zephyrproject/zephyr-course
  obj_dir      /home/cto/zephyrproject/zephyr-course/twister-out
  gcda_fname   native_sim_native/host_gnu/zephyr-course/tests/ring_buf/homework.unit.ring_buf/zephyr/kernel/CMakeFiles/kernel.dir/kheap.c.gcno
  --> fname    /home/cto/zephyrproject/zephyr/include/zephyr/spinlock.h
(DEBUG) Check if /home/cto/zephyrproject/zephyr/include/zephyr/spinlock.h is included (source file)...
(DEBUG) --> File is excluded.
(DEBUG) Check if /home/cto/zephyrproject/zephyr-course/twister-out/dlist.h##433b9b986dcbf92abddbed41f2b435fa.gcov is included (trace)...
(DEBUG) --> File is excluded.
(DEBUG) Finding source file corresponding to a gcov data file
  gcov_fname   /home/cto/zephyrproject/zephyr-course/twister-out/dlist.h##433b9b986dcbf92abddbed41f2b435fa.gcov
  current_dir  /home/cto/zephyrproject/zephyr-course/twister-out
  root         /home/cto/zephyrproject/zephyr-course/app/modules/ring_buf
  starting_dir /home/cto/zephyrproject/zephyr-course
  obj_dir      /home/cto/zephyrproject/zephyr-course/twister-out
  gcda_fname   native_sim_native/host_gnu/zephyr-course/tests/ring_buf/homework.unit.ring_buf/zephyr/kernel/CMakeFiles/kernel.dir/kheap.c.gcno
  --> fname    /home/cto/zephyrproject/zephyr/include/zephyr/sys/dlist.h
(DEBUG) Check if /home/cto/zephyrproject/zephyr/include/zephyr/sys/dlist.h is included (source file)...
(DEBUG) --> File is excluded.
(DEBUG) Check if /home/cto/zephyrproject/zephyr-course/twister-out/wait_q.h##ded2ae2822159b780ea75cb59b2ee9ab.gcov is included (trace)...
(DEBUG) --> File is excluded.
(DEBUG) Finding source file corresponding to a gcov data file
  gcov_fname   /home/cto/zephyrproject/zephyr-course/twister-out/wait_q.h##ded2ae2822159b780ea75cb59b2ee9ab.gcov
  current_dir  /home/cto/zephyrproject/zephyr-course/twister-out
  root         /home/cto/zephyrproject/zephyr-course/app/modules/ring_buf
  starting_dir /home/cto/zephyrproject/zephyr-course
  obj_dir      /home/cto/zephyrproject/zephyr-course/twister-out
  gcda_fname   native_sim_native/host_gnu/zephyr-course/tests/ring_buf/homework.unit.ring_buf/zephyr/kernel/CMakeFiles/kernel.dir/kheap.c.gcno
  --> fname    /home/cto/zephyrproject/zephyr/kernel/include/wait_q.h
(DEBUG) Check if /home/cto/zephyrproject/zephyr/kernel/include/wait_q.h is included (source file)...
(DEBUG) --> File is excluded.
(DEBUG) Check if /home/cto/zephyrproject/zephyr-course/twister-out/kheap.c##84bc5915058feaa83911973bc56475f5.gcov is included (trace)...
(DEBUG)   No filter matched.
(DEBUG) --> File is excluded.
(DEBUG) Finding source file corresponding to a gcov data file
  gcov_fname   /home/cto/zephyrproject/zephyr-course/twister-out/kheap.c##84bc5915058feaa83911973bc56475f5.gcov
  current_dir  /home/cto/zephyrproject/zephyr-course/twister-out
  root         /home/cto/zephyrproject/zephyr-course/app/modules/ring_buf
  starting_dir /home/cto/zephyrproject/zephyr-course
  obj_dir      /home/cto/zephyrproject/zephyr-course/twister-out
  gcda_fname   native_sim_native/host_gnu/zephyr-course/tests/ring_buf/homework.unit.ring_buf/zephyr/kernel/CMakeFiles/kernel.dir/kheap.c.gcno
  --> fname    /home/cto/zephyrproject/zephyr/kernel/kheap.c
(DEBUG) Check if /home/cto/zephyrproject/zephyr/kernel/kheap.c is included (source file)...
(DEBUG)   No filter matched.
(DEBUG) --> File is excluded.
(DEBUG) Check if /home/cto/zephyrproject/zephyr-course/twister-out/arch.h##cd3ec459a8a675a723e815b63d40d361.gcov is included (trace)...
(DEBUG) --> File is excluded.
(DEBUG) Finding source file corresponding to a gcov data file
  gcov_fname   /home/cto/zephyrproject/zephyr-course/twister-out/arch.h##cd3ec459a8a675a723e815b63d40d361.gcov
  current_dir  /home/cto/zephyrproject/zephyr-course/twister-out
  root         /home/cto/zephyrproject/zephyr-course/app/modules/ring_buf
  starting_dir /home/cto/zephyrproject/zephyr-course
  obj_dir      /home/cto/zephyrproject/zephyr-course/twister-out
  gcda_fname   native_sim_native/host_gnu/zephyr-course/tests/ring_buf/homework.unit.ring_buf/zephyr/kernel/CMakeFiles/kernel.dir/kheap.c.gcno
  --> fname    /home/cto/zephyrproject/zephyr/include/zephyr/arch/posix/arch.h
(DEBUG) Check if /home/cto/zephyrproject/zephyr/include/zephyr/arch/posix/arch.h is included (source file)...
(DEBUG) --> File is excluded.
(DEBUG) Check if /home/cto/zephyrproject/zephyr-course/twister-out/kernel_arch_func.h##abfef9e7d3ad40b2d908e530356295bd.gcov is included (trace)...
(DEBUG) --> File is excluded.
(DEBUG) Finding source file corresponding to a gcov data file
  gcov_fname   /home/cto/zephyrproject/zephyr-course/twister-out/kernel_arch_func.h##abfef9e7d3ad40b2d908e530356295bd.gcov
  current_dir  /home/cto/zephyrproject/zephyr-course/twister-out
  root         /home/cto/zephyrproject/zephyr-course/app/modules/ring_buf
  starting_dir /home/cto/zephyrproject/zephyr-course
  obj_dir      /home/cto/zephyrproject/zephyr-course/twister-out
  gcda_fname   native_sim_native/host_gnu/zephyr-course/tests/ring_buf/homework.unit.ring_buf/zephyr/kernel/CMakeFiles/kernel.dir/kheap.c.gcno
  --> fname    /home/cto/zephyrproject/zephyr/arch/posix/include/kernel_arch_func.h
(DEBUG) Check if /home/cto/zephyrproject/zephyr/arch/posix/include/kernel_arch_func.h is included (source file)...
(DEBUG) --> File is excluded.
(DEBUG) Check if /home/cto/zephyrproject/zephyr-course/twister-out/native_sim_native/host_gnu/zephyr-course/tests/ring_buf/homework.unit.ring_buf/zephyr/kernel/CMakeFiles/kernel.dir/mailbox.c.gcno is included (trace)...
(DEBUG)   No filter matched.
(DEBUG) --> File is excluded.
(DEBUG) Check if /home/cto/zephyrproject/zephyr-course/twister-out/native_sim_native/host_gnu/zephyr-course/tests/ring_buf/homework.unit.ring_buf/zephyr/kernel/CMakeFiles/kernel.dir/mailbox.c.gcno is included (trace)...
(DEBUG) --> File is excluded.
(DEBUG) Check if mailbox.c##f70be6eae33e2757e67610d79bd75a31.gcov is included (gcov file)...
(DEBUG)   Filter AlwaysMatchFilter() matched.
(DEBUG) --> File is included.
(DEBUG) Check if wait_q.h##ded2ae2822159b780ea75cb59b2ee9ab.gcov is included (gcov file)...
(DEBUG) --> File is included.
(DEBUG) Check if ksched.h##ed05a602fa65c69cb6663bf196ec30da.gcov is included (gcov file)...
(DEBUG) --> File is included.
(DEBUG) Check if kthread.h##dd2da6b097956e25ca6725b2474a3e43.gcov is included (gcov file)...
(DEBUG) --> File is included.
(DEBUG) Check if kernel_arch_func.h##abfef9e7d3ad40b2d908e530356295bd.gcov is included (gcov file)...
(DEBUG) --> File is included.
(DEBUG) Check if kernel.h##a43b07f35530a2575a8767c959abd1d5.gcov is included (gcov file)...
(DEBUG) --> File is included.
(DEBUG) Check if spinlock.h##7a9625cd30eeacafc44455d74d611b1c.gcov is included (gcov file)...
(DEBUG) --> File is included.
(DEBUG) Check if arch.h##cd3ec459a8a675a723e815b63d40d361.gcov is included (gcov file)...
(DEBUG) --> File is included.
(DEBUG) Check if dlist.h##433b9b986dcbf92abddbed41f2b435fa.gcov is included (gcov file)...
(DEBUG) --> File is included.
(DEBUG) Check if /home/cto/zephyrproject/zephyr-course/twister-out/arch.h##cd3ec459a8a675a723e815b63d40d361.gcov is included (trace)...
(DEBUG) --> File is excluded.
(DEBUG) Finding source file corresponding to a gcov data file
  gcov_fname   /home/cto/zephyrproject/zephyr-course/twister-out/arch.h##cd3ec459a8a675a723e815b63d40d361.gcov
  current_dir  /home/cto/zephyrproject/zephyr-course/twister-out
  root         /home/cto/zephyrproject/zephyr-course/app/modules/ring_buf
  starting_dir /home/cto/zephyrproject/zephyr-course
  obj_dir      /home/cto/zephyrproject/zephyr-course/twister-out
  gcda_fname   native_sim_native/host_gnu/zephyr-course/tests/ring_buf/homework.unit.ring_buf/zephyr/kernel/CMakeFiles/kernel.dir/mailbox.c.gcno
  --> fname    /home/cto/zephyrproject/zephyr/include/zephyr/arch/posix/arch.h
(DEBUG) Check if /home/cto/zephyrproject/zephyr/include/zephyr/arch/posix/arch.h is included (source file)...
(DEBUG) --> File is excluded.
(DEBUG) Check if /home/cto/zephyrproject/zephyr-course/twister-out/kernel.h##a43b07f35530a2575a8767c959abd1d5.gcov is included (trace)...
(DEBUG) --> File is excluded.
(DEBUG) Finding source file corresponding to a gcov data file
  gcov_fname   /home/cto/zephyrproject/zephyr-course/twister-out/kernel.h##a43b07f35530a2575a8767c959abd1d5.gcov
  current_dir  /home/cto/zephyrproject/zephyr-course/twister-out
  root         /home/cto/zephyrproject/zephyr-course/app/modules/ring_buf
  starting_dir /home/cto/zephyrproject/zephyr-course
  obj_dir      /home/cto/zephyrproject/zephyr-course/twister-out
  gcda_fname   native_sim_native/host_gnu/zephyr-course/tests/ring_buf/homework.unit.ring_buf/zephyr/kernel/CMakeFiles/kernel.dir/mailbox.c.gcno
  --> fname    /home/cto/zephyrproject/zephyr-course/twister-out/native_sim_native/host_gnu/zephyr-course/tests/ring_buf/homework.unit.ring_buf/zephyr/include/generated/zephyr/syscalls/kernel.h
(DEBUG) Check if /home/cto/zephyrproject/zephyr-course/twister-out/native_sim_native/host_gnu/zephyr-course/tests/ring_buf/homework.unit.ring_buf/zephyr/include/generated/zephyr/syscalls/kernel.h is included (source file)...
(DEBUG) --> File is excluded.
(DEBUG) Check if /home/cto/zephyrproject/zephyr-course/twister-out/mailbox.c##f70be6eae33e2757e67610d79bd75a31.gcov is included (trace)...
(DEBUG)   No filter matched.
(DEBUG) --> File is excluded.
(DEBUG) Finding source file corresponding to a gcov data file
  gcov_fname   /home/cto/zephyrproject/zephyr-course/twister-out/mailbox.c##f70be6eae33e2757e67610d79bd75a31.gcov
  current_dir  /home/cto/zephyrproject/zephyr-course/twister-out
  root         /home/cto/zephyrproject/zephyr-course/app/modules/ring_buf
  starting_dir /home/cto/zephyrproject/zephyr-course
  obj_dir      /home/cto/zephyrproject/zephyr-course/twister-out
  gcda_fname   native_sim_native/host_gnu/zephyr-course/tests/ring_buf/homework.unit.ring_buf/zephyr/kernel/CMakeFiles/kernel.dir/mailbox.c.gcno
  --> fname    /home/cto/zephyrproject/zephyr/kernel/mailbox.c
(DEBUG) Check if /home/cto/zephyrproject/zephyr/kernel/mailbox.c is included (source file)...
(DEBUG)   No filter matched.
(DEBUG) --> File is excluded.
(DEBUG) Check if /home/cto/zephyrproject/zephyr-course/twister-out/spinlock.h##7a9625cd30eeacafc44455d74d611b1c.gcov is included (trace)...
(DEBUG) --> File is excluded.
(DEBUG) Finding source file corresponding to a gcov data file
  gcov_fname   /home/cto/zephyrproject/zephyr-course/twister-out/spinlock.h##7a9625cd30eeacafc44455d74d611b1c.gcov
  current_dir  /home/cto/zephyrproject/zephyr-course/twister-out
  root         /home/cto/zephyrproject/zephyr-course/app/modules/ring_buf
  starting_dir /home/cto/zephyrproject/zephyr-course
  obj_dir      /home/cto/zephyrproject/zephyr-course/twister-out
  gcda_fname   native_sim_native/host_gnu/zephyr-course/tests/ring_buf/homework.unit.ring_buf/zephyr/kernel/CMakeFiles/kernel.dir/mailbox.c.gcno
  --> fname    /home/cto/zephyrproject/zephyr/include/zephyr/spinlock.h
(DEBUG) Check if /home/cto/zephyrproject/zephyr/include/zephyr/spinlock.h is included (source file)...
(DEBUG) --> File is excluded.
(DEBUG) Check if /home/cto/zephyrproject/zephyr-course/twister-out/dlist.h##433b9b986dcbf92abddbed41f2b435fa.gcov is included (trace)...
(DEBUG) --> File is excluded.
(DEBUG) Finding source file corresponding to a gcov data file
  gcov_fname   /home/cto/zephyrproject/zephyr-course/twister-out/dlist.h##433b9b986dcbf92abddbed41f2b435fa.gcov
  current_dir  /home/cto/zephyrproject/zephyr-course/twister-out
  root         /home/cto/zephyrproject/zephyr-course/app/modules/ring_buf
  starting_dir /home/cto/zephyrproject/zephyr-course
  obj_dir      /home/cto/zephyrproject/zephyr-course/twister-out
  gcda_fname   native_sim_native/host_gnu/zephyr-course/tests/ring_buf/homework.unit.ring_buf/zephyr/kernel/CMakeFiles/kernel.dir/mailbox.c.gcno
  --> fname    /home/cto/zephyrproject/zephyr/include/zephyr/sys/dlist.h
(DEBUG) Check if /home/cto/zephyrproject/zephyr/include/zephyr/sys/dlist.h is included (source file)...
(DEBUG) --> File is excluded.
(DEBUG) Check if /home/cto/zephyrproject/zephyr-course/twister-out/kthread.h##dd2da6b097956e25ca6725b2474a3e43.gcov is included (trace)...
(DEBUG) --> File is excluded.
(DEBUG) Finding source file corresponding to a gcov data file
  gcov_fname   /home/cto/zephyrproject/zephyr-course/twister-out/kthread.h##dd2da6b097956e25ca6725b2474a3e43.gcov
  current_dir  /home/cto/zephyrproject/zephyr-course/twister-out
  root         /home/cto/zephyrproject/zephyr-course/app/modules/ring_buf
  starting_dir /home/cto/zephyrproject/zephyr-course
  obj_dir      /home/cto/zephyrproject/zephyr-course/twister-out
  gcda_fname   native_sim_native/host_gnu/zephyr-course/tests/ring_buf/homework.unit.ring_buf/zephyr/kernel/CMakeFiles/kernel.dir/mailbox.c.gcno
  --> fname    /home/cto/zephyrproject/zephyr/kernel/include/kthread.h
(DEBUG) Check if /home/cto/zephyrproject/zephyr/kernel/include/kthread.h is included (source file)...
(DEBUG) --> File is excluded.
(DEBUG) Check if /home/cto/zephyrproject/zephyr-course/twister-out/wait_q.h##ded2ae2822159b780ea75cb59b2ee9ab.gcov is included (trace)...
(DEBUG) --> File is excluded.
(DEBUG) Finding source file corresponding to a gcov data file
  gcov_fname   /home/cto/zephyrproject/zephyr-course/twister-out/wait_q.h##ded2ae2822159b780ea75cb59b2ee9ab.gcov
  current_dir  /home/cto/zephyrproject/zephyr-course/twister-out
  root         /home/cto/zephyrproject/zephyr-course/app/modules/ring_buf
  starting_dir /home/cto/zephyrproject/zephyr-course
  obj_dir      /home/cto/zephyrproject/zephyr-course/twister-out
  gcda_fname   native_sim_native/host_gnu/zephyr-course/tests/ring_buf/homework.unit.ring_buf/zephyr/kernel/CMakeFiles/kernel.dir/mailbox.c.gcno
  --> fname    /home/cto/zephyrproject/zephyr/kernel/include/wait_q.h
(DEBUG) Check if /home/cto/zephyrproject/zephyr/kernel/include/wait_q.h is included (source file)...
(DEBUG) --> File is excluded.
(DEBUG) Check if /home/cto/zephyrproject/zephyr-course/twister-out/ksched.h##ed05a602fa65c69cb6663bf196ec30da.gcov is included (trace)...
(DEBUG) --> File is excluded.
(DEBUG) Finding source file corresponding to a gcov data file
  gcov_fname   /home/cto/zephyrproject/zephyr-course/twister-out/ksched.h##ed05a602fa65c69cb6663bf196ec30da.gcov
  current_dir  /home/cto/zephyrproject/zephyr-course/twister-out
  root         /home/cto/zephyrproject/zephyr-course/app/modules/ring_buf
  starting_dir /home/cto/zephyrproject/zephyr-course
  obj_dir      /home/cto/zephyrproject/zephyr-course/twister-out
  gcda_fname   native_sim_native/host_gnu/zephyr-course/tests/ring_buf/homework.unit.ring_buf/zephyr/kernel/CMakeFiles/kernel.dir/mailbox.c.gcno
  --> fname    /home/cto/zephyrproject/zephyr/kernel/include/ksched.h
(DEBUG) Check if /home/cto/zephyrproject/zephyr/kernel/include/ksched.h is included (source file)...
(DEBUG) --> File is excluded.
(DEBUG) Check if /home/cto/zephyrproject/zephyr-course/twister-out/kernel_arch_func.h##abfef9e7d3ad40b2d908e530356295bd.gcov is included (trace)...
(DEBUG) --> File is excluded.
(DEBUG) Finding source file corresponding to a gcov data file
  gcov_fname   /home/cto/zephyrproject/zephyr-course/twister-out/kernel_arch_func.h##abfef9e7d3ad40b2d908e530356295bd.gcov
  current_dir  /home/cto/zephyrproject/zephyr-course/twister-out
  root         /home/cto/zephyrproject/zephyr-course/app/modules/ring_buf
  starting_dir /home/cto/zephyrproject/zephyr-course
  obj_dir      /home/cto/zephyrproject/zephyr-course/twister-out
  gcda_fname   native_sim_native/host_gnu/zephyr-course/tests/ring_buf/homework.unit.ring_buf/zephyr/kernel/CMakeFiles/kernel.dir/mailbox.c.gcno
  --> fname    /home/cto/zephyrproject/zephyr/arch/posix/include/kernel_arch_func.h
(DEBUG) Check if /home/cto/zephyrproject/zephyr/arch/posix/include/kernel_arch_func.h is included (source file)...
(DEBUG) --> File is excluded.
(DEBUG) Check if /home/cto/zephyrproject/zephyr-course/twister-out/native_sim_native/host_gnu/zephyr-course/tests/ring_buf/homework.unit.ring_buf/zephyr/kernel/CMakeFiles/kernel.dir/main_weak.c.gcno is included (trace)...
(DEBUG)   No filter matched.
(DEBUG) --> File is excluded.
(DEBUG) Check if /home/cto/zephyrproject/zephyr-course/twister-out/native_sim_native/host_gnu/zephyr-course/tests/ring_buf/homework.unit.ring_buf/zephyr/kernel/CMakeFiles/kernel.dir/main_weak.c.gcno is included (trace)...
(DEBUG) --> File is excluded.
(DEBUG) Check if main_weak.c##16ffb6e6a56099ed2c622fe8b31b4c2a.gcov is included (gcov file)...
(DEBUG)   Filter AlwaysMatchFilter() matched.
(DEBUG) --> File is included.
(DEBUG) Check if arch.h##cd3ec459a8a675a723e815b63d40d361.gcov is included (gcov file)...
(DEBUG) --> File is included.
(DEBUG) Check if /home/cto/zephyrproject/zephyr-course/twister-out/main_weak.c##16ffb6e6a56099ed2c622fe8b31b4c2a.gcov is included (trace)...
(DEBUG)   No filter matched.
(DEBUG) --> File is excluded.
(DEBUG) Finding source file corresponding to a gcov data file
  gcov_fname   /home/cto/zephyrproject/zephyr-course/twister-out/main_weak.c##16ffb6e6a56099ed2c622fe8b31b4c2a.gcov
  current_dir  /home/cto/zephyrproject/zephyr-course/twister-out
  root         /home/cto/zephyrproject/zephyr-course/app/modules/ring_buf
  starting_dir /home/cto/zephyrproject/zephyr-course
  obj_dir      /home/cto/zephyrproject/zephyr-course/twister-out
  gcda_fname   native_sim_native/host_gnu/zephyr-course/tests/ring_buf/homework.unit.ring_buf/zephyr/kernel/CMakeFiles/kernel.dir/main_weak.c.gcno
  --> fname    /home/cto/zephyrproject/zephyr/kernel/main_weak.c
(DEBUG) Check if /home/cto/zephyrproject/zephyr/kernel/main_weak.c is included (source file)...
(DEBUG)   No filter matched.
(DEBUG) --> File is excluded.
(DEBUG) Check if /home/cto/zephyrproject/zephyr-course/twister-out/arch.h##cd3ec459a8a675a723e815b63d40d361.gcov is included (trace)...
(DEBUG) --> File is excluded.
(DEBUG) Finding source file corresponding to a gcov data file
  gcov_fname   /home/cto/zephyrproject/zephyr-course/twister-out/arch.h##cd3ec459a8a675a723e815b63d40d361.gcov
  current_dir  /home/cto/zephyrproject/zephyr-course/twister-out
  root         /home/cto/zephyrproject/zephyr-course/app/modules/ring_buf
  starting_dir /home/cto/zephyrproject/zephyr-course
  obj_dir      /home/cto/zephyrproject/zephyr-course/twister-out
  gcda_fname   native_sim_native/host_gnu/zephyr-course/tests/ring_buf/homework.unit.ring_buf/zephyr/kernel/CMakeFiles/kernel.dir/main_weak.c.gcno
  --> fname    /home/cto/zephyrproject/zephyr/include/zephyr/arch/posix/arch.h
(DEBUG) Check if /home/cto/zephyrproject/zephyr/include/zephyr/arch/posix/arch.h is included (source file)...
(DEBUG) --> File is excluded.
(DEBUG) Check if /home/cto/zephyrproject/zephyr-course/twister-out/native_sim_native/host_gnu/zephyr-course/tests/ring_buf/homework.unit.ring_buf/zephyr/kernel/CMakeFiles/kernel.dir/mem_slab.c.gcno is included (trace)...
(DEBUG)   No filter matched.
(DEBUG) --> File is excluded.
(DEBUG) Check if /home/cto/zephyrproject/zephyr-course/twister-out/native_sim_native/host_gnu/zephyr-course/tests/ring_buf/homework.unit.ring_buf/zephyr/kernel/CMakeFiles/kernel.dir/mem_slab.c.gcno is included (trace)...
(DEBUG) --> File is excluded.
(DEBUG) Check if mem_slab.c##b8dc0e0363e90d0affaed909a794c1a3.gcov is included (gcov file)...
(DEBUG)   Filter AlwaysMatchFilter() matched.
(DEBUG) --> File is included.
(DEBUG) Check if wait_q.h##ded2ae2822159b780ea75cb59b2ee9ab.gcov is included (gcov file)...
(DEBUG) --> File is included.
(DEBUG) Check if ksched.h##ed05a602fa65c69cb6663bf196ec30da.gcov is included (gcov file)...
(DEBUG) --> File is included.
(DEBUG) Check if priority_q.h##9623d6fc9d5156abfc198d9641ba6225.gcov is included (gcov file)...
(DEBUG) --> File is included.
(DEBUG) Check if math_extras_impl.h##d9e03954427d447f1d73b273349b4860.gcov is included (gcov file)...
(DEBUG) --> File is included.
(DEBUG) Check if kernel_internal.h##35e4e9c61ec67c362b8995093ce22c15.gcov is included (gcov file)...
(DEBUG)   Filter AlwaysMatchFilter() matched.
(DEBUG) --> File is included.
(DEBUG) Check if kthread.h##dd2da6b097956e25ca6725b2474a3e43.gcov is included (gcov file)...
(DEBUG) --> File is included.
(DEBUG) Check if timeout_q.h##a95b2b01f7e434a2400daebfad8ed345.gcov is included (gcov file)...
(DEBUG) --> File is included.
(DEBUG) Check if kernel_arch_func.h##abfef9e7d3ad40b2d908e530356295bd.gcov is included (gcov file)...
(DEBUG) --> File is included.
(DEBUG) Check if kobject_internal.h##c80d72ddd75e3dc86bbda9d3af962332.gcov is included (gcov file)...
(DEBUG) --> File is included.
(DEBUG) Check if spinlock.h##7a9625cd30eeacafc44455d74d611b1c.gcov is included (gcov file)...
(DEBUG) --> File is included.
(DEBUG) Check if arch.h##cd3ec459a8a675a723e815b63d40d361.gcov is included (gcov file)...
(DEBUG) --> File is included.
(DEBUG) Check if dlist.h##433b9b986dcbf92abddbed41f2b435fa.gcov is included (gcov file)...
(DEBUG) --> File is included.
(DEBUG) Check if /home/cto/zephyrproject/zephyr-course/twister-out/arch.h##cd3ec459a8a675a723e815b63d40d361.gcov is included (trace)...
(DEBUG) --> File is excluded.
(DEBUG) Finding source file corresponding to a gcov data file
  gcov_fname   /home/cto/zephyrproject/zephyr-course/twister-out/arch.h##cd3ec459a8a675a723e815b63d40d361.gcov
  current_dir  /home/cto/zephyrproject/zephyr-course/twister-out
  root         /home/cto/zephyrproject/zephyr-course/app/modules/ring_buf
  starting_dir /home/cto/zephyrproject/zephyr-course
  obj_dir      /home/cto/zephyrproject/zephyr-course/twister-out
  gcda_fname   native_sim_native/host_gnu/zephyr-course/tests/ring_buf/homework.unit.ring_buf/zephyr/kernel/CMakeFiles/kernel.dir/mem_slab.c.gcno
  --> fname    /home/cto/zephyrproject/zephyr/include/zephyr/arch/posix/arch.h
(DEBUG) Check if /home/cto/zephyrproject/zephyr/include/zephyr/arch/posix/arch.h is included (source file)...
(DEBUG) --> File is excluded.
(DEBUG) Check if /home/cto/zephyrproject/zephyr-course/twister-out/math_extras_impl.h##d9e03954427d447f1d73b273349b4860.gcov is included (trace)...
(DEBUG) --> File is excluded.
(DEBUG) Finding source file corresponding to a gcov data file
  gcov_fname   /home/cto/zephyrproject/zephyr-course/twister-out/math_extras_impl.h##d9e03954427d447f1d73b273349b4860.gcov
  current_dir  /home/cto/zephyrproject/zephyr-course/twister-out
  root         /home/cto/zephyrproject/zephyr-course/app/modules/ring_buf
  starting_dir /home/cto/zephyrproject/zephyr-course
  obj_dir      /home/cto/zephyrproject/zephyr-course/twister-out
  gcda_fname   native_sim_native/host_gnu/zephyr-course/tests/ring_buf/homework.unit.ring_buf/zephyr/kernel/CMakeFiles/kernel.dir/mem_slab.c.gcno
  --> fname    /home/cto/zephyrproject/zephyr/include/zephyr/sys/math_extras_impl.h
(DEBUG) Check if /home/cto/zephyrproject/zephyr/include/zephyr/sys/math_extras_impl.h is included (source file)...
(DEBUG) --> File is excluded.
(DEBUG) Check if /home/cto/zephyrproject/zephyr-course/twister-out/kobject_internal.h##c80d72ddd75e3dc86bbda9d3af962332.gcov is included (trace)...
(DEBUG) --> File is excluded.
(DEBUG) Finding source file corresponding to a gcov data file
  gcov_fname   /home/cto/zephyrproject/zephyr-course/twister-out/kobject_internal.h##c80d72ddd75e3dc86bbda9d3af962332.gcov
  current_dir  /home/cto/zephyrproject/zephyr-course/twister-out
  root         /home/cto/zephyrproject/zephyr-course/app/modules/ring_buf
  starting_dir /home/cto/zephyrproject/zephyr-course
  obj_dir      /home/cto/zephyrproject/zephyr-course/twister-out
  gcda_fname   native_sim_native/host_gnu/zephyr-course/tests/ring_buf/homework.unit.ring_buf/zephyr/kernel/CMakeFiles/kernel.dir/mem_slab.c.gcno
  --> fname    /home/cto/zephyrproject/zephyr/include/zephyr/sys/internal/kobject_internal.h
(DEBUG) Check if /home/cto/zephyrproject/zephyr/include/zephyr/sys/internal/kobject_internal.h is included (source file)...
(DEBUG) --> File is excluded.
(DEBUG) Check if /home/cto/zephyrproject/zephyr-course/twister-out/priority_q.h##9623d6fc9d5156abfc198d9641ba6225.gcov is included (trace)...
(DEBUG) --> File is excluded.
(DEBUG) Finding source file corresponding to a gcov data file
  gcov_fname   /home/cto/zephyrproject/zephyr-course/twister-out/priority_q.h##9623d6fc9d5156abfc198d9641ba6225.gcov
  current_dir  /home/cto/zephyrproject/zephyr-course/twister-out
  root         /home/cto/zephyrproject/zephyr-course/app/modules/ring_buf
  starting_dir /home/cto/zephyrproject/zephyr-course
  obj_dir      /home/cto/zephyrproject/zephyr-course/twister-out
  gcda_fname   native_sim_native/host_gnu/zephyr-course/tests/ring_buf/homework.unit.ring_buf/zephyr/kernel/CMakeFiles/kernel.dir/mem_slab.c.gcno
  --> fname    /home/cto/zephyrproject/zephyr/kernel/include/priority_q.h
(DEBUG) Check if /home/cto/zephyrproject/zephyr/kernel/include/priority_q.h is included (source file)...
(DEBUG) --> File is excluded.
(DEBUG) Check if /home/cto/zephyrproject/zephyr-course/twister-out/mem_slab.c##b8dc0e0363e90d0affaed909a794c1a3.gcov is included (trace)...
(DEBUG)   No filter matched.
(DEBUG) --> File is excluded.
(DEBUG) Finding source file corresponding to a gcov data file
  gcov_fname   /home/cto/zephyrproject/zephyr-course/twister-out/mem_slab.c##b8dc0e0363e90d0affaed909a794c1a3.gcov
  current_dir  /home/cto/zephyrproject/zephyr-course/twister-out
  root         /home/cto/zephyrproject/zephyr-course/app/modules/ring_buf
  starting_dir /home/cto/zephyrproject/zephyr-course
  obj_dir      /home/cto/zephyrproject/zephyr-course/twister-out
  gcda_fname   native_sim_native/host_gnu/zephyr-course/tests/ring_buf/homework.unit.ring_buf/zephyr/kernel/CMakeFiles/kernel.dir/mem_slab.c.gcno
  --> fname    /home/cto/zephyrproject/zephyr/kernel/mem_slab.c
(DEBUG) Check if /home/cto/zephyrproject/zephyr/kernel/mem_slab.c is included (source file)...
(DEBUG)   No filter matched.
(DEBUG) --> File is excluded.
(DEBUG) Check if /home/cto/zephyrproject/zephyr-course/twister-out/spinlock.h##7a9625cd30eeacafc44455d74d611b1c.gcov is included (trace)...
(DEBUG) --> File is excluded.
(DEBUG) Finding source file corresponding to a gcov data file
  gcov_fname   /home/cto/zephyrproject/zephyr-course/twister-out/spinlock.h##7a9625cd30eeacafc44455d74d611b1c.gcov
  current_dir  /home/cto/zephyrproject/zephyr-course/twister-out
  root         /home/cto/zephyrproject/zephyr-course/app/modules/ring_buf
  starting_dir /home/cto/zephyrproject/zephyr-course
  obj_dir      /home/cto/zephyrproject/zephyr-course/twister-out
  gcda_fname   native_sim_native/host_gnu/zephyr-course/tests/ring_buf/homework.unit.ring_buf/zephyr/kernel/CMakeFiles/kernel.dir/mem_slab.c.gcno
  --> fname    /home/cto/zephyrproject/zephyr/include/zephyr/spinlock.h
(DEBUG) Check if /home/cto/zephyrproject/zephyr/include/zephyr/spinlock.h is included (source file)...
(DEBUG) --> File is excluded.
(DEBUG) Check if /home/cto/zephyrproject/zephyr-course/twister-out/dlist.h##433b9b986dcbf92abddbed41f2b435fa.gcov is included (trace)...
(DEBUG) --> File is excluded.
(DEBUG) Finding source file corresponding to a gcov data file
  gcov_fname   /home/cto/zephyrproject/zephyr-course/twister-out/dlist.h##433b9b986dcbf92abddbed41f2b435fa.gcov
  current_dir  /home/cto/zephyrproject/zephyr-course/twister-out
  root         /home/cto/zephyrproject/zephyr-course/app/modules/ring_buf
  starting_dir /home/cto/zephyrproject/zephyr-course
  obj_dir      /home/cto/zephyrproject/zephyr-course/twister-out
  gcda_fname   native_sim_native/host_gnu/zephyr-course/tests/ring_buf/homework.unit.ring_buf/zephyr/kernel/CMakeFiles/kernel.dir/mem_slab.c.gcno
  --> fname    /home/cto/zephyrproject/zephyr/include/zephyr/sys/dlist.h
(DEBUG) Check if /home/cto/zephyrproject/zephyr/include/zephyr/sys/dlist.h is included (source file)...
(DEBUG) --> File is excluded.
(DEBUG) Check if /home/cto/zephyrproject/zephyr-course/twister-out/timeout_q.h##a95b2b01f7e434a2400daebfad8ed345.gcov is included (trace)...
(DEBUG) --> File is excluded.
(DEBUG) Finding source file corresponding to a gcov data file
  gcov_fname   /home/cto/zephyrproject/zephyr-course/twister-out/timeout_q.h##a95b2b01f7e434a2400daebfad8ed345.gcov
  current_dir  /home/cto/zephyrproject/zephyr-course/twister-out
  root         /home/cto/zephyrproject/zephyr-course/app/modules/ring_buf
  starting_dir /home/cto/zephyrproject/zephyr-course
  obj_dir      /home/cto/zephyrproject/zephyr-course/twister-out
  gcda_fname   native_sim_native/host_gnu/zephyr-course/tests/ring_buf/homework.unit.ring_buf/zephyr/kernel/CMakeFiles/kernel.dir/mem_slab.c.gcno
  --> fname    /home/cto/zephyrproject/zephyr/kernel/include/timeout_q.h
(DEBUG) Check if /home/cto/zephyrproject/zephyr/kernel/include/timeout_q.h is included (source file)...
(DEBUG) --> File is excluded.
(DEBUG) Check if /home/cto/zephyrproject/zephyr-course/twister-out/kthread.h##dd2da6b097956e25ca6725b2474a3e43.gcov is included (trace)...
(DEBUG) --> File is excluded.
(DEBUG) Finding source file corresponding to a gcov data file
  gcov_fname   /home/cto/zephyrproject/zephyr-course/twister-out/kthread.h##dd2da6b097956e25ca6725b2474a3e43.gcov
  current_dir  /home/cto/zephyrproject/zephyr-course/twister-out
  root         /home/cto/zephyrproject/zephyr-course/app/modules/ring_buf
  starting_dir /home/cto/zephyrproject/zephyr-course
  obj_dir      /home/cto/zephyrproject/zephyr-course/twister-out
  gcda_fname   native_sim_native/host_gnu/zephyr-course/tests/ring_buf/homework.unit.ring_buf/zephyr/kernel/CMakeFiles/kernel.dir/mem_slab.c.gcno
  --> fname    /home/cto/zephyrproject/zephyr/kernel/include/kthread.h
(DEBUG) Check if /home/cto/zephyrproject/zephyr/kernel/include/kthread.h is included (source file)...
(DEBUG) --> File is excluded.
(DEBUG) Check if /home/cto/zephyrproject/zephyr-course/twister-out/wait_q.h##ded2ae2822159b780ea75cb59b2ee9ab.gcov is included (trace)...
(DEBUG) --> File is excluded.
(DEBUG) Finding source file corresponding to a gcov data file
  gcov_fname   /home/cto/zephyrproject/zephyr-course/twister-out/wait_q.h##ded2ae2822159b780ea75cb59b2ee9ab.gcov
  current_dir  /home/cto/zephyrproject/zephyr-course/twister-out
  root         /home/cto/zephyrproject/zephyr-course/app/modules/ring_buf
  starting_dir /home/cto/zephyrproject/zephyr-course
  obj_dir      /home/cto/zephyrproject/zephyr-course/twister-out
  gcda_fname   native_sim_native/host_gnu/zephyr-course/tests/ring_buf/homework.unit.ring_buf/zephyr/kernel/CMakeFiles/kernel.dir/mem_slab.c.gcno
  --> fname    /home/cto/zephyrproject/zephyr/kernel/include/wait_q.h
(DEBUG) Check if /home/cto/zephyrproject/zephyr/kernel/include/wait_q.h is included (source file)...
(DEBUG) --> File is excluded.
(DEBUG) Check if /home/cto/zephyrproject/zephyr-course/twister-out/ksched.h##ed05a602fa65c69cb6663bf196ec30da.gcov is included (trace)...
(DEBUG) --> File is excluded.
(DEBUG) Finding source file corresponding to a gcov data file
  gcov_fname   /home/cto/zephyrproject/zephyr-course/twister-out/ksched.h##ed05a602fa65c69cb6663bf196ec30da.gcov
  current_dir  /home/cto/zephyrproject/zephyr-course/twister-out
  root         /home/cto/zephyrproject/zephyr-course/app/modules/ring_buf
  starting_dir /home/cto/zephyrproject/zephyr-course
  obj_dir      /home/cto/zephyrproject/zephyr-course/twister-out
  gcda_fname   native_sim_native/host_gnu/zephyr-course/tests/ring_buf/homework.unit.ring_buf/zephyr/kernel/CMakeFiles/kernel.dir/mem_slab.c.gcno
  --> fname    /home/cto/zephyrproject/zephyr/kernel/include/ksched.h
(DEBUG) Check if /home/cto/zephyrproject/zephyr/kernel/include/ksched.h is included (source file)...
(DEBUG) --> File is excluded.
(DEBUG) Check if /home/cto/zephyrproject/zephyr-course/twister-out/kernel_internal.h##35e4e9c61ec67c362b8995093ce22c15.gcov is included (trace)...
(DEBUG)   No filter matched.
(DEBUG) --> File is excluded.
(DEBUG) Finding source file corresponding to a gcov data file
  gcov_fname   /home/cto/zephyrproject/zephyr-course/twister-out/kernel_internal.h##35e4e9c61ec67c362b8995093ce22c15.gcov
  current_dir  /home/cto/zephyrproject/zephyr-course/twister-out
  root         /home/cto/zephyrproject/zephyr-course/app/modules/ring_buf
  starting_dir /home/cto/zephyrproject/zephyr-course
  obj_dir      /home/cto/zephyrproject/zephyr-course/twister-out
  gcda_fname   native_sim_native/host_gnu/zephyr-course/tests/ring_buf/homework.unit.ring_buf/zephyr/kernel/CMakeFiles/kernel.dir/mem_slab.c.gcno
  --> fname    /home/cto/zephyrproject/zephyr/kernel/include/kernel_internal.h
(DEBUG) Check if /home/cto/zephyrproject/zephyr/kernel/include/kernel_internal.h is included (source file)...
(DEBUG)   No filter matched.
(DEBUG) --> File is excluded.
(DEBUG) Check if /home/cto/zephyrproject/zephyr-course/twister-out/kernel_arch_func.h##abfef9e7d3ad40b2d908e530356295bd.gcov is included (trace)...
(DEBUG) --> File is excluded.
(DEBUG) Finding source file corresponding to a gcov data file
  gcov_fname   /home/cto/zephyrproject/zephyr-course/twister-out/kernel_arch_func.h##abfef9e7d3ad40b2d908e530356295bd.gcov
  current_dir  /home/cto/zephyrproject/zephyr-course/twister-out
  root         /home/cto/zephyrproject/zephyr-course/app/modules/ring_buf
  starting_dir /home/cto/zephyrproject/zephyr-course
  obj_dir      /home/cto/zephyrproject/zephyr-course/twister-out
  gcda_fname   native_sim_native/host_gnu/zephyr-course/tests/ring_buf/homework.unit.ring_buf/zephyr/kernel/CMakeFiles/kernel.dir/mem_slab.c.gcno
  --> fname    /home/cto/zephyrproject/zephyr/arch/posix/include/kernel_arch_func.h
(DEBUG) Check if /home/cto/zephyrproject/zephyr/arch/posix/include/kernel_arch_func.h is included (source file)...
(DEBUG) --> File is excluded.
(DEBUG) Check if /home/cto/zephyrproject/zephyr-course/twister-out/native_sim_native/host_gnu/zephyr-course/tests/ring_buf/homework.unit.ring_buf/zephyr/kernel/CMakeFiles/kernel.dir/mempool.c.gcno is included (trace)...
(DEBUG)   No filter matched.
(DEBUG) --> File is excluded.
(DEBUG) Check if /home/cto/zephyrproject/zephyr-course/twister-out/native_sim_native/host_gnu/zephyr-course/tests/ring_buf/homework.unit.ring_buf/zephyr/kernel/CMakeFiles/kernel.dir/mempool.c.gcno is included (trace)...
(DEBUG) --> File is excluded.
(DEBUG) Check if mempool.c##7788a68cbf5799e29d1a6483dceb3a1c.gcov is included (gcov file)...
(DEBUG)   Filter AlwaysMatchFilter() matched.
(DEBUG) --> File is included.
(DEBUG) Check if math_extras_impl.h##d9e03954427d447f1d73b273349b4860.gcov is included (gcov file)...
(DEBUG) --> File is included.
(DEBUG) Check if spinlock.h##7a9625cd30eeacafc44455d74d611b1c.gcov is included (gcov file)...
(DEBUG) --> File is included.
(DEBUG) Check if arch.h##cd3ec459a8a675a723e815b63d40d361.gcov is included (gcov file)...
(DEBUG) --> File is included.
(DEBUG) Check if /home/cto/zephyrproject/zephyr-course/twister-out/spinlock.h##7a9625cd30eeacafc44455d74d611b1c.gcov is included (trace)...
(DEBUG) --> File is excluded.
(DEBUG) Finding source file corresponding to a gcov data file
  gcov_fname   /home/cto/zephyrproject/zephyr-course/twister-out/spinlock.h##7a9625cd30eeacafc44455d74d611b1c.gcov
  current_dir  /home/cto/zephyrproject/zephyr-course/twister-out
  root         /home/cto/zephyrproject/zephyr-course/app/modules/ring_buf
  starting_dir /home/cto/zephyrproject/zephyr-course
  obj_dir      /home/cto/zephyrproject/zephyr-course/twister-out
  gcda_fname   native_sim_native/host_gnu/zephyr-course/tests/ring_buf/homework.unit.ring_buf/zephyr/kernel/CMakeFiles/kernel.dir/mempool.c.gcno
  --> fname    /home/cto/zephyrproject/zephyr/include/zephyr/spinlock.h
(DEBUG) Check if /home/cto/zephyrproject/zephyr/include/zephyr/spinlock.h is included (source file)...
(DEBUG) --> File is excluded.
(DEBUG) Check if /home/cto/zephyrproject/zephyr-course/twister-out/arch.h##cd3ec459a8a675a723e815b63d40d361.gcov is included (trace)...
(DEBUG) --> File is excluded.
(DEBUG) Finding source file corresponding to a gcov data file
  gcov_fname   /home/cto/zephyrproject/zephyr-course/twister-out/arch.h##cd3ec459a8a675a723e815b63d40d361.gcov
  current_dir  /home/cto/zephyrproject/zephyr-course/twister-out
  root         /home/cto/zephyrproject/zephyr-course/app/modules/ring_buf
  starting_dir /home/cto/zephyrproject/zephyr-course
  obj_dir      /home/cto/zephyrproject/zephyr-course/twister-out
  gcda_fname   native_sim_native/host_gnu/zephyr-course/tests/ring_buf/homework.unit.ring_buf/zephyr/kernel/CMakeFiles/kernel.dir/mempool.c.gcno
  --> fname    /home/cto/zephyrproject/zephyr/include/zephyr/arch/posix/arch.h
(DEBUG) Check if /home/cto/zephyrproject/zephyr/include/zephyr/arch/posix/arch.h is included (source file)...
(DEBUG) --> File is excluded.
(DEBUG) Check if /home/cto/zephyrproject/zephyr-course/twister-out/mempool.c##7788a68cbf5799e29d1a6483dceb3a1c.gcov is included (trace)...
(DEBUG)   No filter matched.
(DEBUG) --> File is excluded.
(DEBUG) Finding source file corresponding to a gcov data file
  gcov_fname   /home/cto/zephyrproject/zephyr-course/twister-out/mempool.c##7788a68cbf5799e29d1a6483dceb3a1c.gcov
  current_dir  /home/cto/zephyrproject/zephyr-course/twister-out
  root         /home/cto/zephyrproject/zephyr-course/app/modules/ring_buf
  starting_dir /home/cto/zephyrproject/zephyr-course
  obj_dir      /home/cto/zephyrproject/zephyr-course/twister-out
  gcda_fname   native_sim_native/host_gnu/zephyr-course/tests/ring_buf/homework.unit.ring_buf/zephyr/kernel/CMakeFiles/kernel.dir/mempool.c.gcno
  --> fname    /home/cto/zephyrproject/zephyr/kernel/mempool.c
(DEBUG) Check if /home/cto/zephyrproject/zephyr/kernel/mempool.c is included (source file)...
(DEBUG)   No filter matched.
(DEBUG) --> File is excluded.
(DEBUG) Check if /home/cto/zephyrproject/zephyr-course/twister-out/math_extras_impl.h##d9e03954427d447f1d73b273349b4860.gcov is included (trace)...
(DEBUG) --> File is excluded.
(DEBUG) Finding source file corresponding to a gcov data file
  gcov_fname   /home/cto/zephyrproject/zephyr-course/twister-out/math_extras_impl.h##d9e03954427d447f1d73b273349b4860.gcov
  current_dir  /home/cto/zephyrproject/zephyr-course/twister-out
  root         /home/cto/zephyrproject/zephyr-course/app/modules/ring_buf
  starting_dir /home/cto/zephyrproject/zephyr-course
  obj_dir      /home/cto/zephyrproject/zephyr-course/twister-out
  gcda_fname   native_sim_native/host_gnu/zephyr-course/tests/ring_buf/homework.unit.ring_buf/zephyr/kernel/CMakeFiles/kernel.dir/mempool.c.gcno
  --> fname    /home/cto/zephyrproject/zephyr/include/zephyr/sys/math_extras_impl.h
(DEBUG) Check if /home/cto/zephyrproject/zephyr/include/zephyr/sys/math_extras_impl.h is included (source file)...
(DEBUG) --> File is excluded.
(DEBUG) Check if /home/cto/zephyrproject/zephyr-course/twister-out/native_sim_native/host_gnu/zephyr-course/tests/ring_buf/homework.unit.ring_buf/zephyr/kernel/CMakeFiles/kernel.dir/msg_q.c.gcno is included (trace)...
(DEBUG)   No filter matched.
(DEBUG) --> File is excluded.
(DEBUG) Check if /home/cto/zephyrproject/zephyr-course/twister-out/native_sim_native/host_gnu/zephyr-course/tests/ring_buf/homework.unit.ring_buf/zephyr/kernel/CMakeFiles/kernel.dir/msg_q.c.gcno is included (trace)...
(DEBUG) --> File is excluded.
(DEBUG) Check if msg_q.c##3170e955dfb2dda54d78da17be670ff9.gcov is included (gcov file)...
(DEBUG)   Filter AlwaysMatchFilter() matched.
(DEBUG) --> File is included.
(DEBUG) Check if wait_q.h##ded2ae2822159b780ea75cb59b2ee9ab.gcov is included (gcov file)...
(DEBUG) --> File is included.
(DEBUG) Check if ksched.h##ed05a602fa65c69cb6663bf196ec30da.gcov is included (gcov file)...
(DEBUG) --> File is included.
(DEBUG) Check if priority_q.h##9623d6fc9d5156abfc198d9641ba6225.gcov is included (gcov file)...
(DEBUG) --> File is included.
(DEBUG) Check if math_extras_impl.h##d9e03954427d447f1d73b273349b4860.gcov is included (gcov file)...
(DEBUG) --> File is included.
(DEBUG) Check if kthread.h##dd2da6b097956e25ca6725b2474a3e43.gcov is included (gcov file)...
(DEBUG) --> File is included.
(DEBUG) Check if timeout_q.h##a95b2b01f7e434a2400daebfad8ed345.gcov is included (gcov file)...
(DEBUG) --> File is included.
(DEBUG) Check if kernel_arch_func.h##abfef9e7d3ad40b2d908e530356295bd.gcov is included (gcov file)...
(DEBUG) --> File is included.
(DEBUG) Check if kobject_internal.h##c80d72ddd75e3dc86bbda9d3af962332.gcov is included (gcov file)...
(DEBUG) --> File is included.
(DEBUG) Check if spinlock.h##7a9625cd30eeacafc44455d74d611b1c.gcov is included (gcov file)...
(DEBUG) --> File is included.
(DEBUG) Check if arch.h##cd3ec459a8a675a723e815b63d40d361.gcov is included (gcov file)...
(DEBUG) --> File is included.
(DEBUG) Check if dlist.h##433b9b986dcbf92abddbed41f2b435fa.gcov is included (gcov file)...
(DEBUG) --> File is included.
(DEBUG) Check if /home/cto/zephyrproject/zephyr-course/twister-out/arch.h##cd3ec459a8a675a723e815b63d40d361.gcov is included (trace)...
(DEBUG) --> File is excluded.
(DEBUG) Finding source file corresponding to a gcov data file
  gcov_fname   /home/cto/zephyrproject/zephyr-course/twister-out/arch.h##cd3ec459a8a675a723e815b63d40d361.gcov
  current_dir  /home/cto/zephyrproject/zephyr-course/twister-out
  root         /home/cto/zephyrproject/zephyr-course/app/modules/ring_buf
  starting_dir /home/cto/zephyrproject/zephyr-course
  obj_dir      /home/cto/zephyrproject/zephyr-course/twister-out
  gcda_fname   native_sim_native/host_gnu/zephyr-course/tests/ring_buf/homework.unit.ring_buf/zephyr/kernel/CMakeFiles/kernel.dir/msg_q.c.gcno
  --> fname    /home/cto/zephyrproject/zephyr/include/zephyr/arch/posix/arch.h
(DEBUG) Check if /home/cto/zephyrproject/zephyr/include/zephyr/arch/posix/arch.h is included (source file)...
(DEBUG) --> File is excluded.
(DEBUG) Check if /home/cto/zephyrproject/zephyr-course/twister-out/msg_q.c##3170e955dfb2dda54d78da17be670ff9.gcov is included (trace)...
(DEBUG)   No filter matched.
(DEBUG) --> File is excluded.
(DEBUG) Finding source file corresponding to a gcov data file
  gcov_fname   /home/cto/zephyrproject/zephyr-course/twister-out/msg_q.c##3170e955dfb2dda54d78da17be670ff9.gcov
  current_dir  /home/cto/zephyrproject/zephyr-course/twister-out
  root         /home/cto/zephyrproject/zephyr-course/app/modules/ring_buf
  starting_dir /home/cto/zephyrproject/zephyr-course
  obj_dir      /home/cto/zephyrproject/zephyr-course/twister-out
  gcda_fname   native_sim_native/host_gnu/zephyr-course/tests/ring_buf/homework.unit.ring_buf/zephyr/kernel/CMakeFiles/kernel.dir/msg_q.c.gcno
  --> fname    /home/cto/zephyrproject/zephyr/kernel/msg_q.c
(DEBUG) Check if /home/cto/zephyrproject/zephyr/kernel/msg_q.c is included (source file)...
(DEBUG)   No filter matched.
(DEBUG) --> File is excluded.
(DEBUG) Check if /home/cto/zephyrproject/zephyr-course/twister-out/math_extras_impl.h##d9e03954427d447f1d73b273349b4860.gcov is included (trace)...
(DEBUG) --> File is excluded.
(DEBUG) Finding source file corresponding to a gcov data file
  gcov_fname   /home/cto/zephyrproject/zephyr-course/twister-out/math_extras_impl.h##d9e03954427d447f1d73b273349b4860.gcov
  current_dir  /home/cto/zephyrproject/zephyr-course/twister-out
  root         /home/cto/zephyrproject/zephyr-course/app/modules/ring_buf
  starting_dir /home/cto/zephyrproject/zephyr-course
  obj_dir      /home/cto/zephyrproject/zephyr-course/twister-out
  gcda_fname   native_sim_native/host_gnu/zephyr-course/tests/ring_buf/homework.unit.ring_buf/zephyr/kernel/CMakeFiles/kernel.dir/msg_q.c.gcno
  --> fname    /home/cto/zephyrproject/zephyr/include/zephyr/sys/math_extras_impl.h
(DEBUG) Check if /home/cto/zephyrproject/zephyr/include/zephyr/sys/math_extras_impl.h is included (source file)...
(DEBUG) --> File is excluded.
(DEBUG) Check if /home/cto/zephyrproject/zephyr-course/twister-out/kobject_internal.h##c80d72ddd75e3dc86bbda9d3af962332.gcov is included (trace)...
(DEBUG) --> File is excluded.
(DEBUG) Finding source file corresponding to a gcov data file
  gcov_fname   /home/cto/zephyrproject/zephyr-course/twister-out/kobject_internal.h##c80d72ddd75e3dc86bbda9d3af962332.gcov
  current_dir  /home/cto/zephyrproject/zephyr-course/twister-out
  root         /home/cto/zephyrproject/zephyr-course/app/modules/ring_buf
  starting_dir /home/cto/zephyrproject/zephyr-course
  obj_dir      /home/cto/zephyrproject/zephyr-course/twister-out
  gcda_fname   native_sim_native/host_gnu/zephyr-course/tests/ring_buf/homework.unit.ring_buf/zephyr/kernel/CMakeFiles/kernel.dir/msg_q.c.gcno
  --> fname    /home/cto/zephyrproject/zephyr/include/zephyr/sys/internal/kobject_internal.h
(DEBUG) Check if /home/cto/zephyrproject/zephyr/include/zephyr/sys/internal/kobject_internal.h is included (source file)...
(DEBUG) --> File is excluded.
(DEBUG) Check if /home/cto/zephyrproject/zephyr-course/twister-out/priority_q.h##9623d6fc9d5156abfc198d9641ba6225.gcov is included (trace)...
(DEBUG) --> File is excluded.
(DEBUG) Finding source file corresponding to a gcov data file
  gcov_fname   /home/cto/zephyrproject/zephyr-course/twister-out/priority_q.h##9623d6fc9d5156abfc198d9641ba6225.gcov
  current_dir  /home/cto/zephyrproject/zephyr-course/twister-out
  root         /home/cto/zephyrproject/zephyr-course/app/modules/ring_buf
  starting_dir /home/cto/zephyrproject/zephyr-course
  obj_dir      /home/cto/zephyrproject/zephyr-course/twister-out
  gcda_fname   native_sim_native/host_gnu/zephyr-course/tests/ring_buf/homework.unit.ring_buf/zephyr/kernel/CMakeFiles/kernel.dir/msg_q.c.gcno
  --> fname    /home/cto/zephyrproject/zephyr/kernel/include/priority_q.h
(DEBUG) Check if /home/cto/zephyrproject/zephyr/kernel/include/priority_q.h is included (source file)...
(DEBUG) --> File is excluded.
(DEBUG) Check if /home/cto/zephyrproject/zephyr-course/twister-out/spinlock.h##7a9625cd30eeacafc44455d74d611b1c.gcov is included (trace)...
(DEBUG) --> File is excluded.
(DEBUG) Finding source file corresponding to a gcov data file
  gcov_fname   /home/cto/zephyrproject/zephyr-course/twister-out/spinlock.h##7a9625cd30eeacafc44455d74d611b1c.gcov
  current_dir  /home/cto/zephyrproject/zephyr-course/twister-out
  root         /home/cto/zephyrproject/zephyr-course/app/modules/ring_buf
  starting_dir /home/cto/zephyrproject/zephyr-course
  obj_dir      /home/cto/zephyrproject/zephyr-course/twister-out
  gcda_fname   native_sim_native/host_gnu/zephyr-course/tests/ring_buf/homework.unit.ring_buf/zephyr/kernel/CMakeFiles/kernel.dir/msg_q.c.gcno
  --> fname    /home/cto/zephyrproject/zephyr/include/zephyr/spinlock.h
(DEBUG) Check if /home/cto/zephyrproject/zephyr/include/zephyr/spinlock.h is included (source file)...
(DEBUG) --> File is excluded.
(DEBUG) Check if /home/cto/zephyrproject/zephyr-course/twister-out/dlist.h##433b9b986dcbf92abddbed41f2b435fa.gcov is included (trace)...
(DEBUG) --> File is excluded.
(DEBUG) Finding source file corresponding to a gcov data file
  gcov_fname   /home/cto/zephyrproject/zephyr-course/twister-out/dlist.h##433b9b986dcbf92abddbed41f2b435fa.gcov
  current_dir  /home/cto/zephyrproject/zephyr-course/twister-out
  root         /home/cto/zephyrproject/zephyr-course/app/modules/ring_buf
  starting_dir /home/cto/zephyrproject/zephyr-course
  obj_dir      /home/cto/zephyrproject/zephyr-course/twister-out
  gcda_fname   native_sim_native/host_gnu/zephyr-course/tests/ring_buf/homework.unit.ring_buf/zephyr/kernel/CMakeFiles/kernel.dir/msg_q.c.gcno
  --> fname    /home/cto/zephyrproject/zephyr/include/zephyr/sys/dlist.h
(DEBUG) Check if /home/cto/zephyrproject/zephyr/include/zephyr/sys/dlist.h is included (source file)...
(DEBUG) --> File is excluded.
(DEBUG) Check if /home/cto/zephyrproject/zephyr-course/twister-out/timeout_q.h##a95b2b01f7e434a2400daebfad8ed345.gcov is included (trace)...
(DEBUG) --> File is excluded.
(DEBUG) Finding source file corresponding to a gcov data file
  gcov_fname   /home/cto/zephyrproject/zephyr-course/twister-out/timeout_q.h##a95b2b01f7e434a2400daebfad8ed345.gcov
  current_dir  /home/cto/zephyrproject/zephyr-course/twister-out
  root         /home/cto/zephyrproject/zephyr-course/app/modules/ring_buf
  starting_dir /home/cto/zephyrproject/zephyr-course
  obj_dir      /home/cto/zephyrproject/zephyr-course/twister-out
  gcda_fname   native_sim_native/host_gnu/zephyr-course/tests/ring_buf/homework.unit.ring_buf/zephyr/kernel/CMakeFiles/kernel.dir/msg_q.c.gcno
  --> fname    /home/cto/zephyrproject/zephyr/kernel/include/timeout_q.h
(DEBUG) Check if /home/cto/zephyrproject/zephyr/kernel/include/timeout_q.h is included (source file)...
(DEBUG) --> File is excluded.
(DEBUG) Check if /home/cto/zephyrproject/zephyr-course/twister-out/kthread.h##dd2da6b097956e25ca6725b2474a3e43.gcov is included (trace)...
(DEBUG) --> File is excluded.
(DEBUG) Finding source file corresponding to a gcov data file
  gcov_fname   /home/cto/zephyrproject/zephyr-course/twister-out/kthread.h##dd2da6b097956e25ca6725b2474a3e43.gcov
  current_dir  /home/cto/zephyrproject/zephyr-course/twister-out
  root         /home/cto/zephyrproject/zephyr-course/app/modules/ring_buf
  starting_dir /home/cto/zephyrproject/zephyr-course
  obj_dir      /home/cto/zephyrproject/zephyr-course/twister-out
  gcda_fname   native_sim_native/host_gnu/zephyr-course/tests/ring_buf/homework.unit.ring_buf/zephyr/kernel/CMakeFiles/kernel.dir/msg_q.c.gcno
  --> fname    /home/cto/zephyrproject/zephyr/kernel/include/kthread.h
(DEBUG) Check if /home/cto/zephyrproject/zephyr/kernel/include/kthread.h is included (source file)...
(DEBUG) --> File is excluded.
(DEBUG) Check if /home/cto/zephyrproject/zephyr-course/twister-out/wait_q.h##ded2ae2822159b780ea75cb59b2ee9ab.gcov is included (trace)...
(DEBUG) --> File is excluded.
(DEBUG) Finding source file corresponding to a gcov data file
  gcov_fname   /home/cto/zephyrproject/zephyr-course/twister-out/wait_q.h##ded2ae2822159b780ea75cb59b2ee9ab.gcov
  current_dir  /home/cto/zephyrproject/zephyr-course/twister-out
  root         /home/cto/zephyrproject/zephyr-course/app/modules/ring_buf
  starting_dir /home/cto/zephyrproject/zephyr-course
  obj_dir      /home/cto/zephyrproject/zephyr-course/twister-out
  gcda_fname   native_sim_native/host_gnu/zephyr-course/tests/ring_buf/homework.unit.ring_buf/zephyr/kernel/CMakeFiles/kernel.dir/msg_q.c.gcno
  --> fname    /home/cto/zephyrproject/zephyr/kernel/include/wait_q.h
(DEBUG) Check if /home/cto/zephyrproject/zephyr/kernel/include/wait_q.h is included (source file)...
(DEBUG) --> File is excluded.
(DEBUG) Check if /home/cto/zephyrproject/zephyr-course/twister-out/ksched.h##ed05a602fa65c69cb6663bf196ec30da.gcov is included (trace)...
(DEBUG) --> File is excluded.
(DEBUG) Finding source file corresponding to a gcov data file
  gcov_fname   /home/cto/zephyrproject/zephyr-course/twister-out/ksched.h##ed05a602fa65c69cb6663bf196ec30da.gcov
  current_dir  /home/cto/zephyrproject/zephyr-course/twister-out
  root         /home/cto/zephyrproject/zephyr-course/app/modules/ring_buf
  starting_dir /home/cto/zephyrproject/zephyr-course
  obj_dir      /home/cto/zephyrproject/zephyr-course/twister-out
  gcda_fname   native_sim_native/host_gnu/zephyr-course/tests/ring_buf/homework.unit.ring_buf/zephyr/kernel/CMakeFiles/kernel.dir/msg_q.c.gcno
  --> fname    /home/cto/zephyrproject/zephyr/kernel/include/ksched.h
(DEBUG) Check if /home/cto/zephyrproject/zephyr/kernel/include/ksched.h is included (source file)...
(DEBUG) --> File is excluded.
(DEBUG) Check if /home/cto/zephyrproject/zephyr-course/twister-out/kernel_arch_func.h##abfef9e7d3ad40b2d908e530356295bd.gcov is included (trace)...
(DEBUG) --> File is excluded.
(DEBUG) Finding source file corresponding to a gcov data file
  gcov_fname   /home/cto/zephyrproject/zephyr-course/twister-out/kernel_arch_func.h##abfef9e7d3ad40b2d908e530356295bd.gcov
  current_dir  /home/cto/zephyrproject/zephyr-course/twister-out
  root         /home/cto/zephyrproject/zephyr-course/app/modules/ring_buf
  starting_dir /home/cto/zephyrproject/zephyr-course
  obj_dir      /home/cto/zephyrproject/zephyr-course/twister-out
  gcda_fname   native_sim_native/host_gnu/zephyr-course/tests/ring_buf/homework.unit.ring_buf/zephyr/kernel/CMakeFiles/kernel.dir/msg_q.c.gcno
  --> fname    /home/cto/zephyrproject/zephyr/arch/posix/include/kernel_arch_func.h
(DEBUG) Check if /home/cto/zephyrproject/zephyr/arch/posix/include/kernel_arch_func.h is included (source file)...
(DEBUG) --> File is excluded.
(DEBUG) Check if /home/cto/zephyrproject/zephyr-course/twister-out/native_sim_native/host_gnu/zephyr-course/tests/ring_buf/homework.unit.ring_buf/zephyr/kernel/CMakeFiles/kernel.dir/mutex.c.gcno is included (trace)...
(DEBUG)   No filter matched.
(DEBUG) --> File is excluded.
(DEBUG) Check if /home/cto/zephyrproject/zephyr-course/twister-out/native_sim_native/host_gnu/zephyr-course/tests/ring_buf/homework.unit.ring_buf/zephyr/kernel/CMakeFiles/kernel.dir/mutex.c.gcno is included (trace)...
(DEBUG) --> File is excluded.
(DEBUG) Check if mutex.c##a634b02277db23f576073f9b4638248b.gcov is included (gcov file)...
(DEBUG)   Filter AlwaysMatchFilter() matched.
(DEBUG) --> File is included.
(DEBUG) Check if log_msg.h##59cc7ac9dd0b18efa24d51419b863a43.gcov is included (gcov file)...
(DEBUG) --> File is included.
(DEBUG) Check if wait_q.h##ded2ae2822159b780ea75cb59b2ee9ab.gcov is included (gcov file)...
(DEBUG) --> File is included.
(DEBUG) Check if ksched.h##ed05a602fa65c69cb6663bf196ec30da.gcov is included (gcov file)...
(DEBUG) --> File is included.
(DEBUG) Check if priority_q.h##9623d6fc9d5156abfc198d9641ba6225.gcov is included (gcov file)...
(DEBUG) --> File is included.
(DEBUG) Check if kthread.h##dd2da6b097956e25ca6725b2474a3e43.gcov is included (gcov file)...
(DEBUG) --> File is included.
(DEBUG) Check if timeout_q.h##a95b2b01f7e434a2400daebfad8ed345.gcov is included (gcov file)...
(DEBUG) --> File is included.
(DEBUG) Check if kernel_arch_func.h##abfef9e7d3ad40b2d908e530356295bd.gcov is included (gcov file)...
(DEBUG) --> File is included.
(DEBUG) Check if kobject_internal.h##c80d72ddd75e3dc86bbda9d3af962332.gcov is included (gcov file)...
(DEBUG) --> File is included.
(DEBUG) Check if spinlock.h##7a9625cd30eeacafc44455d74d611b1c.gcov is included (gcov file)...
(DEBUG) --> File is included.
(DEBUG) Check if arch.h##cd3ec459a8a675a723e815b63d40d361.gcov is included (gcov file)...
(DEBUG) --> File is included.
(DEBUG) Check if dlist.h##433b9b986dcbf92abddbed41f2b435fa.gcov is included (gcov file)...
(DEBUG) --> File is included.
(DEBUG) Check if /home/cto/zephyrproject/zephyr-course/twister-out/arch.h##cd3ec459a8a675a723e815b63d40d361.gcov is included (trace)...
(DEBUG) --> File is excluded.
(DEBUG) Finding source file corresponding to a gcov data file
  gcov_fname   /home/cto/zephyrproject/zephyr-course/twister-out/arch.h##cd3ec459a8a675a723e815b63d40d361.gcov
  current_dir  /home/cto/zephyrproject/zephyr-course/twister-out
  root         /home/cto/zephyrproject/zephyr-course/app/modules/ring_buf
  starting_dir /home/cto/zephyrproject/zephyr-course
  obj_dir      /home/cto/zephyrproject/zephyr-course/twister-out
  gcda_fname   native_sim_native/host_gnu/zephyr-course/tests/ring_buf/homework.unit.ring_buf/zephyr/kernel/CMakeFiles/kernel.dir/mutex.c.gcno
  --> fname    /home/cto/zephyrproject/zephyr/include/zephyr/arch/posix/arch.h
(DEBUG) Check if /home/cto/zephyrproject/zephyr/include/zephyr/arch/posix/arch.h is included (source file)...
(DEBUG) --> File is excluded.
(DEBUG) Check if /home/cto/zephyrproject/zephyr-course/twister-out/kernel_arch_func.h##abfef9e7d3ad40b2d908e530356295bd.gcov is included (trace)...
(DEBUG) --> File is excluded.
(DEBUG) Finding source file corresponding to a gcov data file
  gcov_fname   /home/cto/zephyrproject/zephyr-course/twister-out/kernel_arch_func.h##abfef9e7d3ad40b2d908e530356295bd.gcov
  current_dir  /home/cto/zephyrproject/zephyr-course/twister-out
  root         /home/cto/zephyrproject/zephyr-course/app/modules/ring_buf
  starting_dir /home/cto/zephyrproject/zephyr-course
  obj_dir      /home/cto/zephyrproject/zephyr-course/twister-out
  gcda_fname   native_sim_native/host_gnu/zephyr-course/tests/ring_buf/homework.unit.ring_buf/zephyr/kernel/CMakeFiles/kernel.dir/mutex.c.gcno
  --> fname    /home/cto/zephyrproject/zephyr/arch/posix/include/kernel_arch_func.h
(DEBUG) Check if /home/cto/zephyrproject/zephyr/arch/posix/include/kernel_arch_func.h is included (source file)...
(DEBUG) --> File is excluded.
(DEBUG) Check if /home/cto/zephyrproject/zephyr-course/twister-out/kobject_internal.h##c80d72ddd75e3dc86bbda9d3af962332.gcov is included (trace)...
(DEBUG) --> File is excluded.
(DEBUG) Finding source file corresponding to a gcov data file
  gcov_fname   /home/cto/zephyrproject/zephyr-course/twister-out/kobject_internal.h##c80d72ddd75e3dc86bbda9d3af962332.gcov
  current_dir  /home/cto/zephyrproject/zephyr-course/twister-out
  root         /home/cto/zephyrproject/zephyr-course/app/modules/ring_buf
  starting_dir /home/cto/zephyrproject/zephyr-course
  obj_dir      /home/cto/zephyrproject/zephyr-course/twister-out
  gcda_fname   native_sim_native/host_gnu/zephyr-course/tests/ring_buf/homework.unit.ring_buf/zephyr/kernel/CMakeFiles/kernel.dir/mutex.c.gcno
  --> fname    /home/cto/zephyrproject/zephyr/include/zephyr/sys/internal/kobject_internal.h
(DEBUG) Check if /home/cto/zephyrproject/zephyr/include/zephyr/sys/internal/kobject_internal.h is included (source file)...
(DEBUG) --> File is excluded.
(DEBUG) Check if /home/cto/zephyrproject/zephyr-course/twister-out/priority_q.h##9623d6fc9d5156abfc198d9641ba6225.gcov is included (trace)...
(DEBUG) --> File is excluded.
(DEBUG) Finding source file corresponding to a gcov data file
  gcov_fname   /home/cto/zephyrproject/zephyr-course/twister-out/priority_q.h##9623d6fc9d5156abfc198d9641ba6225.gcov
  current_dir  /home/cto/zephyrproject/zephyr-course/twister-out
  root         /home/cto/zephyrproject/zephyr-course/app/modules/ring_buf
  starting_dir /home/cto/zephyrproject/zephyr-course
  obj_dir      /home/cto/zephyrproject/zephyr-course/twister-out
  gcda_fname   native_sim_native/host_gnu/zephyr-course/tests/ring_buf/homework.unit.ring_buf/zephyr/kernel/CMakeFiles/kernel.dir/mutex.c.gcno
  --> fname    /home/cto/zephyrproject/zephyr/kernel/include/priority_q.h
(DEBUG) Check if /home/cto/zephyrproject/zephyr/kernel/include/priority_q.h is included (source file)...
(DEBUG) --> File is excluded.
(DEBUG) Check if /home/cto/zephyrproject/zephyr-course/twister-out/spinlock.h##7a9625cd30eeacafc44455d74d611b1c.gcov is included (trace)...
(DEBUG) --> File is excluded.
(DEBUG) Finding source file corresponding to a gcov data file
  gcov_fname   /home/cto/zephyrproject/zephyr-course/twister-out/spinlock.h##7a9625cd30eeacafc44455d74d611b1c.gcov
  current_dir  /home/cto/zephyrproject/zephyr-course/twister-out
  root         /home/cto/zephyrproject/zephyr-course/app/modules/ring_buf
  starting_dir /home/cto/zephyrproject/zephyr-course
  obj_dir      /home/cto/zephyrproject/zephyr-course/twister-out
  gcda_fname   native_sim_native/host_gnu/zephyr-course/tests/ring_buf/homework.unit.ring_buf/zephyr/kernel/CMakeFiles/kernel.dir/mutex.c.gcno
  --> fname    /home/cto/zephyrproject/zephyr/include/zephyr/spinlock.h
(DEBUG) Check if /home/cto/zephyrproject/zephyr/include/zephyr/spinlock.h is included (source file)...
(DEBUG) --> File is excluded.
(DEBUG) Check if /home/cto/zephyrproject/zephyr-course/twister-out/dlist.h##433b9b986dcbf92abddbed41f2b435fa.gcov is included (trace)...
(DEBUG) --> File is excluded.
(DEBUG) Finding source file corresponding to a gcov data file
  gcov_fname   /home/cto/zephyrproject/zephyr-course/twister-out/dlist.h##433b9b986dcbf92abddbed41f2b435fa.gcov
  current_dir  /home/cto/zephyrproject/zephyr-course/twister-out
  root         /home/cto/zephyrproject/zephyr-course/app/modules/ring_buf
  starting_dir /home/cto/zephyrproject/zephyr-course
  obj_dir      /home/cto/zephyrproject/zephyr-course/twister-out
  gcda_fname   native_sim_native/host_gnu/zephyr-course/tests/ring_buf/homework.unit.ring_buf/zephyr/kernel/CMakeFiles/kernel.dir/mutex.c.gcno
  --> fname    /home/cto/zephyrproject/zephyr/include/zephyr/sys/dlist.h
(DEBUG) Check if /home/cto/zephyrproject/zephyr/include/zephyr/sys/dlist.h is included (source file)...
(DEBUG) --> File is excluded.
(DEBUG) Check if /home/cto/zephyrproject/zephyr-course/twister-out/timeout_q.h##a95b2b01f7e434a2400daebfad8ed345.gcov is included (trace)...
(DEBUG) --> File is excluded.
(DEBUG) Finding source file corresponding to a gcov data file
  gcov_fname   /home/cto/zephyrproject/zephyr-course/twister-out/timeout_q.h##a95b2b01f7e434a2400daebfad8ed345.gcov
  current_dir  /home/cto/zephyrproject/zephyr-course/twister-out
  root         /home/cto/zephyrproject/zephyr-course/app/modules/ring_buf
  starting_dir /home/cto/zephyrproject/zephyr-course
  obj_dir      /home/cto/zephyrproject/zephyr-course/twister-out
  gcda_fname   native_sim_native/host_gnu/zephyr-course/tests/ring_buf/homework.unit.ring_buf/zephyr/kernel/CMakeFiles/kernel.dir/mutex.c.gcno
  --> fname    /home/cto/zephyrproject/zephyr/kernel/include/timeout_q.h
(DEBUG) Check if /home/cto/zephyrproject/zephyr/kernel/include/timeout_q.h is included (source file)...
(DEBUG) --> File is excluded.
(DEBUG) Check if /home/cto/zephyrproject/zephyr-course/twister-out/kthread.h##dd2da6b097956e25ca6725b2474a3e43.gcov is included (trace)...
(DEBUG) --> File is excluded.
(DEBUG) Finding source file corresponding to a gcov data file
  gcov_fname   /home/cto/zephyrproject/zephyr-course/twister-out/kthread.h##dd2da6b097956e25ca6725b2474a3e43.gcov
  current_dir  /home/cto/zephyrproject/zephyr-course/twister-out
  root         /home/cto/zephyrproject/zephyr-course/app/modules/ring_buf
  starting_dir /home/cto/zephyrproject/zephyr-course
  obj_dir      /home/cto/zephyrproject/zephyr-course/twister-out
  gcda_fname   native_sim_native/host_gnu/zephyr-course/tests/ring_buf/homework.unit.ring_buf/zephyr/kernel/CMakeFiles/kernel.dir/mutex.c.gcno
  --> fname    /home/cto/zephyrproject/zephyr/kernel/include/kthread.h
(DEBUG) Check if /home/cto/zephyrproject/zephyr/kernel/include/kthread.h is included (source file)...
(DEBUG) --> File is excluded.
(DEBUG) Check if /home/cto/zephyrproject/zephyr-course/twister-out/wait_q.h##ded2ae2822159b780ea75cb59b2ee9ab.gcov is included (trace)...
(DEBUG) --> File is excluded.
(DEBUG) Finding source file corresponding to a gcov data file
  gcov_fname   /home/cto/zephyrproject/zephyr-course/twister-out/wait_q.h##ded2ae2822159b780ea75cb59b2ee9ab.gcov
  current_dir  /home/cto/zephyrproject/zephyr-course/twister-out
  root         /home/cto/zephyrproject/zephyr-course/app/modules/ring_buf
  starting_dir /home/cto/zephyrproject/zephyr-course
  obj_dir      /home/cto/zephyrproject/zephyr-course/twister-out
  gcda_fname   native_sim_native/host_gnu/zephyr-course/tests/ring_buf/homework.unit.ring_buf/zephyr/kernel/CMakeFiles/kernel.dir/mutex.c.gcno
  --> fname    /home/cto/zephyrproject/zephyr/kernel/include/wait_q.h
(DEBUG) Check if /home/cto/zephyrproject/zephyr/kernel/include/wait_q.h is included (source file)...
(DEBUG) --> File is excluded.
(DEBUG) Check if /home/cto/zephyrproject/zephyr-course/twister-out/ksched.h##ed05a602fa65c69cb6663bf196ec30da.gcov is included (trace)...
(DEBUG) --> File is excluded.
(DEBUG) Finding source file corresponding to a gcov data file
  gcov_fname   /home/cto/zephyrproject/zephyr-course/twister-out/ksched.h##ed05a602fa65c69cb6663bf196ec30da.gcov
  current_dir  /home/cto/zephyrproject/zephyr-course/twister-out
  root         /home/cto/zephyrproject/zephyr-course/app/modules/ring_buf
  starting_dir /home/cto/zephyrproject/zephyr-course
  obj_dir      /home/cto/zephyrproject/zephyr-course/twister-out
  gcda_fname   native_sim_native/host_gnu/zephyr-course/tests/ring_buf/homework.unit.ring_buf/zephyr/kernel/CMakeFiles/kernel.dir/mutex.c.gcno
  --> fname    /home/cto/zephyrproject/zephyr/kernel/include/ksched.h
(DEBUG) Check if /home/cto/zephyrproject/zephyr/kernel/include/ksched.h is included (source file)...
(DEBUG) --> File is excluded.
(DEBUG) Check if /home/cto/zephyrproject/zephyr-course/twister-out/log_msg.h##59cc7ac9dd0b18efa24d51419b863a43.gcov is included (trace)...
(DEBUG) --> File is excluded.
(DEBUG) Finding source file corresponding to a gcov data file
  gcov_fname   /home/cto/zephyrproject/zephyr-course/twister-out/log_msg.h##59cc7ac9dd0b18efa24d51419b863a43.gcov
  current_dir  /home/cto/zephyrproject/zephyr-course/twister-out
  root         /home/cto/zephyrproject/zephyr-course/app/modules/ring_buf
  starting_dir /home/cto/zephyrproject/zephyr-course
  obj_dir      /home/cto/zephyrproject/zephyr-course/twister-out
  gcda_fname   native_sim_native/host_gnu/zephyr-course/tests/ring_buf/homework.unit.ring_buf/zephyr/kernel/CMakeFiles/kernel.dir/mutex.c.gcno
  --> fname    /home/cto/zephyrproject/zephyr/include/zephyr/logging/log_msg.h
(DEBUG) Check if /home/cto/zephyrproject/zephyr/include/zephyr/logging/log_msg.h is included (source file)...
(DEBUG) --> File is excluded.
(DEBUG) Check if /home/cto/zephyrproject/zephyr-course/twister-out/mutex.c##a634b02277db23f576073f9b4638248b.gcov is included (trace)...
(DEBUG)   No filter matched.
(DEBUG) --> File is excluded.
(DEBUG) Finding source file corresponding to a gcov data file
  gcov_fname   /home/cto/zephyrproject/zephyr-course/twister-out/mutex.c##a634b02277db23f576073f9b4638248b.gcov
  current_dir  /home/cto/zephyrproject/zephyr-course/twister-out
  root         /home/cto/zephyrproject/zephyr-course/app/modules/ring_buf
  starting_dir /home/cto/zephyrproject/zephyr-course
  obj_dir      /home/cto/zephyrproject/zephyr-course/twister-out
  gcda_fname   native_sim_native/host_gnu/zephyr-course/tests/ring_buf/homework.unit.ring_buf/zephyr/kernel/CMakeFiles/kernel.dir/mutex.c.gcno
  --> fname    /home/cto/zephyrproject/zephyr/kernel/mutex.c
(DEBUG) Check if /home/cto/zephyrproject/zephyr/kernel/mutex.c is included (source file)...
(DEBUG)   No filter matched.
(DEBUG) --> File is excluded.
(DEBUG) Check if /home/cto/zephyrproject/zephyr-course/twister-out/native_sim_native/host_gnu/zephyr-course/tests/ring_buf/homework.unit.ring_buf/zephyr/kernel/CMakeFiles/kernel.dir/pipe.c.gcno is included (trace)...
(DEBUG)   No filter matched.
(DEBUG) --> File is excluded.
(DEBUG) Check if /home/cto/zephyrproject/zephyr-course/twister-out/native_sim_native/host_gnu/zephyr-course/tests/ring_buf/homework.unit.ring_buf/zephyr/kernel/CMakeFiles/kernel.dir/pipe.c.gcno is included (trace)...
(DEBUG) --> File is excluded.
(DEBUG) Check if pipe.c##dc5af8192474c66446fb1a2a405c43d2.gcov is included (gcov file)...
(DEBUG)   Filter AlwaysMatchFilter() matched.
(DEBUG) --> File is included.
(DEBUG) Check if wait_q.h##ded2ae2822159b780ea75cb59b2ee9ab.gcov is included (gcov file)...
(DEBUG) --> File is included.
(DEBUG) Check if ksched.h##ed05a602fa65c69cb6663bf196ec30da.gcov is included (gcov file)...
(DEBUG) --> File is included.
(DEBUG) Check if priority_q.h##9623d6fc9d5156abfc198d9641ba6225.gcov is included (gcov file)...
(DEBUG) --> File is included.
(DEBUG) Check if kernel_internal.h##35e4e9c61ec67c362b8995093ce22c15.gcov is included (gcov file)...
(DEBUG) --> File is included.
(DEBUG) Check if kthread.h##dd2da6b097956e25ca6725b2474a3e43.gcov is included (gcov file)...
(DEBUG) --> File is included.
(DEBUG) Check if timeout_q.h##a95b2b01f7e434a2400daebfad8ed345.gcov is included (gcov file)...
(DEBUG) --> File is included.
(DEBUG) Check if kernel_arch_func.h##abfef9e7d3ad40b2d908e530356295bd.gcov is included (gcov file)...
(DEBUG) --> File is included.
(DEBUG) Check if ring_buffer.h##e79b1229ca2ab1ad45e7f7d14437a407.gcov is included (gcov file)...
(DEBUG) --> File is included.
(DEBUG) Check if kobject_internal.h##c80d72ddd75e3dc86bbda9d3af962332.gcov is included (gcov file)...
(DEBUG) --> File is included.
(DEBUG) Check if spinlock.h##7a9625cd30eeacafc44455d74d611b1c.gcov is included (gcov file)...
(DEBUG) --> File is included.
(DEBUG) Check if arch.h##cd3ec459a8a675a723e815b63d40d361.gcov is included (gcov file)...
(DEBUG) --> File is included.
(DEBUG) Check if dlist.h##433b9b986dcbf92abddbed41f2b435fa.gcov is included (gcov file)...
(DEBUG) --> File is included.
(DEBUG) Check if /home/cto/zephyrproject/zephyr-course/twister-out/arch.h##cd3ec459a8a675a723e815b63d40d361.gcov is included (trace)...
(DEBUG) --> File is excluded.
(DEBUG) Finding source file corresponding to a gcov data file
  gcov_fname   /home/cto/zephyrproject/zephyr-course/twister-out/arch.h##cd3ec459a8a675a723e815b63d40d361.gcov
  current_dir  /home/cto/zephyrproject/zephyr-course/twister-out
  root         /home/cto/zephyrproject/zephyr-course/app/modules/ring_buf
  starting_dir /home/cto/zephyrproject/zephyr-course
  obj_dir      /home/cto/zephyrproject/zephyr-course/twister-out
  gcda_fname   native_sim_native/host_gnu/zephyr-course/tests/ring_buf/homework.unit.ring_buf/zephyr/kernel/CMakeFiles/kernel.dir/pipe.c.gcno
  --> fname    /home/cto/zephyrproject/zephyr/include/zephyr/arch/posix/arch.h
(DEBUG) Check if /home/cto/zephyrproject/zephyr/include/zephyr/arch/posix/arch.h is included (source file)...
(DEBUG) --> File is excluded.
(DEBUG) Check if /home/cto/zephyrproject/zephyr-course/twister-out/kobject_internal.h##c80d72ddd75e3dc86bbda9d3af962332.gcov is included (trace)...
(DEBUG) --> File is excluded.
(DEBUG) Finding source file corresponding to a gcov data file
  gcov_fname   /home/cto/zephyrproject/zephyr-course/twister-out/kobject_internal.h##c80d72ddd75e3dc86bbda9d3af962332.gcov
  current_dir  /home/cto/zephyrproject/zephyr-course/twister-out
  root         /home/cto/zephyrproject/zephyr-course/app/modules/ring_buf
  starting_dir /home/cto/zephyrproject/zephyr-course
  obj_dir      /home/cto/zephyrproject/zephyr-course/twister-out
  gcda_fname   native_sim_native/host_gnu/zephyr-course/tests/ring_buf/homework.unit.ring_buf/zephyr/kernel/CMakeFiles/kernel.dir/pipe.c.gcno
  --> fname    /home/cto/zephyrproject/zephyr/include/zephyr/sys/internal/kobject_internal.h
(DEBUG) Check if /home/cto/zephyrproject/zephyr/include/zephyr/sys/internal/kobject_internal.h is included (source file)...
(DEBUG) --> File is excluded.
(DEBUG) Check if /home/cto/zephyrproject/zephyr-course/twister-out/priority_q.h##9623d6fc9d5156abfc198d9641ba6225.gcov is included (trace)...
(DEBUG) --> File is excluded.
(DEBUG) Finding source file corresponding to a gcov data file
  gcov_fname   /home/cto/zephyrproject/zephyr-course/twister-out/priority_q.h##9623d6fc9d5156abfc198d9641ba6225.gcov
  current_dir  /home/cto/zephyrproject/zephyr-course/twister-out
  root         /home/cto/zephyrproject/zephyr-course/app/modules/ring_buf
  starting_dir /home/cto/zephyrproject/zephyr-course
  obj_dir      /home/cto/zephyrproject/zephyr-course/twister-out
  gcda_fname   native_sim_native/host_gnu/zephyr-course/tests/ring_buf/homework.unit.ring_buf/zephyr/kernel/CMakeFiles/kernel.dir/pipe.c.gcno
  --> fname    /home/cto/zephyrproject/zephyr/kernel/include/priority_q.h
(DEBUG) Check if /home/cto/zephyrproject/zephyr/kernel/include/priority_q.h is included (source file)...
(DEBUG) --> File is excluded.
(DEBUG) Check if /home/cto/zephyrproject/zephyr-course/twister-out/pipe.c##dc5af8192474c66446fb1a2a405c43d2.gcov is included (trace)...
(DEBUG)   No filter matched.
(DEBUG) --> File is excluded.
(DEBUG) Finding source file corresponding to a gcov data file
  gcov_fname   /home/cto/zephyrproject/zephyr-course/twister-out/pipe.c##dc5af8192474c66446fb1a2a405c43d2.gcov
  current_dir  /home/cto/zephyrproject/zephyr-course/twister-out
  root         /home/cto/zephyrproject/zephyr-course/app/modules/ring_buf
  starting_dir /home/cto/zephyrproject/zephyr-course
  obj_dir      /home/cto/zephyrproject/zephyr-course/twister-out
  gcda_fname   native_sim_native/host_gnu/zephyr-course/tests/ring_buf/homework.unit.ring_buf/zephyr/kernel/CMakeFiles/kernel.dir/pipe.c.gcno
  --> fname    /home/cto/zephyrproject/zephyr/kernel/pipe.c
(DEBUG) Check if /home/cto/zephyrproject/zephyr/kernel/pipe.c is included (source file)...
(DEBUG)   No filter matched.
(DEBUG) --> File is excluded.
(DEBUG) Check if /home/cto/zephyrproject/zephyr-course/twister-out/spinlock.h##7a9625cd30eeacafc44455d74d611b1c.gcov is included (trace)...
(DEBUG) --> File is excluded.
(DEBUG) Finding source file corresponding to a gcov data file
  gcov_fname   /home/cto/zephyrproject/zephyr-course/twister-out/spinlock.h##7a9625cd30eeacafc44455d74d611b1c.gcov
  current_dir  /home/cto/zephyrproject/zephyr-course/twister-out
  root         /home/cto/zephyrproject/zephyr-course/app/modules/ring_buf
  starting_dir /home/cto/zephyrproject/zephyr-course
  obj_dir      /home/cto/zephyrproject/zephyr-course/twister-out
  gcda_fname   native_sim_native/host_gnu/zephyr-course/tests/ring_buf/homework.unit.ring_buf/zephyr/kernel/CMakeFiles/kernel.dir/pipe.c.gcno
  --> fname    /home/cto/zephyrproject/zephyr/include/zephyr/spinlock.h
(DEBUG) Check if /home/cto/zephyrproject/zephyr/include/zephyr/spinlock.h is included (source file)...
(DEBUG) --> File is excluded.
(DEBUG) Check if /home/cto/zephyrproject/zephyr-course/twister-out/dlist.h##433b9b986dcbf92abddbed41f2b435fa.gcov is included (trace)...
(DEBUG) --> File is excluded.
(DEBUG) Finding source file corresponding to a gcov data file
  gcov_fname   /home/cto/zephyrproject/zephyr-course/twister-out/dlist.h##433b9b986dcbf92abddbed41f2b435fa.gcov
  current_dir  /home/cto/zephyrproject/zephyr-course/twister-out
  root         /home/cto/zephyrproject/zephyr-course/app/modules/ring_buf
  starting_dir /home/cto/zephyrproject/zephyr-course
  obj_dir      /home/cto/zephyrproject/zephyr-course/twister-out
  gcda_fname   native_sim_native/host_gnu/zephyr-course/tests/ring_buf/homework.unit.ring_buf/zephyr/kernel/CMakeFiles/kernel.dir/pipe.c.gcno
  --> fname    /home/cto/zephyrproject/zephyr/include/zephyr/sys/dlist.h
(DEBUG) Check if /home/cto/zephyrproject/zephyr/include/zephyr/sys/dlist.h is included (source file)...
(DEBUG) --> File is excluded.
(DEBUG) Check if /home/cto/zephyrproject/zephyr-course/twister-out/timeout_q.h##a95b2b01f7e434a2400daebfad8ed345.gcov is included (trace)...
(DEBUG) --> File is excluded.
(DEBUG) Finding source file corresponding to a gcov data file
  gcov_fname   /home/cto/zephyrproject/zephyr-course/twister-out/timeout_q.h##a95b2b01f7e434a2400daebfad8ed345.gcov
  current_dir  /home/cto/zephyrproject/zephyr-course/twister-out
  root         /home/cto/zephyrproject/zephyr-course/app/modules/ring_buf
  starting_dir /home/cto/zephyrproject/zephyr-course
  obj_dir      /home/cto/zephyrproject/zephyr-course/twister-out
  gcda_fname   native_sim_native/host_gnu/zephyr-course/tests/ring_buf/homework.unit.ring_buf/zephyr/kernel/CMakeFiles/kernel.dir/pipe.c.gcno
  --> fname    /home/cto/zephyrproject/zephyr/kernel/include/timeout_q.h
(DEBUG) Check if /home/cto/zephyrproject/zephyr/kernel/include/timeout_q.h is included (source file)...
(DEBUG) --> File is excluded.
(DEBUG) Check if /home/cto/zephyrproject/zephyr-course/twister-out/kthread.h##dd2da6b097956e25ca6725b2474a3e43.gcov is included (trace)...
(DEBUG) --> File is excluded.
(DEBUG) Finding source file corresponding to a gcov data file
  gcov_fname   /home/cto/zephyrproject/zephyr-course/twister-out/kthread.h##dd2da6b097956e25ca6725b2474a3e43.gcov
  current_dir  /home/cto/zephyrproject/zephyr-course/twister-out
  root         /home/cto/zephyrproject/zephyr-course/app/modules/ring_buf
  starting_dir /home/cto/zephyrproject/zephyr-course
  obj_dir      /home/cto/zephyrproject/zephyr-course/twister-out
  gcda_fname   native_sim_native/host_gnu/zephyr-course/tests/ring_buf/homework.unit.ring_buf/zephyr/kernel/CMakeFiles/kernel.dir/pipe.c.gcno
  --> fname    /home/cto/zephyrproject/zephyr/kernel/include/kthread.h
(DEBUG) Check if /home/cto/zephyrproject/zephyr/kernel/include/kthread.h is included (source file)...
(DEBUG) --> File is excluded.
(DEBUG) Check if /home/cto/zephyrproject/zephyr-course/twister-out/wait_q.h##ded2ae2822159b780ea75cb59b2ee9ab.gcov is included (trace)...
(DEBUG) --> File is excluded.
(DEBUG) Finding source file corresponding to a gcov data file
  gcov_fname   /home/cto/zephyrproject/zephyr-course/twister-out/wait_q.h##ded2ae2822159b780ea75cb59b2ee9ab.gcov
  current_dir  /home/cto/zephyrproject/zephyr-course/twister-out
  root         /home/cto/zephyrproject/zephyr-course/app/modules/ring_buf
  starting_dir /home/cto/zephyrproject/zephyr-course
  obj_dir      /home/cto/zephyrproject/zephyr-course/twister-out
  gcda_fname   native_sim_native/host_gnu/zephyr-course/tests/ring_buf/homework.unit.ring_buf/zephyr/kernel/CMakeFiles/kernel.dir/pipe.c.gcno
  --> fname    /home/cto/zephyrproject/zephyr/kernel/include/wait_q.h
(DEBUG) Check if /home/cto/zephyrproject/zephyr/kernel/include/wait_q.h is included (source file)...
(DEBUG) --> File is excluded.
(DEBUG) Check if /home/cto/zephyrproject/zephyr-course/twister-out/ksched.h##ed05a602fa65c69cb6663bf196ec30da.gcov is included (trace)...
(DEBUG) --> File is excluded.
(DEBUG) Finding source file corresponding to a gcov data file
  gcov_fname   /home/cto/zephyrproject/zephyr-course/twister-out/ksched.h##ed05a602fa65c69cb6663bf196ec30da.gcov
  current_dir  /home/cto/zephyrproject/zephyr-course/twister-out
  root         /home/cto/zephyrproject/zephyr-course/app/modules/ring_buf
  starting_dir /home/cto/zephyrproject/zephyr-course
  obj_dir      /home/cto/zephyrproject/zephyr-course/twister-out
  gcda_fname   native_sim_native/host_gnu/zephyr-course/tests/ring_buf/homework.unit.ring_buf/zephyr/kernel/CMakeFiles/kernel.dir/pipe.c.gcno
  --> fname    /home/cto/zephyrproject/zephyr/kernel/include/ksched.h
(DEBUG) Check if /home/cto/zephyrproject/zephyr/kernel/include/ksched.h is included (source file)...
(DEBUG) --> File is excluded.
(DEBUG) Check if /home/cto/zephyrproject/zephyr-course/twister-out/kernel_internal.h##35e4e9c61ec67c362b8995093ce22c15.gcov is included (trace)...
(DEBUG) --> File is excluded.
(DEBUG) Finding source file corresponding to a gcov data file
  gcov_fname   /home/cto/zephyrproject/zephyr-course/twister-out/kernel_internal.h##35e4e9c61ec67c362b8995093ce22c15.gcov
  current_dir  /home/cto/zephyrproject/zephyr-course/twister-out
  root         /home/cto/zephyrproject/zephyr-course/app/modules/ring_buf
  starting_dir /home/cto/zephyrproject/zephyr-course
  obj_dir      /home/cto/zephyrproject/zephyr-course/twister-out
  gcda_fname   native_sim_native/host_gnu/zephyr-course/tests/ring_buf/homework.unit.ring_buf/zephyr/kernel/CMakeFiles/kernel.dir/pipe.c.gcno
  --> fname    /home/cto/zephyrproject/zephyr/kernel/include/kernel_internal.h
(DEBUG) Check if /home/cto/zephyrproject/zephyr/kernel/include/kernel_internal.h is included (source file)...
(DEBUG) --> File is excluded.
(DEBUG) Check if /home/cto/zephyrproject/zephyr-course/twister-out/ring_buffer.h##e79b1229ca2ab1ad45e7f7d14437a407.gcov is included (trace)...
(DEBUG) --> File is excluded.
(DEBUG) Finding source file corresponding to a gcov data file
  gcov_fname   /home/cto/zephyrproject/zephyr-course/twister-out/ring_buffer.h##e79b1229ca2ab1ad45e7f7d14437a407.gcov
  current_dir  /home/cto/zephyrproject/zephyr-course/twister-out
  root         /home/cto/zephyrproject/zephyr-course/app/modules/ring_buf
  starting_dir /home/cto/zephyrproject/zephyr-course
  obj_dir      /home/cto/zephyrproject/zephyr-course/twister-out
  gcda_fname   native_sim_native/host_gnu/zephyr-course/tests/ring_buf/homework.unit.ring_buf/zephyr/kernel/CMakeFiles/kernel.dir/pipe.c.gcno
  --> fname    /home/cto/zephyrproject/zephyr/include/zephyr/sys/ring_buffer.h
(DEBUG) Check if /home/cto/zephyrproject/zephyr/include/zephyr/sys/ring_buffer.h is included (source file)...
(DEBUG) --> File is excluded.
(DEBUG) Check if /home/cto/zephyrproject/zephyr-course/twister-out/kernel_arch_func.h##abfef9e7d3ad40b2d908e530356295bd.gcov is included (trace)...
(DEBUG) --> File is excluded.
(DEBUG) Finding source file corresponding to a gcov data file
  gcov_fname   /home/cto/zephyrproject/zephyr-course/twister-out/kernel_arch_func.h##abfef9e7d3ad40b2d908e530356295bd.gcov
  current_dir  /home/cto/zephyrproject/zephyr-course/twister-out
  root         /home/cto/zephyrproject/zephyr-course/app/modules/ring_buf
  starting_dir /home/cto/zephyrproject/zephyr-course
  obj_dir      /home/cto/zephyrproject/zephyr-course/twister-out
  gcda_fname   native_sim_native/host_gnu/zephyr-course/tests/ring_buf/homework.unit.ring_buf/zephyr/kernel/CMakeFiles/kernel.dir/pipe.c.gcno
  --> fname    /home/cto/zephyrproject/zephyr/arch/posix/include/kernel_arch_func.h
(DEBUG) Check if /home/cto/zephyrproject/zephyr/arch/posix/include/kernel_arch_func.h is included (source file)...
(DEBUG) --> File is excluded.
(DEBUG) Check if /home/cto/zephyrproject/zephyr-course/twister-out/native_sim_native/host_gnu/zephyr-course/tests/ring_buf/homework.unit.ring_buf/zephyr/kernel/CMakeFiles/kernel.dir/queue.c.gcno is included (trace)...
(DEBUG)   No filter matched.
(DEBUG) --> File is excluded.
(DEBUG) Check if /home/cto/zephyrproject/zephyr-course/twister-out/native_sim_native/host_gnu/zephyr-course/tests/ring_buf/homework.unit.ring_buf/zephyr/kernel/CMakeFiles/kernel.dir/queue.c.gcno is included (trace)...
(DEBUG) --> File is excluded.
(DEBUG) Check if queue.c##f1f35ad4f44b65c92f896452212c9be6.gcov is included (gcov file)...
(DEBUG)   Filter AlwaysMatchFilter() matched.
(DEBUG) --> File is included.
(DEBUG) Check if ksched.h##ed05a602fa65c69cb6663bf196ec30da.gcov is included (gcov file)...
(DEBUG) --> File is included.
(DEBUG) Check if kernel_internal.h##35e4e9c61ec67c362b8995093ce22c15.gcov is included (gcov file)...
(DEBUG) --> File is included.
(DEBUG) Check if kthread.h##dd2da6b097956e25ca6725b2474a3e43.gcov is included (gcov file)...
(DEBUG) --> File is included.
(DEBUG) Check if kernel_arch_func.h##abfef9e7d3ad40b2d908e530356295bd.gcov is included (gcov file)...
(DEBUG) --> File is included.
(DEBUG) Check if wait_q.h##ded2ae2822159b780ea75cb59b2ee9ab.gcov is included (gcov file)...
(DEBUG) --> File is included.
(DEBUG) Check if priority_q.h##9623d6fc9d5156abfc198d9641ba6225.gcov is included (gcov file)...
(DEBUG) --> File is included.
(DEBUG) Check if timeout_q.h##a95b2b01f7e434a2400daebfad8ed345.gcov is included (gcov file)...
(DEBUG) --> File is included.
(DEBUG) Check if kobject_internal.h##c80d72ddd75e3dc86bbda9d3af962332.gcov is included (gcov file)...
(DEBUG) --> File is included.
(DEBUG) Check if spinlock.h##7a9625cd30eeacafc44455d74d611b1c.gcov is included (gcov file)...
(DEBUG) --> File is included.
(DEBUG) Check if arch.h##cd3ec459a8a675a723e815b63d40d361.gcov is included (gcov file)...
(DEBUG) --> File is included.
(DEBUG) Check if sflist.h##e7158f8155eca097ad81a4c617ee4a9d.gcov is included (gcov file)...
(DEBUG)   Filter AlwaysMatchFilter() matched.
(DEBUG) --> File is included.
(DEBUG) Check if slist.h##7b95aa3c0698bfea51ac3ed14efb4063.gcov is included (gcov file)...
(DEBUG) --> File is included.
(DEBUG) Check if dlist.h##433b9b986dcbf92abddbed41f2b435fa.gcov is included (gcov file)...
(DEBUG) --> File is included.
(DEBUG) Check if /home/cto/zephyrproject/zephyr-course/twister-out/arch.h##cd3ec459a8a675a723e815b63d40d361.gcov is included (trace)...
(DEBUG) --> File is excluded.
(DEBUG) Finding source file corresponding to a gcov data file
  gcov_fname   /home/cto/zephyrproject/zephyr-course/twister-out/arch.h##cd3ec459a8a675a723e815b63d40d361.gcov
  current_dir  /home/cto/zephyrproject/zephyr-course/twister-out
  root         /home/cto/zephyrproject/zephyr-course/app/modules/ring_buf
  starting_dir /home/cto/zephyrproject/zephyr-course
  obj_dir      /home/cto/zephyrproject/zephyr-course/twister-out
  gcda_fname   native_sim_native/host_gnu/zephyr-course/tests/ring_buf/homework.unit.ring_buf/zephyr/kernel/CMakeFiles/kernel.dir/queue.c.gcno
  --> fname    /home/cto/zephyrproject/zephyr/include/zephyr/arch/posix/arch.h
(DEBUG) Check if /home/cto/zephyrproject/zephyr/include/zephyr/arch/posix/arch.h is included (source file)...
(DEBUG) --> File is excluded.
(DEBUG) Check if /home/cto/zephyrproject/zephyr-course/twister-out/queue.c##f1f35ad4f44b65c92f896452212c9be6.gcov is included (trace)...
(DEBUG)   No filter matched.
(DEBUG) --> File is excluded.
(DEBUG) Finding source file corresponding to a gcov data file
  gcov_fname   /home/cto/zephyrproject/zephyr-course/twister-out/queue.c##f1f35ad4f44b65c92f896452212c9be6.gcov
  current_dir  /home/cto/zephyrproject/zephyr-course/twister-out
  root         /home/cto/zephyrproject/zephyr-course/app/modules/ring_buf
  starting_dir /home/cto/zephyrproject/zephyr-course
  obj_dir      /home/cto/zephyrproject/zephyr-course/twister-out
  gcda_fname   native_sim_native/host_gnu/zephyr-course/tests/ring_buf/homework.unit.ring_buf/zephyr/kernel/CMakeFiles/kernel.dir/queue.c.gcno
  --> fname    /home/cto/zephyrproject/zephyr/kernel/queue.c
(DEBUG) Check if /home/cto/zephyrproject/zephyr/kernel/queue.c is included (source file)...
(DEBUG)   No filter matched.
(DEBUG) --> File is excluded.
(DEBUG) Check if /home/cto/zephyrproject/zephyr-course/twister-out/kobject_internal.h##c80d72ddd75e3dc86bbda9d3af962332.gcov is included (trace)...
(DEBUG) --> File is excluded.
(DEBUG) Finding source file corresponding to a gcov data file
  gcov_fname   /home/cto/zephyrproject/zephyr-course/twister-out/kobject_internal.h##c80d72ddd75e3dc86bbda9d3af962332.gcov
  current_dir  /home/cto/zephyrproject/zephyr-course/twister-out
  root         /home/cto/zephyrproject/zephyr-course/app/modules/ring_buf
  starting_dir /home/cto/zephyrproject/zephyr-course
  obj_dir      /home/cto/zephyrproject/zephyr-course/twister-out
  gcda_fname   native_sim_native/host_gnu/zephyr-course/tests/ring_buf/homework.unit.ring_buf/zephyr/kernel/CMakeFiles/kernel.dir/queue.c.gcno
  --> fname    /home/cto/zephyrproject/zephyr/include/zephyr/sys/internal/kobject_internal.h
(DEBUG) Check if /home/cto/zephyrproject/zephyr/include/zephyr/sys/internal/kobject_internal.h is included (source file)...
(DEBUG) --> File is excluded.
(DEBUG) Check if /home/cto/zephyrproject/zephyr-course/twister-out/priority_q.h##9623d6fc9d5156abfc198d9641ba6225.gcov is included (trace)...
(DEBUG) --> File is excluded.
(DEBUG) Finding source file corresponding to a gcov data file
  gcov_fname   /home/cto/zephyrproject/zephyr-course/twister-out/priority_q.h##9623d6fc9d5156abfc198d9641ba6225.gcov
  current_dir  /home/cto/zephyrproject/zephyr-course/twister-out
  root         /home/cto/zephyrproject/zephyr-course/app/modules/ring_buf
  starting_dir /home/cto/zephyrproject/zephyr-course
  obj_dir      /home/cto/zephyrproject/zephyr-course/twister-out
  gcda_fname   native_sim_native/host_gnu/zephyr-course/tests/ring_buf/homework.unit.ring_buf/zephyr/kernel/CMakeFiles/kernel.dir/queue.c.gcno
  --> fname    /home/cto/zephyrproject/zephyr/kernel/include/priority_q.h
(DEBUG) Check if /home/cto/zephyrproject/zephyr/kernel/include/priority_q.h is included (source file)...
(DEBUG) --> File is excluded.
(DEBUG) Check if /home/cto/zephyrproject/zephyr-course/twister-out/slist.h##7b95aa3c0698bfea51ac3ed14efb4063.gcov is included (trace)...
(DEBUG) --> File is excluded.
(DEBUG) Finding source file corresponding to a gcov data file
  gcov_fname   /home/cto/zephyrproject/zephyr-course/twister-out/slist.h##7b95aa3c0698bfea51ac3ed14efb4063.gcov
  current_dir  /home/cto/zephyrproject/zephyr-course/twister-out
  root         /home/cto/zephyrproject/zephyr-course/app/modules/ring_buf
  starting_dir /home/cto/zephyrproject/zephyr-course
  obj_dir      /home/cto/zephyrproject/zephyr-course/twister-out
  gcda_fname   native_sim_native/host_gnu/zephyr-course/tests/ring_buf/homework.unit.ring_buf/zephyr/kernel/CMakeFiles/kernel.dir/queue.c.gcno
  --> fname    /home/cto/zephyrproject/zephyr/include/zephyr/sys/slist.h
(DEBUG) Check if /home/cto/zephyrproject/zephyr/include/zephyr/sys/slist.h is included (source file)...
(DEBUG) --> File is excluded.
(DEBUG) Check if /home/cto/zephyrproject/zephyr-course/twister-out/sflist.h##e7158f8155eca097ad81a4c617ee4a9d.gcov is included (trace)...
(DEBUG)   No filter matched.
(DEBUG) --> File is excluded.
(DEBUG) Finding source file corresponding to a gcov data file
  gcov_fname   /home/cto/zephyrproject/zephyr-course/twister-out/sflist.h##e7158f8155eca097ad81a4c617ee4a9d.gcov
  current_dir  /home/cto/zephyrproject/zephyr-course/twister-out
  root         /home/cto/zephyrproject/zephyr-course/app/modules/ring_buf
  starting_dir /home/cto/zephyrproject/zephyr-course
  obj_dir      /home/cto/zephyrproject/zephyr-course/twister-out
  gcda_fname   native_sim_native/host_gnu/zephyr-course/tests/ring_buf/homework.unit.ring_buf/zephyr/kernel/CMakeFiles/kernel.dir/queue.c.gcno
  --> fname    /home/cto/zephyrproject/zephyr/include/zephyr/sys/sflist.h
(DEBUG) Check if /home/cto/zephyrproject/zephyr/include/zephyr/sys/sflist.h is included (source file)...
(DEBUG)   No filter matched.
(DEBUG) --> File is excluded.
(DEBUG) Check if /home/cto/zephyrproject/zephyr-course/twister-out/spinlock.h##7a9625cd30eeacafc44455d74d611b1c.gcov is included (trace)...
(DEBUG) --> File is excluded.
(DEBUG) Finding source file corresponding to a gcov data file
  gcov_fname   /home/cto/zephyrproject/zephyr-course/twister-out/spinlock.h##7a9625cd30eeacafc44455d74d611b1c.gcov
  current_dir  /home/cto/zephyrproject/zephyr-course/twister-out
  root         /home/cto/zephyrproject/zephyr-course/app/modules/ring_buf
  starting_dir /home/cto/zephyrproject/zephyr-course
  obj_dir      /home/cto/zephyrproject/zephyr-course/twister-out
  gcda_fname   native_sim_native/host_gnu/zephyr-course/tests/ring_buf/homework.unit.ring_buf/zephyr/kernel/CMakeFiles/kernel.dir/queue.c.gcno
  --> fname    /home/cto/zephyrproject/zephyr/include/zephyr/spinlock.h
(DEBUG) Check if /home/cto/zephyrproject/zephyr/include/zephyr/spinlock.h is included (source file)...
(DEBUG) --> File is excluded.
(DEBUG) Check if /home/cto/zephyrproject/zephyr-course/twister-out/dlist.h##433b9b986dcbf92abddbed41f2b435fa.gcov is included (trace)...
(DEBUG) --> File is excluded.
(DEBUG) Finding source file corresponding to a gcov data file
  gcov_fname   /home/cto/zephyrproject/zephyr-course/twister-out/dlist.h##433b9b986dcbf92abddbed41f2b435fa.gcov
  current_dir  /home/cto/zephyrproject/zephyr-course/twister-out
  root         /home/cto/zephyrproject/zephyr-course/app/modules/ring_buf
  starting_dir /home/cto/zephyrproject/zephyr-course
  obj_dir      /home/cto/zephyrproject/zephyr-course/twister-out
  gcda_fname   native_sim_native/host_gnu/zephyr-course/tests/ring_buf/homework.unit.ring_buf/zephyr/kernel/CMakeFiles/kernel.dir/queue.c.gcno
  --> fname    /home/cto/zephyrproject/zephyr/include/zephyr/sys/dlist.h
(DEBUG) Check if /home/cto/zephyrproject/zephyr/include/zephyr/sys/dlist.h is included (source file)...
(DEBUG) --> File is excluded.
(DEBUG) Check if /home/cto/zephyrproject/zephyr-course/twister-out/timeout_q.h##a95b2b01f7e434a2400daebfad8ed345.gcov is included (trace)...
(DEBUG) --> File is excluded.
(DEBUG) Finding source file corresponding to a gcov data file
  gcov_fname   /home/cto/zephyrproject/zephyr-course/twister-out/timeout_q.h##a95b2b01f7e434a2400daebfad8ed345.gcov
  current_dir  /home/cto/zephyrproject/zephyr-course/twister-out
  root         /home/cto/zephyrproject/zephyr-course/app/modules/ring_buf
  starting_dir /home/cto/zephyrproject/zephyr-course
  obj_dir      /home/cto/zephyrproject/zephyr-course/twister-out
  gcda_fname   native_sim_native/host_gnu/zephyr-course/tests/ring_buf/homework.unit.ring_buf/zephyr/kernel/CMakeFiles/kernel.dir/queue.c.gcno
  --> fname    /home/cto/zephyrproject/zephyr/kernel/include/timeout_q.h
(DEBUG) Check if /home/cto/zephyrproject/zephyr/kernel/include/timeout_q.h is included (source file)...
(DEBUG) --> File is excluded.
(DEBUG) Check if /home/cto/zephyrproject/zephyr-course/twister-out/kthread.h##dd2da6b097956e25ca6725b2474a3e43.gcov is included (trace)...
(DEBUG) --> File is excluded.
(DEBUG) Finding source file corresponding to a gcov data file
  gcov_fname   /home/cto/zephyrproject/zephyr-course/twister-out/kthread.h##dd2da6b097956e25ca6725b2474a3e43.gcov
  current_dir  /home/cto/zephyrproject/zephyr-course/twister-out
  root         /home/cto/zephyrproject/zephyr-course/app/modules/ring_buf
  starting_dir /home/cto/zephyrproject/zephyr-course
  obj_dir      /home/cto/zephyrproject/zephyr-course/twister-out
  gcda_fname   native_sim_native/host_gnu/zephyr-course/tests/ring_buf/homework.unit.ring_buf/zephyr/kernel/CMakeFiles/kernel.dir/queue.c.gcno
  --> fname    /home/cto/zephyrproject/zephyr/kernel/include/kthread.h
(DEBUG) Check if /home/cto/zephyrproject/zephyr/kernel/include/kthread.h is included (source file)...
(DEBUG) --> File is excluded.
(DEBUG) Check if /home/cto/zephyrproject/zephyr-course/twister-out/wait_q.h##ded2ae2822159b780ea75cb59b2ee9ab.gcov is included (trace)...
(DEBUG) --> File is excluded.
(DEBUG) Finding source file corresponding to a gcov data file
  gcov_fname   /home/cto/zephyrproject/zephyr-course/twister-out/wait_q.h##ded2ae2822159b780ea75cb59b2ee9ab.gcov
  current_dir  /home/cto/zephyrproject/zephyr-course/twister-out
  root         /home/cto/zephyrproject/zephyr-course/app/modules/ring_buf
  starting_dir /home/cto/zephyrproject/zephyr-course
  obj_dir      /home/cto/zephyrproject/zephyr-course/twister-out
  gcda_fname   native_sim_native/host_gnu/zephyr-course/tests/ring_buf/homework.unit.ring_buf/zephyr/kernel/CMakeFiles/kernel.dir/queue.c.gcno
  --> fname    /home/cto/zephyrproject/zephyr/kernel/include/wait_q.h
(DEBUG) Check if /home/cto/zephyrproject/zephyr/kernel/include/wait_q.h is included (source file)...
(DEBUG) --> File is excluded.
(DEBUG) Check if /home/cto/zephyrproject/zephyr-course/twister-out/ksched.h##ed05a602fa65c69cb6663bf196ec30da.gcov is included (trace)...
(DEBUG) --> File is excluded.
(DEBUG) Finding source file corresponding to a gcov data file
  gcov_fname   /home/cto/zephyrproject/zephyr-course/twister-out/ksched.h##ed05a602fa65c69cb6663bf196ec30da.gcov
  current_dir  /home/cto/zephyrproject/zephyr-course/twister-out
  root         /home/cto/zephyrproject/zephyr-course/app/modules/ring_buf
  starting_dir /home/cto/zephyrproject/zephyr-course
  obj_dir      /home/cto/zephyrproject/zephyr-course/twister-out
  gcda_fname   native_sim_native/host_gnu/zephyr-course/tests/ring_buf/homework.unit.ring_buf/zephyr/kernel/CMakeFiles/kernel.dir/queue.c.gcno
  --> fname    /home/cto/zephyrproject/zephyr/kernel/include/ksched.h
(DEBUG) Check if /home/cto/zephyrproject/zephyr/kernel/include/ksched.h is included (source file)...
(DEBUG) --> File is excluded.
(DEBUG) Check if /home/cto/zephyrproject/zephyr-course/twister-out/kernel_internal.h##35e4e9c61ec67c362b8995093ce22c15.gcov is included (trace)...
(DEBUG) --> File is excluded.
(DEBUG) Finding source file corresponding to a gcov data file
  gcov_fname   /home/cto/zephyrproject/zephyr-course/twister-out/kernel_internal.h##35e4e9c61ec67c362b8995093ce22c15.gcov
  current_dir  /home/cto/zephyrproject/zephyr-course/twister-out
  root         /home/cto/zephyrproject/zephyr-course/app/modules/ring_buf
  starting_dir /home/cto/zephyrproject/zephyr-course
  obj_dir      /home/cto/zephyrproject/zephyr-course/twister-out
  gcda_fname   native_sim_native/host_gnu/zephyr-course/tests/ring_buf/homework.unit.ring_buf/zephyr/kernel/CMakeFiles/kernel.dir/queue.c.gcno
  --> fname    /home/cto/zephyrproject/zephyr/kernel/include/kernel_internal.h
(DEBUG) Check if /home/cto/zephyrproject/zephyr/kernel/include/kernel_internal.h is included (source file)...
(DEBUG) --> File is excluded.
(DEBUG) Check if /home/cto/zephyrproject/zephyr-course/twister-out/kernel_arch_func.h##abfef9e7d3ad40b2d908e530356295bd.gcov is included (trace)...
(DEBUG) --> File is excluded.
(DEBUG) Finding source file corresponding to a gcov data file
  gcov_fname   /home/cto/zephyrproject/zephyr-course/twister-out/kernel_arch_func.h##abfef9e7d3ad40b2d908e530356295bd.gcov
  current_dir  /home/cto/zephyrproject/zephyr-course/twister-out
  root         /home/cto/zephyrproject/zephyr-course/app/modules/ring_buf
  starting_dir /home/cto/zephyrproject/zephyr-course
  obj_dir      /home/cto/zephyrproject/zephyr-course/twister-out
  gcda_fname   native_sim_native/host_gnu/zephyr-course/tests/ring_buf/homework.unit.ring_buf/zephyr/kernel/CMakeFiles/kernel.dir/queue.c.gcno
  --> fname    /home/cto/zephyrproject/zephyr/arch/posix/include/kernel_arch_func.h
(DEBUG) Check if /home/cto/zephyrproject/zephyr/arch/posix/include/kernel_arch_func.h is included (source file)...
(DEBUG) --> File is excluded.
(DEBUG) Check if /home/cto/zephyrproject/zephyr-course/twister-out/native_sim_native/host_gnu/zephyr-course/tests/ring_buf/homework.unit.ring_buf/zephyr/kernel/CMakeFiles/kernel.dir/sched.c.gcda is included (trace)...
(DEBUG)   No filter matched.
(DEBUG) --> File is excluded.
(DEBUG) Check if /home/cto/zephyrproject/zephyr-course/twister-out/native_sim_native/host_gnu/zephyr-course/tests/ring_buf/homework.unit.ring_buf/zephyr/kernel/CMakeFiles/kernel.dir/sched.c.gcda is included (trace)...
(DEBUG) --> File is excluded.
(DEBUG) Check if sched.c##ee11f340477926bd5f3127df451cd74f.gcov is included (gcov file)...
(DEBUG)   Filter AlwaysMatchFilter() matched.
(DEBUG) --> File is included.
(DEBUG) Check if log_msg.h##59cc7ac9dd0b18efa24d51419b863a43.gcov is included (gcov file)...
(DEBUG) --> File is included.
(DEBUG) Check if kswap.h##5ea47f75ed4ca178f401838b12636485.gcov is included (gcov file)...
(DEBUG) --> File is included.
(DEBUG) Check if wait_q.h##ded2ae2822159b780ea75cb59b2ee9ab.gcov is included (gcov file)...
(DEBUG) --> File is included.
(DEBUG) Check if ksched.h##ed05a602fa65c69cb6663bf196ec30da.gcov is included (gcov file)...
(DEBUG) --> File is included.
(DEBUG) Check if priority_q.h##9623d6fc9d5156abfc198d9641ba6225.gcov is included (gcov file)...
(DEBUG) --> File is included.
(DEBUG) Check if kernel_internal.h##35e4e9c61ec67c362b8995093ce22c15.gcov is included (gcov file)...
(DEBUG) --> File is included.
(DEBUG) Check if kthread.h##dd2da6b097956e25ca6725b2474a3e43.gcov is included (gcov file)...
(DEBUG) --> File is included.
(DEBUG) Check if timeout_q.h##a95b2b01f7e434a2400daebfad8ed345.gcov is included (gcov file)...
(DEBUG) --> File is included.
(DEBUG) Check if kernel_arch_func.h##abfef9e7d3ad40b2d908e530356295bd.gcov is included (gcov file)...
(DEBUG) --> File is included.
(DEBUG) Check if kernel.h##a43b07f35530a2575a8767c959abd1d5.gcov is included (gcov file)...
(DEBUG) --> File is included.
(DEBUG) Check if kernel.h##3d600634decb40355467717e98cbaefe.gcov is included (gcov file)...
(DEBUG) --> File is included.
(DEBUG) Check if spinlock.h##7a9625cd30eeacafc44455d74d611b1c.gcov is included (gcov file)...
(DEBUG) --> File is included.
(DEBUG) Check if arch.h##cd3ec459a8a675a723e815b63d40d361.gcov is included (gcov file)...
(DEBUG) --> File is included.
(DEBUG) Check if syscall.h##6ebecfa30a736fd9ba1c825de8f2f8af.gcov is included (gcov file)...
(DEBUG) --> File is included.
(DEBUG) Check if dlist.h##433b9b986dcbf92abddbed41f2b435fa.gcov is included (gcov file)...
(DEBUG) --> File is included.
(DEBUG) Check if /home/cto/zephyrproject/zephyr-course/twister-out/kswap.h##5ea47f75ed4ca178f401838b12636485.gcov is included (trace)...
(DEBUG) --> File is excluded.
(DEBUG) Finding source file corresponding to a gcov data file
  gcov_fname   /home/cto/zephyrproject/zephyr-course/twister-out/kswap.h##5ea47f75ed4ca178f401838b12636485.gcov
  current_dir  /home/cto/zephyrproject/zephyr-course/twister-out
  root         /home/cto/zephyrproject/zephyr-course/app/modules/ring_buf
  starting_dir /home/cto/zephyrproject/zephyr-course
  obj_dir      /home/cto/zephyrproject/zephyr-course/twister-out
  gcda_fname   native_sim_native/host_gnu/zephyr-course/tests/ring_buf/homework.unit.ring_buf/zephyr/kernel/CMakeFiles/kernel.dir/sched.c.gcda
  --> fname    /home/cto/zephyrproject/zephyr/kernel/include/kswap.h
(DEBUG) Check if /home/cto/zephyrproject/zephyr/kernel/include/kswap.h is included (source file)...
(DEBUG) --> File is excluded.
(DEBUG) Check if /home/cto/zephyrproject/zephyr-course/twister-out/arch.h##cd3ec459a8a675a723e815b63d40d361.gcov is included (trace)...
(DEBUG) --> File is excluded.
(DEBUG) Finding source file corresponding to a gcov data file
  gcov_fname   /home/cto/zephyrproject/zephyr-course/twister-out/arch.h##cd3ec459a8a675a723e815b63d40d361.gcov
  current_dir  /home/cto/zephyrproject/zephyr-course/twister-out
  root         /home/cto/zephyrproject/zephyr-course/app/modules/ring_buf
  starting_dir /home/cto/zephyrproject/zephyr-course
  obj_dir      /home/cto/zephyrproject/zephyr-course/twister-out
  gcda_fname   native_sim_native/host_gnu/zephyr-course/tests/ring_buf/homework.unit.ring_buf/zephyr/kernel/CMakeFiles/kernel.dir/sched.c.gcda
  --> fname    /home/cto/zephyrproject/zephyr/include/zephyr/arch/posix/arch.h
(DEBUG) Check if /home/cto/zephyrproject/zephyr/include/zephyr/arch/posix/arch.h is included (source file)...
(DEBUG) --> File is excluded.
(DEBUG) Check if /home/cto/zephyrproject/zephyr-course/twister-out/sched.c##ee11f340477926bd5f3127df451cd74f.gcov is included (trace)...
(DEBUG)   No filter matched.
(DEBUG) --> File is excluded.
(DEBUG) Finding source file corresponding to a gcov data file
  gcov_fname   /home/cto/zephyrproject/zephyr-course/twister-out/sched.c##ee11f340477926bd5f3127df451cd74f.gcov
  current_dir  /home/cto/zephyrproject/zephyr-course/twister-out
  root         /home/cto/zephyrproject/zephyr-course/app/modules/ring_buf
  starting_dir /home/cto/zephyrproject/zephyr-course
  obj_dir      /home/cto/zephyrproject/zephyr-course/twister-out
  gcda_fname   native_sim_native/host_gnu/zephyr-course/tests/ring_buf/homework.unit.ring_buf/zephyr/kernel/CMakeFiles/kernel.dir/sched.c.gcda
  --> fname    /home/cto/zephyrproject/zephyr/kernel/sched.c
(DEBUG) Check if /home/cto/zephyrproject/zephyr/kernel/sched.c is included (source file)...
(DEBUG)   No filter matched.
(DEBUG) --> File is excluded.
(DEBUG) Check if /home/cto/zephyrproject/zephyr-course/twister-out/kernel.h##a43b07f35530a2575a8767c959abd1d5.gcov is included (trace)...
(DEBUG) --> File is excluded.
(DEBUG) Finding source file corresponding to a gcov data file
  gcov_fname   /home/cto/zephyrproject/zephyr-course/twister-out/kernel.h##a43b07f35530a2575a8767c959abd1d5.gcov
  current_dir  /home/cto/zephyrproject/zephyr-course/twister-out
  root         /home/cto/zephyrproject/zephyr-course/app/modules/ring_buf
  starting_dir /home/cto/zephyrproject/zephyr-course
  obj_dir      /home/cto/zephyrproject/zephyr-course/twister-out
  gcda_fname   native_sim_native/host_gnu/zephyr-course/tests/ring_buf/homework.unit.ring_buf/zephyr/kernel/CMakeFiles/kernel.dir/sched.c.gcda
  --> fname    /home/cto/zephyrproject/zephyr-course/twister-out/native_sim_native/host_gnu/zephyr-course/tests/ring_buf/homework.unit.ring_buf/zephyr/include/generated/zephyr/syscalls/kernel.h
(DEBUG) Check if /home/cto/zephyrproject/zephyr-course/twister-out/native_sim_native/host_gnu/zephyr-course/tests/ring_buf/homework.unit.ring_buf/zephyr/include/generated/zephyr/syscalls/kernel.h is included (source file)...
(DEBUG) --> File is excluded.
(DEBUG) Check if /home/cto/zephyrproject/zephyr-course/twister-out/priority_q.h##9623d6fc9d5156abfc198d9641ba6225.gcov is included (trace)...
(DEBUG) --> File is excluded.
(DEBUG) Finding source file corresponding to a gcov data file
  gcov_fname   /home/cto/zephyrproject/zephyr-course/twister-out/priority_q.h##9623d6fc9d5156abfc198d9641ba6225.gcov
  current_dir  /home/cto/zephyrproject/zephyr-course/twister-out
  root         /home/cto/zephyrproject/zephyr-course/app/modules/ring_buf
  starting_dir /home/cto/zephyrproject/zephyr-course
  obj_dir      /home/cto/zephyrproject/zephyr-course/twister-out
  gcda_fname   native_sim_native/host_gnu/zephyr-course/tests/ring_buf/homework.unit.ring_buf/zephyr/kernel/CMakeFiles/kernel.dir/sched.c.gcda
  --> fname    /home/cto/zephyrproject/zephyr/kernel/include/priority_q.h
(DEBUG) Check if /home/cto/zephyrproject/zephyr/kernel/include/priority_q.h is included (source file)...
(DEBUG) --> File is excluded.
(DEBUG) Check if /home/cto/zephyrproject/zephyr-course/twister-out/spinlock.h##7a9625cd30eeacafc44455d74d611b1c.gcov is included (trace)...
(DEBUG) --> File is excluded.
(DEBUG) Finding source file corresponding to a gcov data file
  gcov_fname   /home/cto/zephyrproject/zephyr-course/twister-out/spinlock.h##7a9625cd30eeacafc44455d74d611b1c.gcov
  current_dir  /home/cto/zephyrproject/zephyr-course/twister-out
  root         /home/cto/zephyrproject/zephyr-course/app/modules/ring_buf
  starting_dir /home/cto/zephyrproject/zephyr-course
  obj_dir      /home/cto/zephyrproject/zephyr-course/twister-out
  gcda_fname   native_sim_native/host_gnu/zephyr-course/tests/ring_buf/homework.unit.ring_buf/zephyr/kernel/CMakeFiles/kernel.dir/sched.c.gcda
  --> fname    /home/cto/zephyrproject/zephyr/include/zephyr/spinlock.h
(DEBUG) Check if /home/cto/zephyrproject/zephyr/include/zephyr/spinlock.h is included (source file)...
(DEBUG) --> File is excluded.
(DEBUG) Check if /home/cto/zephyrproject/zephyr-course/twister-out/syscall.h##6ebecfa30a736fd9ba1c825de8f2f8af.gcov is included (trace)...
(DEBUG) --> File is excluded.
(DEBUG) Finding source file corresponding to a gcov data file
  gcov_fname   /home/cto/zephyrproject/zephyr-course/twister-out/syscall.h##6ebecfa30a736fd9ba1c825de8f2f8af.gcov
  current_dir  /home/cto/zephyrproject/zephyr-course/twister-out
  root         /home/cto/zephyrproject/zephyr-course/app/modules/ring_buf
  starting_dir /home/cto/zephyrproject/zephyr-course
  obj_dir      /home/cto/zephyrproject/zephyr-course/twister-out
  gcda_fname   native_sim_native/host_gnu/zephyr-course/tests/ring_buf/homework.unit.ring_buf/zephyr/kernel/CMakeFiles/kernel.dir/sched.c.gcda
  --> fname    /home/cto/zephyrproject/zephyr/include/zephyr/syscall.h
(DEBUG) Check if /home/cto/zephyrproject/zephyr/include/zephyr/syscall.h is included (source file)...
(DEBUG) --> File is excluded.
(DEBUG) Check if /home/cto/zephyrproject/zephyr-course/twister-out/timeout_q.h##a95b2b01f7e434a2400daebfad8ed345.gcov is included (trace)...
(DEBUG) --> File is excluded.
(DEBUG) Finding source file corresponding to a gcov data file
  gcov_fname   /home/cto/zephyrproject/zephyr-course/twister-out/timeout_q.h##a95b2b01f7e434a2400daebfad8ed345.gcov
  current_dir  /home/cto/zephyrproject/zephyr-course/twister-out
  root         /home/cto/zephyrproject/zephyr-course/app/modules/ring_buf
  starting_dir /home/cto/zephyrproject/zephyr-course
  obj_dir      /home/cto/zephyrproject/zephyr-course/twister-out
  gcda_fname   native_sim_native/host_gnu/zephyr-course/tests/ring_buf/homework.unit.ring_buf/zephyr/kernel/CMakeFiles/kernel.dir/sched.c.gcda
  --> fname    /home/cto/zephyrproject/zephyr/kernel/include/timeout_q.h
(DEBUG) Check if /home/cto/zephyrproject/zephyr/kernel/include/timeout_q.h is included (source file)...
(DEBUG) --> File is excluded.
(DEBUG) Check if /home/cto/zephyrproject/zephyr-course/twister-out/dlist.h##433b9b986dcbf92abddbed41f2b435fa.gcov is included (trace)...
(DEBUG) --> File is excluded.
(DEBUG) Finding source file corresponding to a gcov data file
  gcov_fname   /home/cto/zephyrproject/zephyr-course/twister-out/dlist.h##433b9b986dcbf92abddbed41f2b435fa.gcov
  current_dir  /home/cto/zephyrproject/zephyr-course/twister-out
  root         /home/cto/zephyrproject/zephyr-course/app/modules/ring_buf
  starting_dir /home/cto/zephyrproject/zephyr-course
  obj_dir      /home/cto/zephyrproject/zephyr-course/twister-out
  gcda_fname   native_sim_native/host_gnu/zephyr-course/tests/ring_buf/homework.unit.ring_buf/zephyr/kernel/CMakeFiles/kernel.dir/sched.c.gcda
  --> fname    /home/cto/zephyrproject/zephyr/include/zephyr/sys/dlist.h
(DEBUG) Check if /home/cto/zephyrproject/zephyr/include/zephyr/sys/dlist.h is included (source file)...
(DEBUG) --> File is excluded.
(DEBUG) Check if /home/cto/zephyrproject/zephyr-course/twister-out/kthread.h##dd2da6b097956e25ca6725b2474a3e43.gcov is included (trace)...
(DEBUG) --> File is excluded.
(DEBUG) Finding source file corresponding to a gcov data file
  gcov_fname   /home/cto/zephyrproject/zephyr-course/twister-out/kthread.h##dd2da6b097956e25ca6725b2474a3e43.gcov
  current_dir  /home/cto/zephyrproject/zephyr-course/twister-out
  root         /home/cto/zephyrproject/zephyr-course/app/modules/ring_buf
  starting_dir /home/cto/zephyrproject/zephyr-course
  obj_dir      /home/cto/zephyrproject/zephyr-course/twister-out
  gcda_fname   native_sim_native/host_gnu/zephyr-course/tests/ring_buf/homework.unit.ring_buf/zephyr/kernel/CMakeFiles/kernel.dir/sched.c.gcda
  --> fname    /home/cto/zephyrproject/zephyr/kernel/include/kthread.h
(DEBUG) Check if /home/cto/zephyrproject/zephyr/kernel/include/kthread.h is included (source file)...
(DEBUG) --> File is excluded.
(DEBUG) Check if /home/cto/zephyrproject/zephyr-course/twister-out/wait_q.h##ded2ae2822159b780ea75cb59b2ee9ab.gcov is included (trace)...
(DEBUG) --> File is excluded.
(DEBUG) Finding source file corresponding to a gcov data file
  gcov_fname   /home/cto/zephyrproject/zephyr-course/twister-out/wait_q.h##ded2ae2822159b780ea75cb59b2ee9ab.gcov
  current_dir  /home/cto/zephyrproject/zephyr-course/twister-out
  root         /home/cto/zephyrproject/zephyr-course/app/modules/ring_buf
  starting_dir /home/cto/zephyrproject/zephyr-course
  obj_dir      /home/cto/zephyrproject/zephyr-course/twister-out
  gcda_fname   native_sim_native/host_gnu/zephyr-course/tests/ring_buf/homework.unit.ring_buf/zephyr/kernel/CMakeFiles/kernel.dir/sched.c.gcda
  --> fname    /home/cto/zephyrproject/zephyr/kernel/include/wait_q.h
(DEBUG) Check if /home/cto/zephyrproject/zephyr/kernel/include/wait_q.h is included (source file)...
(DEBUG) --> File is excluded.
(DEBUG) Check if /home/cto/zephyrproject/zephyr-course/twister-out/ksched.h##ed05a602fa65c69cb6663bf196ec30da.gcov is included (trace)...
(DEBUG) --> File is excluded.
(DEBUG) Finding source file corresponding to a gcov data file
  gcov_fname   /home/cto/zephyrproject/zephyr-course/twister-out/ksched.h##ed05a602fa65c69cb6663bf196ec30da.gcov
  current_dir  /home/cto/zephyrproject/zephyr-course/twister-out
  root         /home/cto/zephyrproject/zephyr-course/app/modules/ring_buf
  starting_dir /home/cto/zephyrproject/zephyr-course
  obj_dir      /home/cto/zephyrproject/zephyr-course/twister-out
  gcda_fname   native_sim_native/host_gnu/zephyr-course/tests/ring_buf/homework.unit.ring_buf/zephyr/kernel/CMakeFiles/kernel.dir/sched.c.gcda
  --> fname    /home/cto/zephyrproject/zephyr/kernel/include/ksched.h
(DEBUG) Check if /home/cto/zephyrproject/zephyr/kernel/include/ksched.h is included (source file)...
(DEBUG) --> File is excluded.
(DEBUG) Check if /home/cto/zephyrproject/zephyr-course/twister-out/kernel_internal.h##35e4e9c61ec67c362b8995093ce22c15.gcov is included (trace)...
(DEBUG) --> File is excluded.
(DEBUG) Finding source file corresponding to a gcov data file
  gcov_fname   /home/cto/zephyrproject/zephyr-course/twister-out/kernel_internal.h##35e4e9c61ec67c362b8995093ce22c15.gcov
  current_dir  /home/cto/zephyrproject/zephyr-course/twister-out
  root         /home/cto/zephyrproject/zephyr-course/app/modules/ring_buf
  starting_dir /home/cto/zephyrproject/zephyr-course
  obj_dir      /home/cto/zephyrproject/zephyr-course/twister-out
  gcda_fname   native_sim_native/host_gnu/zephyr-course/tests/ring_buf/homework.unit.ring_buf/zephyr/kernel/CMakeFiles/kernel.dir/sched.c.gcda
  --> fname    /home/cto/zephyrproject/zephyr/kernel/include/kernel_internal.h
(DEBUG) Check if /home/cto/zephyrproject/zephyr/kernel/include/kernel_internal.h is included (source file)...
(DEBUG) --> File is excluded.
(DEBUG) Check if /home/cto/zephyrproject/zephyr-course/twister-out/log_msg.h##59cc7ac9dd0b18efa24d51419b863a43.gcov is included (trace)...
(DEBUG) --> File is excluded.
(DEBUG) Finding source file corresponding to a gcov data file
  gcov_fname   /home/cto/zephyrproject/zephyr-course/twister-out/log_msg.h##59cc7ac9dd0b18efa24d51419b863a43.gcov
  current_dir  /home/cto/zephyrproject/zephyr-course/twister-out
  root         /home/cto/zephyrproject/zephyr-course/app/modules/ring_buf
  starting_dir /home/cto/zephyrproject/zephyr-course
  obj_dir      /home/cto/zephyrproject/zephyr-course/twister-out
  gcda_fname   native_sim_native/host_gnu/zephyr-course/tests/ring_buf/homework.unit.ring_buf/zephyr/kernel/CMakeFiles/kernel.dir/sched.c.gcda
  --> fname    /home/cto/zephyrproject/zephyr/include/zephyr/logging/log_msg.h
(DEBUG) Check if /home/cto/zephyrproject/zephyr/include/zephyr/logging/log_msg.h is included (source file)...
(DEBUG) --> File is excluded.
(DEBUG) Check if /home/cto/zephyrproject/zephyr-course/twister-out/kernel_arch_func.h##abfef9e7d3ad40b2d908e530356295bd.gcov is included (trace)...
(DEBUG) --> File is excluded.
(DEBUG) Finding source file corresponding to a gcov data file
  gcov_fname   /home/cto/zephyrproject/zephyr-course/twister-out/kernel_arch_func.h##abfef9e7d3ad40b2d908e530356295bd.gcov
  current_dir  /home/cto/zephyrproject/zephyr-course/twister-out
  root         /home/cto/zephyrproject/zephyr-course/app/modules/ring_buf
  starting_dir /home/cto/zephyrproject/zephyr-course
  obj_dir      /home/cto/zephyrproject/zephyr-course/twister-out
  gcda_fname   native_sim_native/host_gnu/zephyr-course/tests/ring_buf/homework.unit.ring_buf/zephyr/kernel/CMakeFiles/kernel.dir/sched.c.gcda
  --> fname    /home/cto/zephyrproject/zephyr/arch/posix/include/kernel_arch_func.h
(DEBUG) Check if /home/cto/zephyrproject/zephyr/arch/posix/include/kernel_arch_func.h is included (source file)...
(DEBUG) --> File is excluded.
(DEBUG) Check if /home/cto/zephyrproject/zephyr-course/twister-out/kernel.h##3d600634decb40355467717e98cbaefe.gcov is included (trace)...
(DEBUG) --> File is excluded.
(DEBUG) Finding source file corresponding to a gcov data file
  gcov_fname   /home/cto/zephyrproject/zephyr-course/twister-out/kernel.h##3d600634decb40355467717e98cbaefe.gcov
  current_dir  /home/cto/zephyrproject/zephyr-course/twister-out
  root         /home/cto/zephyrproject/zephyr-course/app/modules/ring_buf
  starting_dir /home/cto/zephyrproject/zephyr-course
  obj_dir      /home/cto/zephyrproject/zephyr-course/twister-out
  gcda_fname   native_sim_native/host_gnu/zephyr-course/tests/ring_buf/homework.unit.ring_buf/zephyr/kernel/CMakeFiles/kernel.dir/sched.c.gcda
  --> fname    /home/cto/zephyrproject/zephyr/include/zephyr/kernel.h
(DEBUG) Check if /home/cto/zephyrproject/zephyr/include/zephyr/kernel.h is included (source file)...
(DEBUG) --> File is excluded.
(DEBUG) Check if /home/cto/zephyrproject/zephyr-course/twister-out/native_sim_native/host_gnu/zephyr-course/tests/ring_buf/homework.unit.ring_buf/zephyr/kernel/CMakeFiles/kernel.dir/sem.c.gcda is included (trace)...
(DEBUG)   No filter matched.
(DEBUG) --> File is excluded.
(DEBUG) Check if /home/cto/zephyrproject/zephyr-course/twister-out/native_sim_native/host_gnu/zephyr-course/tests/ring_buf/homework.unit.ring_buf/zephyr/kernel/CMakeFiles/kernel.dir/sem.c.gcda is included (trace)...
(DEBUG) --> File is excluded.
(DEBUG) Check if sem.c##85a3b3f99fe56076f68789c526483dd7.gcov is included (gcov file)...
(DEBUG)   Filter AlwaysMatchFilter() matched.
(DEBUG) --> File is included.
(DEBUG) Check if ksched.h##ed05a602fa65c69cb6663bf196ec30da.gcov is included (gcov file)...
(DEBUG) --> File is included.
(DEBUG) Check if kthread.h##dd2da6b097956e25ca6725b2474a3e43.gcov is included (gcov file)...
(DEBUG) --> File is included.
(DEBUG) Check if kernel_arch_func.h##abfef9e7d3ad40b2d908e530356295bd.gcov is included (gcov file)...
(DEBUG) --> File is included.
(DEBUG) Check if wait_q.h##ded2ae2822159b780ea75cb59b2ee9ab.gcov is included (gcov file)...
(DEBUG) --> File is included.
(DEBUG) Check if priority_q.h##9623d6fc9d5156abfc198d9641ba6225.gcov is included (gcov file)...
(DEBUG) --> File is included.
(DEBUG) Check if timeout_q.h##a95b2b01f7e434a2400daebfad8ed345.gcov is included (gcov file)...
(DEBUG) --> File is included.
(DEBUG) Check if kobject_internal.h##c80d72ddd75e3dc86bbda9d3af962332.gcov is included (gcov file)...
(DEBUG) --> File is included.
(DEBUG) Check if spinlock.h##7a9625cd30eeacafc44455d74d611b1c.gcov is included (gcov file)...
(DEBUG) --> File is included.
(DEBUG) Check if arch.h##cd3ec459a8a675a723e815b63d40d361.gcov is included (gcov file)...
(DEBUG) --> File is included.
(DEBUG) Check if dlist.h##433b9b986dcbf92abddbed41f2b435fa.gcov is included (gcov file)...
(DEBUG) --> File is included.
(DEBUG) Check if /home/cto/zephyrproject/zephyr-course/twister-out/arch.h##cd3ec459a8a675a723e815b63d40d361.gcov is included (trace)...
(DEBUG) --> File is excluded.
(DEBUG) Finding source file corresponding to a gcov data file
  gcov_fname   /home/cto/zephyrproject/zephyr-course/twister-out/arch.h##cd3ec459a8a675a723e815b63d40d361.gcov
  current_dir  /home/cto/zephyrproject/zephyr-course/twister-out
  root         /home/cto/zephyrproject/zephyr-course/app/modules/ring_buf
  starting_dir /home/cto/zephyrproject/zephyr-course
  obj_dir      /home/cto/zephyrproject/zephyr-course/twister-out
  gcda_fname   native_sim_native/host_gnu/zephyr-course/tests/ring_buf/homework.unit.ring_buf/zephyr/kernel/CMakeFiles/kernel.dir/sem.c.gcda
  --> fname    /home/cto/zephyrproject/zephyr/include/zephyr/arch/posix/arch.h
(DEBUG) Check if /home/cto/zephyrproject/zephyr/include/zephyr/arch/posix/arch.h is included (source file)...
(DEBUG) --> File is excluded.
(DEBUG) Check if /home/cto/zephyrproject/zephyr-course/twister-out/sem.c##85a3b3f99fe56076f68789c526483dd7.gcov is included (trace)...
(DEBUG)   No filter matched.
(DEBUG) --> File is excluded.
(DEBUG) Finding source file corresponding to a gcov data file
  gcov_fname   /home/cto/zephyrproject/zephyr-course/twister-out/sem.c##85a3b3f99fe56076f68789c526483dd7.gcov
  current_dir  /home/cto/zephyrproject/zephyr-course/twister-out
  root         /home/cto/zephyrproject/zephyr-course/app/modules/ring_buf
  starting_dir /home/cto/zephyrproject/zephyr-course
  obj_dir      /home/cto/zephyrproject/zephyr-course/twister-out
  gcda_fname   native_sim_native/host_gnu/zephyr-course/tests/ring_buf/homework.unit.ring_buf/zephyr/kernel/CMakeFiles/kernel.dir/sem.c.gcda
  --> fname    /home/cto/zephyrproject/zephyr/kernel/sem.c
(DEBUG) Check if /home/cto/zephyrproject/zephyr/kernel/sem.c is included (source file)...
(DEBUG)   No filter matched.
(DEBUG) --> File is excluded.
(DEBUG) Check if /home/cto/zephyrproject/zephyr-course/twister-out/kobject_internal.h##c80d72ddd75e3dc86bbda9d3af962332.gcov is included (trace)...
(DEBUG) --> File is excluded.
(DEBUG) Finding source file corresponding to a gcov data file
  gcov_fname   /home/cto/zephyrproject/zephyr-course/twister-out/kobject_internal.h##c80d72ddd75e3dc86bbda9d3af962332.gcov
  current_dir  /home/cto/zephyrproject/zephyr-course/twister-out
  root         /home/cto/zephyrproject/zephyr-course/app/modules/ring_buf
  starting_dir /home/cto/zephyrproject/zephyr-course
  obj_dir      /home/cto/zephyrproject/zephyr-course/twister-out
  gcda_fname   native_sim_native/host_gnu/zephyr-course/tests/ring_buf/homework.unit.ring_buf/zephyr/kernel/CMakeFiles/kernel.dir/sem.c.gcda
  --> fname    /home/cto/zephyrproject/zephyr/include/zephyr/sys/internal/kobject_internal.h
(DEBUG) Check if /home/cto/zephyrproject/zephyr/include/zephyr/sys/internal/kobject_internal.h is included (source file)...
(DEBUG) --> File is excluded.
(DEBUG) Check if /home/cto/zephyrproject/zephyr-course/twister-out/priority_q.h##9623d6fc9d5156abfc198d9641ba6225.gcov is included (trace)...
(DEBUG) --> File is excluded.
(DEBUG) Finding source file corresponding to a gcov data file
  gcov_fname   /home/cto/zephyrproject/zephyr-course/twister-out/priority_q.h##9623d6fc9d5156abfc198d9641ba6225.gcov
  current_dir  /home/cto/zephyrproject/zephyr-course/twister-out
  root         /home/cto/zephyrproject/zephyr-course/app/modules/ring_buf
  starting_dir /home/cto/zephyrproject/zephyr-course
  obj_dir      /home/cto/zephyrproject/zephyr-course/twister-out
  gcda_fname   native_sim_native/host_gnu/zephyr-course/tests/ring_buf/homework.unit.ring_buf/zephyr/kernel/CMakeFiles/kernel.dir/sem.c.gcda
  --> fname    /home/cto/zephyrproject/zephyr/kernel/include/priority_q.h
(DEBUG) Check if /home/cto/zephyrproject/zephyr/kernel/include/priority_q.h is included (source file)...
(DEBUG) --> File is excluded.
(DEBUG) Check if /home/cto/zephyrproject/zephyr-course/twister-out/spinlock.h##7a9625cd30eeacafc44455d74d611b1c.gcov is included (trace)...
(DEBUG) --> File is excluded.
(DEBUG) Finding source file corresponding to a gcov data file
  gcov_fname   /home/cto/zephyrproject/zephyr-course/twister-out/spinlock.h##7a9625cd30eeacafc44455d74d611b1c.gcov
  current_dir  /home/cto/zephyrproject/zephyr-course/twister-out
  root         /home/cto/zephyrproject/zephyr-course/app/modules/ring_buf
  starting_dir /home/cto/zephyrproject/zephyr-course
  obj_dir      /home/cto/zephyrproject/zephyr-course/twister-out
  gcda_fname   native_sim_native/host_gnu/zephyr-course/tests/ring_buf/homework.unit.ring_buf/zephyr/kernel/CMakeFiles/kernel.dir/sem.c.gcda
  --> fname    /home/cto/zephyrproject/zephyr/include/zephyr/spinlock.h
(DEBUG) Check if /home/cto/zephyrproject/zephyr/include/zephyr/spinlock.h is included (source file)...
(DEBUG) --> File is excluded.
(DEBUG) Check if /home/cto/zephyrproject/zephyr-course/twister-out/dlist.h##433b9b986dcbf92abddbed41f2b435fa.gcov is included (trace)...
(DEBUG) --> File is excluded.
(DEBUG) Finding source file corresponding to a gcov data file
  gcov_fname   /home/cto/zephyrproject/zephyr-course/twister-out/dlist.h##433b9b986dcbf92abddbed41f2b435fa.gcov
  current_dir  /home/cto/zephyrproject/zephyr-course/twister-out
  root         /home/cto/zephyrproject/zephyr-course/app/modules/ring_buf
  starting_dir /home/cto/zephyrproject/zephyr-course
  obj_dir      /home/cto/zephyrproject/zephyr-course/twister-out
  gcda_fname   native_sim_native/host_gnu/zephyr-course/tests/ring_buf/homework.unit.ring_buf/zephyr/kernel/CMakeFiles/kernel.dir/sem.c.gcda
  --> fname    /home/cto/zephyrproject/zephyr/include/zephyr/sys/dlist.h
(DEBUG) Check if /home/cto/zephyrproject/zephyr/include/zephyr/sys/dlist.h is included (source file)...
(DEBUG) --> File is excluded.
(DEBUG) Check if /home/cto/zephyrproject/zephyr-course/twister-out/timeout_q.h##a95b2b01f7e434a2400daebfad8ed345.gcov is included (trace)...
(DEBUG) --> File is excluded.
(DEBUG) Finding source file corresponding to a gcov data file
  gcov_fname   /home/cto/zephyrproject/zephyr-course/twister-out/timeout_q.h##a95b2b01f7e434a2400daebfad8ed345.gcov
  current_dir  /home/cto/zephyrproject/zephyr-course/twister-out
  root         /home/cto/zephyrproject/zephyr-course/app/modules/ring_buf
  starting_dir /home/cto/zephyrproject/zephyr-course
  obj_dir      /home/cto/zephyrproject/zephyr-course/twister-out
  gcda_fname   native_sim_native/host_gnu/zephyr-course/tests/ring_buf/homework.unit.ring_buf/zephyr/kernel/CMakeFiles/kernel.dir/sem.c.gcda
  --> fname    /home/cto/zephyrproject/zephyr/kernel/include/timeout_q.h
(DEBUG) Check if /home/cto/zephyrproject/zephyr/kernel/include/timeout_q.h is included (source file)...
(DEBUG) --> File is excluded.
(DEBUG) Check if /home/cto/zephyrproject/zephyr-course/twister-out/kthread.h##dd2da6b097956e25ca6725b2474a3e43.gcov is included (trace)...
(DEBUG) --> File is excluded.
(DEBUG) Finding source file corresponding to a gcov data file
  gcov_fname   /home/cto/zephyrproject/zephyr-course/twister-out/kthread.h##dd2da6b097956e25ca6725b2474a3e43.gcov
  current_dir  /home/cto/zephyrproject/zephyr-course/twister-out
  root         /home/cto/zephyrproject/zephyr-course/app/modules/ring_buf
  starting_dir /home/cto/zephyrproject/zephyr-course
  obj_dir      /home/cto/zephyrproject/zephyr-course/twister-out
  gcda_fname   native_sim_native/host_gnu/zephyr-course/tests/ring_buf/homework.unit.ring_buf/zephyr/kernel/CMakeFiles/kernel.dir/sem.c.gcda
  --> fname    /home/cto/zephyrproject/zephyr/kernel/include/kthread.h
(DEBUG) Check if /home/cto/zephyrproject/zephyr/kernel/include/kthread.h is included (source file)...
(DEBUG) --> File is excluded.
(DEBUG) Check if /home/cto/zephyrproject/zephyr-course/twister-out/wait_q.h##ded2ae2822159b780ea75cb59b2ee9ab.gcov is included (trace)...
(DEBUG) --> File is excluded.
(DEBUG) Finding source file corresponding to a gcov data file
  gcov_fname   /home/cto/zephyrproject/zephyr-course/twister-out/wait_q.h##ded2ae2822159b780ea75cb59b2ee9ab.gcov
  current_dir  /home/cto/zephyrproject/zephyr-course/twister-out
  root         /home/cto/zephyrproject/zephyr-course/app/modules/ring_buf
  starting_dir /home/cto/zephyrproject/zephyr-course
  obj_dir      /home/cto/zephyrproject/zephyr-course/twister-out
  gcda_fname   native_sim_native/host_gnu/zephyr-course/tests/ring_buf/homework.unit.ring_buf/zephyr/kernel/CMakeFiles/kernel.dir/sem.c.gcda
  --> fname    /home/cto/zephyrproject/zephyr/kernel/include/wait_q.h
(DEBUG) Check if /home/cto/zephyrproject/zephyr/kernel/include/wait_q.h is included (source file)...
(DEBUG) --> File is excluded.
(DEBUG) Check if /home/cto/zephyrproject/zephyr-course/twister-out/ksched.h##ed05a602fa65c69cb6663bf196ec30da.gcov is included (trace)...
(DEBUG) --> File is excluded.
(DEBUG) Finding source file corresponding to a gcov data file
  gcov_fname   /home/cto/zephyrproject/zephyr-course/twister-out/ksched.h##ed05a602fa65c69cb6663bf196ec30da.gcov
  current_dir  /home/cto/zephyrproject/zephyr-course/twister-out
  root         /home/cto/zephyrproject/zephyr-course/app/modules/ring_buf
  starting_dir /home/cto/zephyrproject/zephyr-course
  obj_dir      /home/cto/zephyrproject/zephyr-course/twister-out
  gcda_fname   native_sim_native/host_gnu/zephyr-course/tests/ring_buf/homework.unit.ring_buf/zephyr/kernel/CMakeFiles/kernel.dir/sem.c.gcda
  --> fname    /home/cto/zephyrproject/zephyr/kernel/include/ksched.h
(DEBUG) Check if /home/cto/zephyrproject/zephyr/kernel/include/ksched.h is included (source file)...
(DEBUG) --> File is excluded.
(DEBUG) Check if /home/cto/zephyrproject/zephyr-course/twister-out/kernel_arch_func.h##abfef9e7d3ad40b2d908e530356295bd.gcov is included (trace)...
(DEBUG) --> File is excluded.
(DEBUG) Finding source file corresponding to a gcov data file
  gcov_fname   /home/cto/zephyrproject/zephyr-course/twister-out/kernel_arch_func.h##abfef9e7d3ad40b2d908e530356295bd.gcov
  current_dir  /home/cto/zephyrproject/zephyr-course/twister-out
  root         /home/cto/zephyrproject/zephyr-course/app/modules/ring_buf
  starting_dir /home/cto/zephyrproject/zephyr-course
  obj_dir      /home/cto/zephyrproject/zephyr-course/twister-out
  gcda_fname   native_sim_native/host_gnu/zephyr-course/tests/ring_buf/homework.unit.ring_buf/zephyr/kernel/CMakeFiles/kernel.dir/sem.c.gcda
  --> fname    /home/cto/zephyrproject/zephyr/arch/posix/include/kernel_arch_func.h
(DEBUG) Check if /home/cto/zephyrproject/zephyr/arch/posix/include/kernel_arch_func.h is included (source file)...
(DEBUG) --> File is excluded.
(DEBUG) Check if /home/cto/zephyrproject/zephyr-course/twister-out/native_sim_native/host_gnu/zephyr-course/tests/ring_buf/homework.unit.ring_buf/zephyr/kernel/CMakeFiles/kernel.dir/spinlock_validate.c.gcda is included (trace)...
(DEBUG)   No filter matched.
(DEBUG) --> File is excluded.
(DEBUG) Check if /home/cto/zephyrproject/zephyr-course/twister-out/native_sim_native/host_gnu/zephyr-course/tests/ring_buf/homework.unit.ring_buf/zephyr/kernel/CMakeFiles/kernel.dir/spinlock_validate.c.gcda is included (trace)...
(DEBUG) --> File is excluded.
(DEBUG) Check if spinlock_validate.c##ef0fe95c1f7536fdc1f64013f587f1b5.gcov is included (gcov file)...
(DEBUG)   Filter AlwaysMatchFilter() matched.
(DEBUG) --> File is included.
(DEBUG) Check if kernel_arch_func.h##abfef9e7d3ad40b2d908e530356295bd.gcov is included (gcov file)...
(DEBUG) --> File is included.
(DEBUG) Check if /home/cto/zephyrproject/zephyr-course/twister-out/spinlock_validate.c##ef0fe95c1f7536fdc1f64013f587f1b5.gcov is included (trace)...
(DEBUG)   No filter matched.
(DEBUG) --> File is excluded.
(DEBUG) Finding source file corresponding to a gcov data file
  gcov_fname   /home/cto/zephyrproject/zephyr-course/twister-out/spinlock_validate.c##ef0fe95c1f7536fdc1f64013f587f1b5.gcov
  current_dir  /home/cto/zephyrproject/zephyr-course/twister-out
  root         /home/cto/zephyrproject/zephyr-course/app/modules/ring_buf
  starting_dir /home/cto/zephyrproject/zephyr-course
  obj_dir      /home/cto/zephyrproject/zephyr-course/twister-out
  gcda_fname   native_sim_native/host_gnu/zephyr-course/tests/ring_buf/homework.unit.ring_buf/zephyr/kernel/CMakeFiles/kernel.dir/spinlock_validate.c.gcda
  --> fname    /home/cto/zephyrproject/zephyr/kernel/spinlock_validate.c
(DEBUG) Check if /home/cto/zephyrproject/zephyr/kernel/spinlock_validate.c is included (source file)...
(DEBUG)   No filter matched.
(DEBUG) --> File is excluded.
(DEBUG) Check if /home/cto/zephyrproject/zephyr-course/twister-out/kernel_arch_func.h##abfef9e7d3ad40b2d908e530356295bd.gcov is included (trace)...
(DEBUG) --> File is excluded.
(DEBUG) Finding source file corresponding to a gcov data file
  gcov_fname   /home/cto/zephyrproject/zephyr-course/twister-out/kernel_arch_func.h##abfef9e7d3ad40b2d908e530356295bd.gcov
  current_dir  /home/cto/zephyrproject/zephyr-course/twister-out
  root         /home/cto/zephyrproject/zephyr-course/app/modules/ring_buf
  starting_dir /home/cto/zephyrproject/zephyr-course
  obj_dir      /home/cto/zephyrproject/zephyr-course/twister-out
  gcda_fname   native_sim_native/host_gnu/zephyr-course/tests/ring_buf/homework.unit.ring_buf/zephyr/kernel/CMakeFiles/kernel.dir/spinlock_validate.c.gcda
  --> fname    /home/cto/zephyrproject/zephyr/arch/posix/include/kernel_arch_func.h
(DEBUG) Check if /home/cto/zephyrproject/zephyr/arch/posix/include/kernel_arch_func.h is included (source file)...
(DEBUG) --> File is excluded.
(DEBUG) Check if /home/cto/zephyrproject/zephyr-course/twister-out/native_sim_native/host_gnu/zephyr-course/tests/ring_buf/homework.unit.ring_buf/zephyr/kernel/CMakeFiles/kernel.dir/stack.c.gcno is included (trace)...
(DEBUG)   No filter matched.
(DEBUG) --> File is excluded.
(DEBUG) Check if /home/cto/zephyrproject/zephyr-course/twister-out/native_sim_native/host_gnu/zephyr-course/tests/ring_buf/homework.unit.ring_buf/zephyr/kernel/CMakeFiles/kernel.dir/stack.c.gcno is included (trace)...
(DEBUG) --> File is excluded.
(DEBUG) Check if stack.c##478dfe2bf386908ebab2732fb946a4fd.gcov is included (gcov file)...
(DEBUG)   Filter AlwaysMatchFilter() matched.
(DEBUG) --> File is included.
(DEBUG) Check if wait_q.h##ded2ae2822159b780ea75cb59b2ee9ab.gcov is included (gcov file)...
(DEBUG) --> File is included.
(DEBUG) Check if ksched.h##ed05a602fa65c69cb6663bf196ec30da.gcov is included (gcov file)...
(DEBUG) --> File is included.
(DEBUG) Check if priority_q.h##9623d6fc9d5156abfc198d9641ba6225.gcov is included (gcov file)...
(DEBUG) --> File is included.
(DEBUG) Check if kernel_internal.h##35e4e9c61ec67c362b8995093ce22c15.gcov is included (gcov file)...
(DEBUG) --> File is included.
(DEBUG) Check if kthread.h##dd2da6b097956e25ca6725b2474a3e43.gcov is included (gcov file)...
(DEBUG) --> File is included.
(DEBUG) Check if timeout_q.h##a95b2b01f7e434a2400daebfad8ed345.gcov is included (gcov file)...
(DEBUG) --> File is included.
(DEBUG) Check if kernel_arch_func.h##abfef9e7d3ad40b2d908e530356295bd.gcov is included (gcov file)...
(DEBUG) --> File is included.
(DEBUG) Check if kobject_internal.h##c80d72ddd75e3dc86bbda9d3af962332.gcov is included (gcov file)...
(DEBUG) --> File is included.
(DEBUG) Check if spinlock.h##7a9625cd30eeacafc44455d74d611b1c.gcov is included (gcov file)...
(DEBUG) --> File is included.
(DEBUG) Check if arch.h##cd3ec459a8a675a723e815b63d40d361.gcov is included (gcov file)...
(DEBUG) --> File is included.
(DEBUG) Check if dlist.h##433b9b986dcbf92abddbed41f2b435fa.gcov is included (gcov file)...
(DEBUG) --> File is included.
(DEBUG) Check if /home/cto/zephyrproject/zephyr-course/twister-out/arch.h##cd3ec459a8a675a723e815b63d40d361.gcov is included (trace)...
(DEBUG) --> File is excluded.
(DEBUG) Finding source file corresponding to a gcov data file
  gcov_fname   /home/cto/zephyrproject/zephyr-course/twister-out/arch.h##cd3ec459a8a675a723e815b63d40d361.gcov
  current_dir  /home/cto/zephyrproject/zephyr-course/twister-out
  root         /home/cto/zephyrproject/zephyr-course/app/modules/ring_buf
  starting_dir /home/cto/zephyrproject/zephyr-course
  obj_dir      /home/cto/zephyrproject/zephyr-course/twister-out
  gcda_fname   native_sim_native/host_gnu/zephyr-course/tests/ring_buf/homework.unit.ring_buf/zephyr/kernel/CMakeFiles/kernel.dir/stack.c.gcno
  --> fname    /home/cto/zephyrproject/zephyr/include/zephyr/arch/posix/arch.h
(DEBUG) Check if /home/cto/zephyrproject/zephyr/include/zephyr/arch/posix/arch.h is included (source file)...
(DEBUG) --> File is excluded.
(DEBUG) Check if /home/cto/zephyrproject/zephyr-course/twister-out/kobject_internal.h##c80d72ddd75e3dc86bbda9d3af962332.gcov is included (trace)...
(DEBUG) --> File is excluded.
(DEBUG) Finding source file corresponding to a gcov data file
  gcov_fname   /home/cto/zephyrproject/zephyr-course/twister-out/kobject_internal.h##c80d72ddd75e3dc86bbda9d3af962332.gcov
  current_dir  /home/cto/zephyrproject/zephyr-course/twister-out
  root         /home/cto/zephyrproject/zephyr-course/app/modules/ring_buf
  starting_dir /home/cto/zephyrproject/zephyr-course
  obj_dir      /home/cto/zephyrproject/zephyr-course/twister-out
  gcda_fname   native_sim_native/host_gnu/zephyr-course/tests/ring_buf/homework.unit.ring_buf/zephyr/kernel/CMakeFiles/kernel.dir/stack.c.gcno
  --> fname    /home/cto/zephyrproject/zephyr/include/zephyr/sys/internal/kobject_internal.h
(DEBUG) Check if /home/cto/zephyrproject/zephyr/include/zephyr/sys/internal/kobject_internal.h is included (source file)...
(DEBUG) --> File is excluded.
(DEBUG) Check if /home/cto/zephyrproject/zephyr-course/twister-out/priority_q.h##9623d6fc9d5156abfc198d9641ba6225.gcov is included (trace)...
(DEBUG) --> File is excluded.
(DEBUG) Finding source file corresponding to a gcov data file
  gcov_fname   /home/cto/zephyrproject/zephyr-course/twister-out/priority_q.h##9623d6fc9d5156abfc198d9641ba6225.gcov
  current_dir  /home/cto/zephyrproject/zephyr-course/twister-out
  root         /home/cto/zephyrproject/zephyr-course/app/modules/ring_buf
  starting_dir /home/cto/zephyrproject/zephyr-course
  obj_dir      /home/cto/zephyrproject/zephyr-course/twister-out
  gcda_fname   native_sim_native/host_gnu/zephyr-course/tests/ring_buf/homework.unit.ring_buf/zephyr/kernel/CMakeFiles/kernel.dir/stack.c.gcno
  --> fname    /home/cto/zephyrproject/zephyr/kernel/include/priority_q.h
(DEBUG) Check if /home/cto/zephyrproject/zephyr/kernel/include/priority_q.h is included (source file)...
(DEBUG) --> File is excluded.
(DEBUG) Check if /home/cto/zephyrproject/zephyr-course/twister-out/stack.c##478dfe2bf386908ebab2732fb946a4fd.gcov is included (trace)...
(DEBUG)   No filter matched.
(DEBUG) --> File is excluded.
(DEBUG) Finding source file corresponding to a gcov data file
  gcov_fname   /home/cto/zephyrproject/zephyr-course/twister-out/stack.c##478dfe2bf386908ebab2732fb946a4fd.gcov
  current_dir  /home/cto/zephyrproject/zephyr-course/twister-out
  root         /home/cto/zephyrproject/zephyr-course/app/modules/ring_buf
  starting_dir /home/cto/zephyrproject/zephyr-course
  obj_dir      /home/cto/zephyrproject/zephyr-course/twister-out
  gcda_fname   native_sim_native/host_gnu/zephyr-course/tests/ring_buf/homework.unit.ring_buf/zephyr/kernel/CMakeFiles/kernel.dir/stack.c.gcno
  --> fname    /home/cto/zephyrproject/zephyr/kernel/stack.c
(DEBUG) Check if /home/cto/zephyrproject/zephyr/kernel/stack.c is included (source file)...
(DEBUG)   No filter matched.
(DEBUG) --> File is excluded.
(DEBUG) Check if /home/cto/zephyrproject/zephyr-course/twister-out/spinlock.h##7a9625cd30eeacafc44455d74d611b1c.gcov is included (trace)...
(DEBUG) --> File is excluded.
(DEBUG) Finding source file corresponding to a gcov data file
  gcov_fname   /home/cto/zephyrproject/zephyr-course/twister-out/spinlock.h##7a9625cd30eeacafc44455d74d611b1c.gcov
  current_dir  /home/cto/zephyrproject/zephyr-course/twister-out
  root         /home/cto/zephyrproject/zephyr-course/app/modules/ring_buf
  starting_dir /home/cto/zephyrproject/zephyr-course
  obj_dir      /home/cto/zephyrproject/zephyr-course/twister-out
  gcda_fname   native_sim_native/host_gnu/zephyr-course/tests/ring_buf/homework.unit.ring_buf/zephyr/kernel/CMakeFiles/kernel.dir/stack.c.gcno
  --> fname    /home/cto/zephyrproject/zephyr/include/zephyr/spinlock.h
(DEBUG) Check if /home/cto/zephyrproject/zephyr/include/zephyr/spinlock.h is included (source file)...
(DEBUG) --> File is excluded.
(DEBUG) Check if /home/cto/zephyrproject/zephyr-course/twister-out/timeout_q.h##a95b2b01f7e434a2400daebfad8ed345.gcov is included (trace)...
(DEBUG) --> File is excluded.
(DEBUG) Finding source file corresponding to a gcov data file
  gcov_fname   /home/cto/zephyrproject/zephyr-course/twister-out/timeout_q.h##a95b2b01f7e434a2400daebfad8ed345.gcov
  current_dir  /home/cto/zephyrproject/zephyr-course/twister-out
  root         /home/cto/zephyrproject/zephyr-course/app/modules/ring_buf
  starting_dir /home/cto/zephyrproject/zephyr-course
  obj_dir      /home/cto/zephyrproject/zephyr-course/twister-out
  gcda_fname   native_sim_native/host_gnu/zephyr-course/tests/ring_buf/homework.unit.ring_buf/zephyr/kernel/CMakeFiles/kernel.dir/stack.c.gcno
  --> fname    /home/cto/zephyrproject/zephyr/kernel/include/timeout_q.h
(DEBUG) Check if /home/cto/zephyrproject/zephyr/kernel/include/timeout_q.h is included (source file)...
(DEBUG) --> File is excluded.
(DEBUG) Check if /home/cto/zephyrproject/zephyr-course/twister-out/dlist.h##433b9b986dcbf92abddbed41f2b435fa.gcov is included (trace)...
(DEBUG) --> File is excluded.
(DEBUG) Finding source file corresponding to a gcov data file
  gcov_fname   /home/cto/zephyrproject/zephyr-course/twister-out/dlist.h##433b9b986dcbf92abddbed41f2b435fa.gcov
  current_dir  /home/cto/zephyrproject/zephyr-course/twister-out
  root         /home/cto/zephyrproject/zephyr-course/app/modules/ring_buf
  starting_dir /home/cto/zephyrproject/zephyr-course
  obj_dir      /home/cto/zephyrproject/zephyr-course/twister-out
  gcda_fname   native_sim_native/host_gnu/zephyr-course/tests/ring_buf/homework.unit.ring_buf/zephyr/kernel/CMakeFiles/kernel.dir/stack.c.gcno
  --> fname    /home/cto/zephyrproject/zephyr/include/zephyr/sys/dlist.h
(DEBUG) Check if /home/cto/zephyrproject/zephyr/include/zephyr/sys/dlist.h is included (source file)...
(DEBUG) --> File is excluded.
(DEBUG) Check if /home/cto/zephyrproject/zephyr-course/twister-out/kthread.h##dd2da6b097956e25ca6725b2474a3e43.gcov is included (trace)...
(DEBUG) --> File is excluded.
(DEBUG) Finding source file corresponding to a gcov data file
  gcov_fname   /home/cto/zephyrproject/zephyr-course/twister-out/kthread.h##dd2da6b097956e25ca6725b2474a3e43.gcov
  current_dir  /home/cto/zephyrproject/zephyr-course/twister-out
  root         /home/cto/zephyrproject/zephyr-course/app/modules/ring_buf
  starting_dir /home/cto/zephyrproject/zephyr-course
  obj_dir      /home/cto/zephyrproject/zephyr-course/twister-out
  gcda_fname   native_sim_native/host_gnu/zephyr-course/tests/ring_buf/homework.unit.ring_buf/zephyr/kernel/CMakeFiles/kernel.dir/stack.c.gcno
  --> fname    /home/cto/zephyrproject/zephyr/kernel/include/kthread.h
(DEBUG) Check if /home/cto/zephyrproject/zephyr/kernel/include/kthread.h is included (source file)...
(DEBUG) --> File is excluded.
(DEBUG) Check if /home/cto/zephyrproject/zephyr-course/twister-out/wait_q.h##ded2ae2822159b780ea75cb59b2ee9ab.gcov is included (trace)...
(DEBUG) --> File is excluded.
(DEBUG) Finding source file corresponding to a gcov data file
  gcov_fname   /home/cto/zephyrproject/zephyr-course/twister-out/wait_q.h##ded2ae2822159b780ea75cb59b2ee9ab.gcov
  current_dir  /home/cto/zephyrproject/zephyr-course/twister-out
  root         /home/cto/zephyrproject/zephyr-course/app/modules/ring_buf
  starting_dir /home/cto/zephyrproject/zephyr-course
  obj_dir      /home/cto/zephyrproject/zephyr-course/twister-out
  gcda_fname   native_sim_native/host_gnu/zephyr-course/tests/ring_buf/homework.unit.ring_buf/zephyr/kernel/CMakeFiles/kernel.dir/stack.c.gcno
  --> fname    /home/cto/zephyrproject/zephyr/kernel/include/wait_q.h
(DEBUG) Check if /home/cto/zephyrproject/zephyr/kernel/include/wait_q.h is included (source file)...
(DEBUG) --> File is excluded.
(DEBUG) Check if /home/cto/zephyrproject/zephyr-course/twister-out/ksched.h##ed05a602fa65c69cb6663bf196ec30da.gcov is included (trace)...
(DEBUG) --> File is excluded.
(DEBUG) Finding source file corresponding to a gcov data file
  gcov_fname   /home/cto/zephyrproject/zephyr-course/twister-out/ksched.h##ed05a602fa65c69cb6663bf196ec30da.gcov
  current_dir  /home/cto/zephyrproject/zephyr-course/twister-out
  root         /home/cto/zephyrproject/zephyr-course/app/modules/ring_buf
  starting_dir /home/cto/zephyrproject/zephyr-course
  obj_dir      /home/cto/zephyrproject/zephyr-course/twister-out
  gcda_fname   native_sim_native/host_gnu/zephyr-course/tests/ring_buf/homework.unit.ring_buf/zephyr/kernel/CMakeFiles/kernel.dir/stack.c.gcno
  --> fname    /home/cto/zephyrproject/zephyr/kernel/include/ksched.h
(DEBUG) Check if /home/cto/zephyrproject/zephyr/kernel/include/ksched.h is included (source file)...
(DEBUG) --> File is excluded.
(DEBUG) Check if /home/cto/zephyrproject/zephyr-course/twister-out/kernel_internal.h##35e4e9c61ec67c362b8995093ce22c15.gcov is included (trace)...
(DEBUG) --> File is excluded.
(DEBUG) Finding source file corresponding to a gcov data file
  gcov_fname   /home/cto/zephyrproject/zephyr-course/twister-out/kernel_internal.h##35e4e9c61ec67c362b8995093ce22c15.gcov
  current_dir  /home/cto/zephyrproject/zephyr-course/twister-out
  root         /home/cto/zephyrproject/zephyr-course/app/modules/ring_buf
  starting_dir /home/cto/zephyrproject/zephyr-course
  obj_dir      /home/cto/zephyrproject/zephyr-course/twister-out
  gcda_fname   native_sim_native/host_gnu/zephyr-course/tests/ring_buf/homework.unit.ring_buf/zephyr/kernel/CMakeFiles/kernel.dir/stack.c.gcno
  --> fname    /home/cto/zephyrproject/zephyr/kernel/include/kernel_internal.h
(DEBUG) Check if /home/cto/zephyrproject/zephyr/kernel/include/kernel_internal.h is included (source file)...
(DEBUG) --> File is excluded.
(DEBUG) Check if /home/cto/zephyrproject/zephyr-course/twister-out/kernel_arch_func.h##abfef9e7d3ad40b2d908e530356295bd.gcov is included (trace)...
(DEBUG) --> File is excluded.
(DEBUG) Finding source file corresponding to a gcov data file
  gcov_fname   /home/cto/zephyrproject/zephyr-course/twister-out/kernel_arch_func.h##abfef9e7d3ad40b2d908e530356295bd.gcov
  current_dir  /home/cto/zephyrproject/zephyr-course/twister-out
  root         /home/cto/zephyrproject/zephyr-course/app/modules/ring_buf
  starting_dir /home/cto/zephyrproject/zephyr-course
  obj_dir      /home/cto/zephyrproject/zephyr-course/twister-out
  gcda_fname   native_sim_native/host_gnu/zephyr-course/tests/ring_buf/homework.unit.ring_buf/zephyr/kernel/CMakeFiles/kernel.dir/stack.c.gcno
  --> fname    /home/cto/zephyrproject/zephyr/arch/posix/include/kernel_arch_func.h
(DEBUG) Check if /home/cto/zephyrproject/zephyr/arch/posix/include/kernel_arch_func.h is included (source file)...
(DEBUG) --> File is excluded.
(DEBUG) Check if /home/cto/zephyrproject/zephyr-course/twister-out/native_sim_native/host_gnu/zephyr-course/tests/ring_buf/homework.unit.ring_buf/zephyr/kernel/CMakeFiles/kernel.dir/system_work_q.c.gcno is included (trace)...
(DEBUG)   No filter matched.
(DEBUG) --> File is excluded.
(DEBUG) Check if /home/cto/zephyrproject/zephyr-course/twister-out/native_sim_native/host_gnu/zephyr-course/tests/ring_buf/homework.unit.ring_buf/zephyr/kernel/CMakeFiles/kernel.dir/system_work_q.c.gcno is included (trace)...
(DEBUG) --> File is excluded.
(DEBUG) Check if system_work_q.c##84565b5e2f17e6361e73afa656693427.gcov is included (gcov file)...
(DEBUG)   Filter AlwaysMatchFilter() matched.
(DEBUG) --> File is included.
(DEBUG) Check if /home/cto/zephyrproject/zephyr-course/twister-out/system_work_q.c##84565b5e2f17e6361e73afa656693427.gcov is included (trace)...
(DEBUG)   No filter matched.
(DEBUG) --> File is excluded.
(DEBUG) Finding source file corresponding to a gcov data file
  gcov_fname   /home/cto/zephyrproject/zephyr-course/twister-out/system_work_q.c##84565b5e2f17e6361e73afa656693427.gcov
  current_dir  /home/cto/zephyrproject/zephyr-course/twister-out
  root         /home/cto/zephyrproject/zephyr-course/app/modules/ring_buf
  starting_dir /home/cto/zephyrproject/zephyr-course
  obj_dir      /home/cto/zephyrproject/zephyr-course/twister-out
  gcda_fname   native_sim_native/host_gnu/zephyr-course/tests/ring_buf/homework.unit.ring_buf/zephyr/kernel/CMakeFiles/kernel.dir/system_work_q.c.gcno
  --> fname    /home/cto/zephyrproject/zephyr/kernel/system_work_q.c
(DEBUG) Check if /home/cto/zephyrproject/zephyr/kernel/system_work_q.c is included (source file)...
(DEBUG)   No filter matched.
(DEBUG) --> File is excluded.
(DEBUG) Check if /home/cto/zephyrproject/zephyr-course/twister-out/native_sim_native/host_gnu/zephyr-course/tests/ring_buf/homework.unit.ring_buf/zephyr/kernel/CMakeFiles/kernel.dir/thread.c.gcda is included (trace)...
(DEBUG)   No filter matched.
(DEBUG) --> File is excluded.
(DEBUG) Check if /home/cto/zephyrproject/zephyr-course/twister-out/native_sim_native/host_gnu/zephyr-course/tests/ring_buf/homework.unit.ring_buf/zephyr/kernel/CMakeFiles/kernel.dir/thread.c.gcda is included (trace)...
(DEBUG) --> File is excluded.
(DEBUG) Check if thread.c##3941a278a9ee9f62d033c593f3f72e08.gcov is included (gcov file)...
(DEBUG)   Filter AlwaysMatchFilter() matched.
(DEBUG) --> File is included.
(DEBUG) Check if log_msg.h##59cc7ac9dd0b18efa24d51419b863a43.gcov is included (gcov file)...
(DEBUG) --> File is included.
(DEBUG) Check if wait_q.h##ded2ae2822159b780ea75cb59b2ee9ab.gcov is included (gcov file)...
(DEBUG) --> File is included.
(DEBUG) Check if kthread.h##dd2da6b097956e25ca6725b2474a3e43.gcov is included (gcov file)...
(DEBUG) --> File is included.
(DEBUG) Check if timeout_q.h##a95b2b01f7e434a2400daebfad8ed345.gcov is included (gcov file)...
(DEBUG) --> File is included.
(DEBUG) Check if kernel_arch_func.h##abfef9e7d3ad40b2d908e530356295bd.gcov is included (gcov file)...
(DEBUG) --> File is included.
(DEBUG) Check if kernel.h##a43b07f35530a2575a8767c959abd1d5.gcov is included (gcov file)...
(DEBUG) --> File is included.
(DEBUG) Check if kernel.h##3d600634decb40355467717e98cbaefe.gcov is included (gcov file)...
(DEBUG) --> File is included.
(DEBUG) Check if thread_stack.h##d3361197028b71256d4d5420f7e2cdd6.gcov is included (gcov file)...
(DEBUG) --> File is included.
(DEBUG) Check if dlist.h##433b9b986dcbf92abddbed41f2b435fa.gcov is included (gcov file)...
(DEBUG) --> File is included.
(DEBUG) Check if /home/cto/zephyrproject/zephyr-course/twister-out/kernel.h##a43b07f35530a2575a8767c959abd1d5.gcov is included (trace)...
(DEBUG) --> File is excluded.
(DEBUG) Finding source file corresponding to a gcov data file
  gcov_fname   /home/cto/zephyrproject/zephyr-course/twister-out/kernel.h##a43b07f35530a2575a8767c959abd1d5.gcov
  current_dir  /home/cto/zephyrproject/zephyr-course/twister-out
  root         /home/cto/zephyrproject/zephyr-course/app/modules/ring_buf
  starting_dir /home/cto/zephyrproject/zephyr-course
  obj_dir      /home/cto/zephyrproject/zephyr-course/twister-out
  gcda_fname   native_sim_native/host_gnu/zephyr-course/tests/ring_buf/homework.unit.ring_buf/zephyr/kernel/CMakeFiles/kernel.dir/thread.c.gcda
  --> fname    /home/cto/zephyrproject/zephyr-course/twister-out/native_sim_native/host_gnu/zephyr-course/tests/ring_buf/homework.unit.ring_buf/zephyr/include/generated/zephyr/syscalls/kernel.h
(DEBUG) Check if /home/cto/zephyrproject/zephyr-course/twister-out/native_sim_native/host_gnu/zephyr-course/tests/ring_buf/homework.unit.ring_buf/zephyr/include/generated/zephyr/syscalls/kernel.h is included (source file)...
(DEBUG) --> File is excluded.
(DEBUG) Check if /home/cto/zephyrproject/zephyr-course/twister-out/dlist.h##433b9b986dcbf92abddbed41f2b435fa.gcov is included (trace)...
(DEBUG) --> File is excluded.
(DEBUG) Finding source file corresponding to a gcov data file
  gcov_fname   /home/cto/zephyrproject/zephyr-course/twister-out/dlist.h##433b9b986dcbf92abddbed41f2b435fa.gcov
  current_dir  /home/cto/zephyrproject/zephyr-course/twister-out
  root         /home/cto/zephyrproject/zephyr-course/app/modules/ring_buf
  starting_dir /home/cto/zephyrproject/zephyr-course
  obj_dir      /home/cto/zephyrproject/zephyr-course/twister-out
  gcda_fname   native_sim_native/host_gnu/zephyr-course/tests/ring_buf/homework.unit.ring_buf/zephyr/kernel/CMakeFiles/kernel.dir/thread.c.gcda
  --> fname    /home/cto/zephyrproject/zephyr/include/zephyr/sys/dlist.h
(DEBUG) Check if /home/cto/zephyrproject/zephyr/include/zephyr/sys/dlist.h is included (source file)...
(DEBUG) --> File is excluded.
(DEBUG) Check if /home/cto/zephyrproject/zephyr-course/twister-out/timeout_q.h##a95b2b01f7e434a2400daebfad8ed345.gcov is included (trace)...
(DEBUG) --> File is excluded.
(DEBUG) Finding source file corresponding to a gcov data file
  gcov_fname   /home/cto/zephyrproject/zephyr-course/twister-out/timeout_q.h##a95b2b01f7e434a2400daebfad8ed345.gcov
  current_dir  /home/cto/zephyrproject/zephyr-course/twister-out
  root         /home/cto/zephyrproject/zephyr-course/app/modules/ring_buf
  starting_dir /home/cto/zephyrproject/zephyr-course
  obj_dir      /home/cto/zephyrproject/zephyr-course/twister-out
  gcda_fname   native_sim_native/host_gnu/zephyr-course/tests/ring_buf/homework.unit.ring_buf/zephyr/kernel/CMakeFiles/kernel.dir/thread.c.gcda
  --> fname    /home/cto/zephyrproject/zephyr/kernel/include/timeout_q.h
(DEBUG) Check if /home/cto/zephyrproject/zephyr/kernel/include/timeout_q.h is included (source file)...
(DEBUG) --> File is excluded.
(DEBUG) Check if /home/cto/zephyrproject/zephyr-course/twister-out/thread.c##3941a278a9ee9f62d033c593f3f72e08.gcov is included (trace)...
(DEBUG)   No filter matched.
(DEBUG) --> File is excluded.
(DEBUG) Finding source file corresponding to a gcov data file
  gcov_fname   /home/cto/zephyrproject/zephyr-course/twister-out/thread.c##3941a278a9ee9f62d033c593f3f72e08.gcov
  current_dir  /home/cto/zephyrproject/zephyr-course/twister-out
  root         /home/cto/zephyrproject/zephyr-course/app/modules/ring_buf
  starting_dir /home/cto/zephyrproject/zephyr-course
  obj_dir      /home/cto/zephyrproject/zephyr-course/twister-out
  gcda_fname   native_sim_native/host_gnu/zephyr-course/tests/ring_buf/homework.unit.ring_buf/zephyr/kernel/CMakeFiles/kernel.dir/thread.c.gcda
  --> fname    /home/cto/zephyrproject/zephyr/kernel/thread.c
(DEBUG) Check if /home/cto/zephyrproject/zephyr/kernel/thread.c is included (source file)...
(DEBUG)   No filter matched.
(DEBUG) --> File is excluded.
(DEBUG) Check if /home/cto/zephyrproject/zephyr-course/twister-out/kthread.h##dd2da6b097956e25ca6725b2474a3e43.gcov is included (trace)...
(DEBUG) --> File is excluded.
(DEBUG) Finding source file corresponding to a gcov data file
  gcov_fname   /home/cto/zephyrproject/zephyr-course/twister-out/kthread.h##dd2da6b097956e25ca6725b2474a3e43.gcov
  current_dir  /home/cto/zephyrproject/zephyr-course/twister-out
  root         /home/cto/zephyrproject/zephyr-course/app/modules/ring_buf
  starting_dir /home/cto/zephyrproject/zephyr-course
  obj_dir      /home/cto/zephyrproject/zephyr-course/twister-out
  gcda_fname   native_sim_native/host_gnu/zephyr-course/tests/ring_buf/homework.unit.ring_buf/zephyr/kernel/CMakeFiles/kernel.dir/thread.c.gcda
  --> fname    /home/cto/zephyrproject/zephyr/kernel/include/kthread.h
(DEBUG) Check if /home/cto/zephyrproject/zephyr/kernel/include/kthread.h is included (source file)...
(DEBUG) --> File is excluded.
(DEBUG) Check if /home/cto/zephyrproject/zephyr-course/twister-out/thread_stack.h##d3361197028b71256d4d5420f7e2cdd6.gcov is included (trace)...
(DEBUG) --> File is excluded.
(DEBUG) Finding source file corresponding to a gcov data file
  gcov_fname   /home/cto/zephyrproject/zephyr-course/twister-out/thread_stack.h##d3361197028b71256d4d5420f7e2cdd6.gcov
  current_dir  /home/cto/zephyrproject/zephyr-course/twister-out
  root         /home/cto/zephyrproject/zephyr-course/app/modules/ring_buf
  starting_dir /home/cto/zephyrproject/zephyr-course
  obj_dir      /home/cto/zephyrproject/zephyr-course/twister-out
  gcda_fname   native_sim_native/host_gnu/zephyr-course/tests/ring_buf/homework.unit.ring_buf/zephyr/kernel/CMakeFiles/kernel.dir/thread.c.gcda
  --> fname    /home/cto/zephyrproject/zephyr/include/zephyr/kernel/thread_stack.h
(DEBUG) Check if /home/cto/zephyrproject/zephyr/include/zephyr/kernel/thread_stack.h is included (source file)...
(DEBUG) --> File is excluded.
(DEBUG) Check if /home/cto/zephyrproject/zephyr-course/twister-out/wait_q.h##ded2ae2822159b780ea75cb59b2ee9ab.gcov is included (trace)...
(DEBUG) --> File is excluded.
(DEBUG) Finding source file corresponding to a gcov data file
  gcov_fname   /home/cto/zephyrproject/zephyr-course/twister-out/wait_q.h##ded2ae2822159b780ea75cb59b2ee9ab.gcov
  current_dir  /home/cto/zephyrproject/zephyr-course/twister-out
  root         /home/cto/zephyrproject/zephyr-course/app/modules/ring_buf
  starting_dir /home/cto/zephyrproject/zephyr-course
  obj_dir      /home/cto/zephyrproject/zephyr-course/twister-out
  gcda_fname   native_sim_native/host_gnu/zephyr-course/tests/ring_buf/homework.unit.ring_buf/zephyr/kernel/CMakeFiles/kernel.dir/thread.c.gcda
  --> fname    /home/cto/zephyrproject/zephyr/kernel/include/wait_q.h
(DEBUG) Check if /home/cto/zephyrproject/zephyr/kernel/include/wait_q.h is included (source file)...
(DEBUG) --> File is excluded.
(DEBUG) Check if /home/cto/zephyrproject/zephyr-course/twister-out/log_msg.h##59cc7ac9dd0b18efa24d51419b863a43.gcov is included (trace)...
(DEBUG) --> File is excluded.
(DEBUG) Finding source file corresponding to a gcov data file
  gcov_fname   /home/cto/zephyrproject/zephyr-course/twister-out/log_msg.h##59cc7ac9dd0b18efa24d51419b863a43.gcov
  current_dir  /home/cto/zephyrproject/zephyr-course/twister-out
  root         /home/cto/zephyrproject/zephyr-course/app/modules/ring_buf
  starting_dir /home/cto/zephyrproject/zephyr-course
  obj_dir      /home/cto/zephyrproject/zephyr-course/twister-out
  gcda_fname   native_sim_native/host_gnu/zephyr-course/tests/ring_buf/homework.unit.ring_buf/zephyr/kernel/CMakeFiles/kernel.dir/thread.c.gcda
  --> fname    /home/cto/zephyrproject/zephyr/include/zephyr/logging/log_msg.h
(DEBUG) Check if /home/cto/zephyrproject/zephyr/include/zephyr/logging/log_msg.h is included (source file)...
(DEBUG) --> File is excluded.
(DEBUG) Check if /home/cto/zephyrproject/zephyr-course/twister-out/kernel_arch_func.h##abfef9e7d3ad40b2d908e530356295bd.gcov is included (trace)...
(DEBUG) --> File is excluded.
(DEBUG) Finding source file corresponding to a gcov data file
  gcov_fname   /home/cto/zephyrproject/zephyr-course/twister-out/kernel_arch_func.h##abfef9e7d3ad40b2d908e530356295bd.gcov
  current_dir  /home/cto/zephyrproject/zephyr-course/twister-out
  root         /home/cto/zephyrproject/zephyr-course/app/modules/ring_buf
  starting_dir /home/cto/zephyrproject/zephyr-course
  obj_dir      /home/cto/zephyrproject/zephyr-course/twister-out
  gcda_fname   native_sim_native/host_gnu/zephyr-course/tests/ring_buf/homework.unit.ring_buf/zephyr/kernel/CMakeFiles/kernel.dir/thread.c.gcda
  --> fname    /home/cto/zephyrproject/zephyr/arch/posix/include/kernel_arch_func.h
(DEBUG) Check if /home/cto/zephyrproject/zephyr/arch/posix/include/kernel_arch_func.h is included (source file)...
(DEBUG) --> File is excluded.
(DEBUG) Check if /home/cto/zephyrproject/zephyr-course/twister-out/kernel.h##3d600634decb40355467717e98cbaefe.gcov is included (trace)...
(DEBUG) --> File is excluded.
(DEBUG) Finding source file corresponding to a gcov data file
  gcov_fname   /home/cto/zephyrproject/zephyr-course/twister-out/kernel.h##3d600634decb40355467717e98cbaefe.gcov
  current_dir  /home/cto/zephyrproject/zephyr-course/twister-out
  root         /home/cto/zephyrproject/zephyr-course/app/modules/ring_buf
  starting_dir /home/cto/zephyrproject/zephyr-course
  obj_dir      /home/cto/zephyrproject/zephyr-course/twister-out
  gcda_fname   native_sim_native/host_gnu/zephyr-course/tests/ring_buf/homework.unit.ring_buf/zephyr/kernel/CMakeFiles/kernel.dir/thread.c.gcda
  --> fname    /home/cto/zephyrproject/zephyr/include/zephyr/kernel.h
(DEBUG) Check if /home/cto/zephyrproject/zephyr/include/zephyr/kernel.h is included (source file)...
(DEBUG) --> File is excluded.
(DEBUG) Check if /home/cto/zephyrproject/zephyr-course/twister-out/native_sim_native/host_gnu/zephyr-course/tests/ring_buf/homework.unit.ring_buf/zephyr/kernel/CMakeFiles/kernel.dir/timeout.c.gcda is included (trace)...
(DEBUG)   No filter matched.
(DEBUG) --> File is excluded.
(DEBUG) Check if /home/cto/zephyrproject/zephyr-course/twister-out/native_sim_native/host_gnu/zephyr-course/tests/ring_buf/homework.unit.ring_buf/zephyr/kernel/CMakeFiles/kernel.dir/timeout.c.gcda is included (trace)...
(DEBUG) --> File is excluded.
(DEBUG) Check if timeout.c##4d4bb5389e9f652809897897ddbf743c.gcov is included (gcov file)...
(DEBUG)   Filter AlwaysMatchFilter() matched.
(DEBUG) --> File is included.
(DEBUG) Check if timeout_q.h##a95b2b01f7e434a2400daebfad8ed345.gcov is included (gcov file)...
(DEBUG) --> File is included.
(DEBUG) Check if spinlock.h##7a9625cd30eeacafc44455d74d611b1c.gcov is included (gcov file)...
(DEBUG) --> File is included.
(DEBUG) Check if arch.h##cd3ec459a8a675a723e815b63d40d361.gcov is included (gcov file)...
(DEBUG) --> File is included.
(DEBUG) Check if dlist.h##433b9b986dcbf92abddbed41f2b435fa.gcov is included (gcov file)...
(DEBUG) --> File is included.
(DEBUG) Check if /home/cto/zephyrproject/zephyr-course/twister-out/timeout.c##4d4bb5389e9f652809897897ddbf743c.gcov is included (trace)...
(DEBUG)   No filter matched.
(DEBUG) --> File is excluded.
(DEBUG) Finding source file corresponding to a gcov data file
  gcov_fname   /home/cto/zephyrproject/zephyr-course/twister-out/timeout.c##4d4bb5389e9f652809897897ddbf743c.gcov
  current_dir  /home/cto/zephyrproject/zephyr-course/twister-out
  root         /home/cto/zephyrproject/zephyr-course/app/modules/ring_buf
  starting_dir /home/cto/zephyrproject/zephyr-course
  obj_dir      /home/cto/zephyrproject/zephyr-course/twister-out
  gcda_fname   native_sim_native/host_gnu/zephyr-course/tests/ring_buf/homework.unit.ring_buf/zephyr/kernel/CMakeFiles/kernel.dir/timeout.c.gcda
  --> fname    /home/cto/zephyrproject/zephyr/kernel/timeout.c
(DEBUG) Check if /home/cto/zephyrproject/zephyr/kernel/timeout.c is included (source file)...
(DEBUG)   No filter matched.
(DEBUG) --> File is excluded.
(DEBUG) Check if /home/cto/zephyrproject/zephyr-course/twister-out/dlist.h##433b9b986dcbf92abddbed41f2b435fa.gcov is included (trace)...
(DEBUG) --> File is excluded.
(DEBUG) Finding source file corresponding to a gcov data file
  gcov_fname   /home/cto/zephyrproject/zephyr-course/twister-out/dlist.h##433b9b986dcbf92abddbed41f2b435fa.gcov
  current_dir  /home/cto/zephyrproject/zephyr-course/twister-out
  root         /home/cto/zephyrproject/zephyr-course/app/modules/ring_buf
  starting_dir /home/cto/zephyrproject/zephyr-course
  obj_dir      /home/cto/zephyrproject/zephyr-course/twister-out
  gcda_fname   native_sim_native/host_gnu/zephyr-course/tests/ring_buf/homework.unit.ring_buf/zephyr/kernel/CMakeFiles/kernel.dir/timeout.c.gcda
  --> fname    /home/cto/zephyrproject/zephyr/include/zephyr/sys/dlist.h
(DEBUG) Check if /home/cto/zephyrproject/zephyr/include/zephyr/sys/dlist.h is included (source file)...
(DEBUG) --> File is excluded.
(DEBUG) Check if /home/cto/zephyrproject/zephyr-course/twister-out/timeout_q.h##a95b2b01f7e434a2400daebfad8ed345.gcov is included (trace)...
(DEBUG) --> File is excluded.
(DEBUG) Finding source file corresponding to a gcov data file
  gcov_fname   /home/cto/zephyrproject/zephyr-course/twister-out/timeout_q.h##a95b2b01f7e434a2400daebfad8ed345.gcov
  current_dir  /home/cto/zephyrproject/zephyr-course/twister-out
  root         /home/cto/zephyrproject/zephyr-course/app/modules/ring_buf
  starting_dir /home/cto/zephyrproject/zephyr-course
  obj_dir      /home/cto/zephyrproject/zephyr-course/twister-out
  gcda_fname   native_sim_native/host_gnu/zephyr-course/tests/ring_buf/homework.unit.ring_buf/zephyr/kernel/CMakeFiles/kernel.dir/timeout.c.gcda
  --> fname    /home/cto/zephyrproject/zephyr/kernel/include/timeout_q.h
(DEBUG) Check if /home/cto/zephyrproject/zephyr/kernel/include/timeout_q.h is included (source file)...
(DEBUG) --> File is excluded.
(DEBUG) Check if /home/cto/zephyrproject/zephyr-course/twister-out/spinlock.h##7a9625cd30eeacafc44455d74d611b1c.gcov is included (trace)...
(DEBUG) --> File is excluded.
(DEBUG) Finding source file corresponding to a gcov data file
  gcov_fname   /home/cto/zephyrproject/zephyr-course/twister-out/spinlock.h##7a9625cd30eeacafc44455d74d611b1c.gcov
  current_dir  /home/cto/zephyrproject/zephyr-course/twister-out
  root         /home/cto/zephyrproject/zephyr-course/app/modules/ring_buf
  starting_dir /home/cto/zephyrproject/zephyr-course
  obj_dir      /home/cto/zephyrproject/zephyr-course/twister-out
  gcda_fname   native_sim_native/host_gnu/zephyr-course/tests/ring_buf/homework.unit.ring_buf/zephyr/kernel/CMakeFiles/kernel.dir/timeout.c.gcda
  --> fname    /home/cto/zephyrproject/zephyr/include/zephyr/spinlock.h
(DEBUG) Check if /home/cto/zephyrproject/zephyr/include/zephyr/spinlock.h is included (source file)...
(DEBUG) --> File is excluded.
(DEBUG) Check if /home/cto/zephyrproject/zephyr-course/twister-out/arch.h##cd3ec459a8a675a723e815b63d40d361.gcov is included (trace)...
(DEBUG) --> File is excluded.
(DEBUG) Finding source file corresponding to a gcov data file
  gcov_fname   /home/cto/zephyrproject/zephyr-course/twister-out/arch.h##cd3ec459a8a675a723e815b63d40d361.gcov
  current_dir  /home/cto/zephyrproject/zephyr-course/twister-out
  root         /home/cto/zephyrproject/zephyr-course/app/modules/ring_buf
  starting_dir /home/cto/zephyrproject/zephyr-course
  obj_dir      /home/cto/zephyrproject/zephyr-course/twister-out
  gcda_fname   native_sim_native/host_gnu/zephyr-course/tests/ring_buf/homework.unit.ring_buf/zephyr/kernel/CMakeFiles/kernel.dir/timeout.c.gcda
  --> fname    /home/cto/zephyrproject/zephyr/include/zephyr/arch/posix/arch.h
(DEBUG) Check if /home/cto/zephyrproject/zephyr/include/zephyr/arch/posix/arch.h is included (source file)...
(DEBUG) --> File is excluded.
(DEBUG) Check if /home/cto/zephyrproject/zephyr-course/twister-out/native_sim_native/host_gnu/zephyr-course/tests/ring_buf/homework.unit.ring_buf/zephyr/kernel/CMakeFiles/kernel.dir/timer.c.gcda is included (trace)...
(DEBUG)   No filter matched.
(DEBUG) --> File is excluded.
(DEBUG) Check if /home/cto/zephyrproject/zephyr-course/twister-out/native_sim_native/host_gnu/zephyr-course/tests/ring_buf/homework.unit.ring_buf/zephyr/kernel/CMakeFiles/kernel.dir/timer.c.gcda is included (trace)...
(DEBUG) --> File is excluded.
(DEBUG) Check if timer.c##384f9e74873bc4fa061c68b4cb7551d7.gcov is included (gcov file)...
(DEBUG)   Filter AlwaysMatchFilter() matched.
(DEBUG) --> File is included.
(DEBUG) Check if wait_q.h##ded2ae2822159b780ea75cb59b2ee9ab.gcov is included (gcov file)...
(DEBUG) --> File is included.
(DEBUG) Check if ksched.h##ed05a602fa65c69cb6663bf196ec30da.gcov is included (gcov file)...
(DEBUG) --> File is included.
(DEBUG) Check if timeout_q.h##a95b2b01f7e434a2400daebfad8ed345.gcov is included (gcov file)...
(DEBUG) --> File is included.
(DEBUG) Check if kernel_arch_func.h##abfef9e7d3ad40b2d908e530356295bd.gcov is included (gcov file)...
(DEBUG) --> File is included.
(DEBUG) Check if kernel.h##a43b07f35530a2575a8767c959abd1d5.gcov is included (gcov file)...
(DEBUG) --> File is included.
(DEBUG) Check if kobject_internal.h##c80d72ddd75e3dc86bbda9d3af962332.gcov is included (gcov file)...
(DEBUG) --> File is included.
(DEBUG) Check if spinlock.h##7a9625cd30eeacafc44455d74d611b1c.gcov is included (gcov file)...
(DEBUG) --> File is included.
(DEBUG) Check if arch.h##cd3ec459a8a675a723e815b63d40d361.gcov is included (gcov file)...
(DEBUG) --> File is included.
(DEBUG) Check if dlist.h##433b9b986dcbf92abddbed41f2b435fa.gcov is included (gcov file)...
(DEBUG) --> File is included.
(DEBUG) Check if /home/cto/zephyrproject/zephyr-course/twister-out/arch.h##cd3ec459a8a675a723e815b63d40d361.gcov is included (trace)...
(DEBUG) --> File is excluded.
(DEBUG) Finding source file corresponding to a gcov data file
  gcov_fname   /home/cto/zephyrproject/zephyr-course/twister-out/arch.h##cd3ec459a8a675a723e815b63d40d361.gcov
  current_dir  /home/cto/zephyrproject/zephyr-course/twister-out
  root         /home/cto/zephyrproject/zephyr-course/app/modules/ring_buf
  starting_dir /home/cto/zephyrproject/zephyr-course
  obj_dir      /home/cto/zephyrproject/zephyr-course/twister-out
  gcda_fname   native_sim_native/host_gnu/zephyr-course/tests/ring_buf/homework.unit.ring_buf/zephyr/kernel/CMakeFiles/kernel.dir/timer.c.gcda
  --> fname    /home/cto/zephyrproject/zephyr/include/zephyr/arch/posix/arch.h
(DEBUG) Check if /home/cto/zephyrproject/zephyr/include/zephyr/arch/posix/arch.h is included (source file)...
(DEBUG) --> File is excluded.
(DEBUG) Check if /home/cto/zephyrproject/zephyr-course/twister-out/timer.c##384f9e74873bc4fa061c68b4cb7551d7.gcov is included (trace)...
(DEBUG)   No filter matched.
(DEBUG) --> File is excluded.
(DEBUG) Finding source file corresponding to a gcov data file
  gcov_fname   /home/cto/zephyrproject/zephyr-course/twister-out/timer.c##384f9e74873bc4fa061c68b4cb7551d7.gcov
  current_dir  /home/cto/zephyrproject/zephyr-course/twister-out
  root         /home/cto/zephyrproject/zephyr-course/app/modules/ring_buf
  starting_dir /home/cto/zephyrproject/zephyr-course
  obj_dir      /home/cto/zephyrproject/zephyr-course/twister-out
  gcda_fname   native_sim_native/host_gnu/zephyr-course/tests/ring_buf/homework.unit.ring_buf/zephyr/kernel/CMakeFiles/kernel.dir/timer.c.gcda
  --> fname    /home/cto/zephyrproject/zephyr/kernel/timer.c
(DEBUG) Check if /home/cto/zephyrproject/zephyr/kernel/timer.c is included (source file)...
(DEBUG)   No filter matched.
(DEBUG) --> File is excluded.
(DEBUG) Check if /home/cto/zephyrproject/zephyr-course/twister-out/kernel.h##a43b07f35530a2575a8767c959abd1d5.gcov is included (trace)...
(DEBUG) --> File is excluded.
(DEBUG) Finding source file corresponding to a gcov data file
  gcov_fname   /home/cto/zephyrproject/zephyr-course/twister-out/kernel.h##a43b07f35530a2575a8767c959abd1d5.gcov
  current_dir  /home/cto/zephyrproject/zephyr-course/twister-out
  root         /home/cto/zephyrproject/zephyr-course/app/modules/ring_buf
  starting_dir /home/cto/zephyrproject/zephyr-course
  obj_dir      /home/cto/zephyrproject/zephyr-course/twister-out
  gcda_fname   native_sim_native/host_gnu/zephyr-course/tests/ring_buf/homework.unit.ring_buf/zephyr/kernel/CMakeFiles/kernel.dir/timer.c.gcda
  --> fname    /home/cto/zephyrproject/zephyr-course/twister-out/native_sim_native/host_gnu/zephyr-course/tests/ring_buf/homework.unit.ring_buf/zephyr/include/generated/zephyr/syscalls/kernel.h
(DEBUG) Check if /home/cto/zephyrproject/zephyr-course/twister-out/native_sim_native/host_gnu/zephyr-course/tests/ring_buf/homework.unit.ring_buf/zephyr/include/generated/zephyr/syscalls/kernel.h is included (source file)...
(DEBUG) --> File is excluded.
(DEBUG) Check if /home/cto/zephyrproject/zephyr-course/twister-out/kobject_internal.h##c80d72ddd75e3dc86bbda9d3af962332.gcov is included (trace)...
(DEBUG) --> File is excluded.
(DEBUG) Finding source file corresponding to a gcov data file
  gcov_fname   /home/cto/zephyrproject/zephyr-course/twister-out/kobject_internal.h##c80d72ddd75e3dc86bbda9d3af962332.gcov
  current_dir  /home/cto/zephyrproject/zephyr-course/twister-out
  root         /home/cto/zephyrproject/zephyr-course/app/modules/ring_buf
  starting_dir /home/cto/zephyrproject/zephyr-course
  obj_dir      /home/cto/zephyrproject/zephyr-course/twister-out
  gcda_fname   native_sim_native/host_gnu/zephyr-course/tests/ring_buf/homework.unit.ring_buf/zephyr/kernel/CMakeFiles/kernel.dir/timer.c.gcda
  --> fname    /home/cto/zephyrproject/zephyr/include/zephyr/sys/internal/kobject_internal.h
(DEBUG) Check if /home/cto/zephyrproject/zephyr/include/zephyr/sys/internal/kobject_internal.h is included (source file)...
(DEBUG) --> File is excluded.
(DEBUG) Check if /home/cto/zephyrproject/zephyr-course/twister-out/spinlock.h##7a9625cd30eeacafc44455d74d611b1c.gcov is included (trace)...
(DEBUG) --> File is excluded.
(DEBUG) Finding source file corresponding to a gcov data file
  gcov_fname   /home/cto/zephyrproject/zephyr-course/twister-out/spinlock.h##7a9625cd30eeacafc44455d74d611b1c.gcov
  current_dir  /home/cto/zephyrproject/zephyr-course/twister-out
  root         /home/cto/zephyrproject/zephyr-course/app/modules/ring_buf
  starting_dir /home/cto/zephyrproject/zephyr-course
  obj_dir      /home/cto/zephyrproject/zephyr-course/twister-out
  gcda_fname   native_sim_native/host_gnu/zephyr-course/tests/ring_buf/homework.unit.ring_buf/zephyr/kernel/CMakeFiles/kernel.dir/timer.c.gcda
  --> fname    /home/cto/zephyrproject/zephyr/include/zephyr/spinlock.h
(DEBUG) Check if /home/cto/zephyrproject/zephyr/include/zephyr/spinlock.h is included (source file)...
(DEBUG) --> File is excluded.
(DEBUG) Check if /home/cto/zephyrproject/zephyr-course/twister-out/dlist.h##433b9b986dcbf92abddbed41f2b435fa.gcov is included (trace)...
(DEBUG) --> File is excluded.
(DEBUG) Finding source file corresponding to a gcov data file
  gcov_fname   /home/cto/zephyrproject/zephyr-course/twister-out/dlist.h##433b9b986dcbf92abddbed41f2b435fa.gcov
  current_dir  /home/cto/zephyrproject/zephyr-course/twister-out
  root         /home/cto/zephyrproject/zephyr-course/app/modules/ring_buf
  starting_dir /home/cto/zephyrproject/zephyr-course
  obj_dir      /home/cto/zephyrproject/zephyr-course/twister-out
  gcda_fname   native_sim_native/host_gnu/zephyr-course/tests/ring_buf/homework.unit.ring_buf/zephyr/kernel/CMakeFiles/kernel.dir/timer.c.gcda
  --> fname    /home/cto/zephyrproject/zephyr/include/zephyr/sys/dlist.h
(DEBUG) Check if /home/cto/zephyrproject/zephyr/include/zephyr/sys/dlist.h is included (source file)...
(DEBUG) --> File is excluded.
(DEBUG) Check if /home/cto/zephyrproject/zephyr-course/twister-out/timeout_q.h##a95b2b01f7e434a2400daebfad8ed345.gcov is included (trace)...
(DEBUG) --> File is excluded.
(DEBUG) Finding source file corresponding to a gcov data file
  gcov_fname   /home/cto/zephyrproject/zephyr-course/twister-out/timeout_q.h##a95b2b01f7e434a2400daebfad8ed345.gcov
  current_dir  /home/cto/zephyrproject/zephyr-course/twister-out
  root         /home/cto/zephyrproject/zephyr-course/app/modules/ring_buf
  starting_dir /home/cto/zephyrproject/zephyr-course
  obj_dir      /home/cto/zephyrproject/zephyr-course/twister-out
  gcda_fname   native_sim_native/host_gnu/zephyr-course/tests/ring_buf/homework.unit.ring_buf/zephyr/kernel/CMakeFiles/kernel.dir/timer.c.gcda
  --> fname    /home/cto/zephyrproject/zephyr/kernel/include/timeout_q.h
(DEBUG) Check if /home/cto/zephyrproject/zephyr/kernel/include/timeout_q.h is included (source file)...
(DEBUG) --> File is excluded.
(DEBUG) Check if /home/cto/zephyrproject/zephyr-course/twister-out/wait_q.h##ded2ae2822159b780ea75cb59b2ee9ab.gcov is included (trace)...
(DEBUG) --> File is excluded.
(DEBUG) Finding source file corresponding to a gcov data file
  gcov_fname   /home/cto/zephyrproject/zephyr-course/twister-out/wait_q.h##ded2ae2822159b780ea75cb59b2ee9ab.gcov
  current_dir  /home/cto/zephyrproject/zephyr-course/twister-out
  root         /home/cto/zephyrproject/zephyr-course/app/modules/ring_buf
  starting_dir /home/cto/zephyrproject/zephyr-course
  obj_dir      /home/cto/zephyrproject/zephyr-course/twister-out
  gcda_fname   native_sim_native/host_gnu/zephyr-course/tests/ring_buf/homework.unit.ring_buf/zephyr/kernel/CMakeFiles/kernel.dir/timer.c.gcda
  --> fname    /home/cto/zephyrproject/zephyr/kernel/include/wait_q.h
(DEBUG) Check if /home/cto/zephyrproject/zephyr/kernel/include/wait_q.h is included (source file)...
(DEBUG) --> File is excluded.
(DEBUG) Check if /home/cto/zephyrproject/zephyr-course/twister-out/ksched.h##ed05a602fa65c69cb6663bf196ec30da.gcov is included (trace)...
(DEBUG) --> File is excluded.
(DEBUG) Finding source file corresponding to a gcov data file
  gcov_fname   /home/cto/zephyrproject/zephyr-course/twister-out/ksched.h##ed05a602fa65c69cb6663bf196ec30da.gcov
  current_dir  /home/cto/zephyrproject/zephyr-course/twister-out
  root         /home/cto/zephyrproject/zephyr-course/app/modules/ring_buf
  starting_dir /home/cto/zephyrproject/zephyr-course
  obj_dir      /home/cto/zephyrproject/zephyr-course/twister-out
  gcda_fname   native_sim_native/host_gnu/zephyr-course/tests/ring_buf/homework.unit.ring_buf/zephyr/kernel/CMakeFiles/kernel.dir/timer.c.gcda
  --> fname    /home/cto/zephyrproject/zephyr/kernel/include/ksched.h
(DEBUG) Check if /home/cto/zephyrproject/zephyr/kernel/include/ksched.h is included (source file)...
(DEBUG) --> File is excluded.
(DEBUG) Check if /home/cto/zephyrproject/zephyr-course/twister-out/kernel_arch_func.h##abfef9e7d3ad40b2d908e530356295bd.gcov is included (trace)...
(DEBUG) --> File is excluded.
(DEBUG) Finding source file corresponding to a gcov data file
  gcov_fname   /home/cto/zephyrproject/zephyr-course/twister-out/kernel_arch_func.h##abfef9e7d3ad40b2d908e530356295bd.gcov
  current_dir  /home/cto/zephyrproject/zephyr-course/twister-out
  root         /home/cto/zephyrproject/zephyr-course/app/modules/ring_buf
  starting_dir /home/cto/zephyrproject/zephyr-course
  obj_dir      /home/cto/zephyrproject/zephyr-course/twister-out
  gcda_fname   native_sim_native/host_gnu/zephyr-course/tests/ring_buf/homework.unit.ring_buf/zephyr/kernel/CMakeFiles/kernel.dir/timer.c.gcda
  --> fname    /home/cto/zephyrproject/zephyr/arch/posix/include/kernel_arch_func.h
(DEBUG) Check if /home/cto/zephyrproject/zephyr/arch/posix/include/kernel_arch_func.h is included (source file)...
(DEBUG) --> File is excluded.
(DEBUG) Check if /home/cto/zephyrproject/zephyr-course/twister-out/native_sim_native/host_gnu/zephyr-course/tests/ring_buf/homework.unit.ring_buf/zephyr/kernel/CMakeFiles/kernel.dir/timeslicing.c.gcda is included (trace)...
(DEBUG)   No filter matched.
(DEBUG) --> File is excluded.
(DEBUG) Check if /home/cto/zephyrproject/zephyr-course/twister-out/native_sim_native/host_gnu/zephyr-course/tests/ring_buf/homework.unit.ring_buf/zephyr/kernel/CMakeFiles/kernel.dir/timeslicing.c.gcda is included (trace)...
(DEBUG) --> File is excluded.
(DEBUG) Check if timeslicing.c##89de425cecdaf91a4e887d1a1a6d63f0.gcov is included (gcov file)...
(DEBUG)   Filter AlwaysMatchFilter() matched.
(DEBUG) --> File is included.
(DEBUG) Check if ksched.h##ed05a602fa65c69cb6663bf196ec30da.gcov is included (gcov file)...
(DEBUG) --> File is included.
(DEBUG) Check if kthread.h##dd2da6b097956e25ca6725b2474a3e43.gcov is included (gcov file)...
(DEBUG) --> File is included.
(DEBUG) Check if spinlock.h##7a9625cd30eeacafc44455d74d611b1c.gcov is included (gcov file)...
(DEBUG) --> File is included.
(DEBUG) Check if arch.h##cd3ec459a8a675a723e815b63d40d361.gcov is included (gcov file)...
(DEBUG) --> File is included.
(DEBUG) Check if /home/cto/zephyrproject/zephyr-course/twister-out/ksched.h##ed05a602fa65c69cb6663bf196ec30da.gcov is included (trace)...
(DEBUG) --> File is excluded.
(DEBUG) Finding source file corresponding to a gcov data file
  gcov_fname   /home/cto/zephyrproject/zephyr-course/twister-out/ksched.h##ed05a602fa65c69cb6663bf196ec30da.gcov
  current_dir  /home/cto/zephyrproject/zephyr-course/twister-out
  root         /home/cto/zephyrproject/zephyr-course/app/modules/ring_buf
  starting_dir /home/cto/zephyrproject/zephyr-course
  obj_dir      /home/cto/zephyrproject/zephyr-course/twister-out
  gcda_fname   native_sim_native/host_gnu/zephyr-course/tests/ring_buf/homework.unit.ring_buf/zephyr/kernel/CMakeFiles/kernel.dir/timeslicing.c.gcda
  --> fname    /home/cto/zephyrproject/zephyr/kernel/include/ksched.h
(DEBUG) Check if /home/cto/zephyrproject/zephyr/kernel/include/ksched.h is included (source file)...
(DEBUG) --> File is excluded.
(DEBUG) Check if /home/cto/zephyrproject/zephyr-course/twister-out/timeslicing.c##89de425cecdaf91a4e887d1a1a6d63f0.gcov is included (trace)...
(DEBUG)   No filter matched.
(DEBUG) --> File is excluded.
(DEBUG) Finding source file corresponding to a gcov data file
  gcov_fname   /home/cto/zephyrproject/zephyr-course/twister-out/timeslicing.c##89de425cecdaf91a4e887d1a1a6d63f0.gcov
  current_dir  /home/cto/zephyrproject/zephyr-course/twister-out
  root         /home/cto/zephyrproject/zephyr-course/app/modules/ring_buf
  starting_dir /home/cto/zephyrproject/zephyr-course
  obj_dir      /home/cto/zephyrproject/zephyr-course/twister-out
  gcda_fname   native_sim_native/host_gnu/zephyr-course/tests/ring_buf/homework.unit.ring_buf/zephyr/kernel/CMakeFiles/kernel.dir/timeslicing.c.gcda
  --> fname    /home/cto/zephyrproject/zephyr/kernel/timeslicing.c
(DEBUG) Check if /home/cto/zephyrproject/zephyr/kernel/timeslicing.c is included (source file)...
(DEBUG)   No filter matched.
(DEBUG) --> File is excluded.
(DEBUG) Check if /home/cto/zephyrproject/zephyr-course/twister-out/kthread.h##dd2da6b097956e25ca6725b2474a3e43.gcov is included (trace)...
(DEBUG) --> File is excluded.
(DEBUG) Finding source file corresponding to a gcov data file
  gcov_fname   /home/cto/zephyrproject/zephyr-course/twister-out/kthread.h##dd2da6b097956e25ca6725b2474a3e43.gcov
  current_dir  /home/cto/zephyrproject/zephyr-course/twister-out
  root         /home/cto/zephyrproject/zephyr-course/app/modules/ring_buf
  starting_dir /home/cto/zephyrproject/zephyr-course
  obj_dir      /home/cto/zephyrproject/zephyr-course/twister-out
  gcda_fname   native_sim_native/host_gnu/zephyr-course/tests/ring_buf/homework.unit.ring_buf/zephyr/kernel/CMakeFiles/kernel.dir/timeslicing.c.gcda
  --> fname    /home/cto/zephyrproject/zephyr/kernel/include/kthread.h
(DEBUG) Check if /home/cto/zephyrproject/zephyr/kernel/include/kthread.h is included (source file)...
(DEBUG) --> File is excluded.
(DEBUG) Check if /home/cto/zephyrproject/zephyr-course/twister-out/spinlock.h##7a9625cd30eeacafc44455d74d611b1c.gcov is included (trace)...
(DEBUG) --> File is excluded.
(DEBUG) Finding source file corresponding to a gcov data file
  gcov_fname   /home/cto/zephyrproject/zephyr-course/twister-out/spinlock.h##7a9625cd30eeacafc44455d74d611b1c.gcov
  current_dir  /home/cto/zephyrproject/zephyr-course/twister-out
  root         /home/cto/zephyrproject/zephyr-course/app/modules/ring_buf
  starting_dir /home/cto/zephyrproject/zephyr-course
  obj_dir      /home/cto/zephyrproject/zephyr-course/twister-out
  gcda_fname   native_sim_native/host_gnu/zephyr-course/tests/ring_buf/homework.unit.ring_buf/zephyr/kernel/CMakeFiles/kernel.dir/timeslicing.c.gcda
  --> fname    /home/cto/zephyrproject/zephyr/include/zephyr/spinlock.h
(DEBUG) Check if /home/cto/zephyrproject/zephyr/include/zephyr/spinlock.h is included (source file)...
(DEBUG) --> File is excluded.
(DEBUG) Check if /home/cto/zephyrproject/zephyr-course/twister-out/arch.h##cd3ec459a8a675a723e815b63d40d361.gcov is included (trace)...
(DEBUG) --> File is excluded.
(DEBUG) Finding source file corresponding to a gcov data file
  gcov_fname   /home/cto/zephyrproject/zephyr-course/twister-out/arch.h##cd3ec459a8a675a723e815b63d40d361.gcov
  current_dir  /home/cto/zephyrproject/zephyr-course/twister-out
  root         /home/cto/zephyrproject/zephyr-course/app/modules/ring_buf
  starting_dir /home/cto/zephyrproject/zephyr-course
  obj_dir      /home/cto/zephyrproject/zephyr-course/twister-out
  gcda_fname   native_sim_native/host_gnu/zephyr-course/tests/ring_buf/homework.unit.ring_buf/zephyr/kernel/CMakeFiles/kernel.dir/timeslicing.c.gcda
  --> fname    /home/cto/zephyrproject/zephyr/include/zephyr/arch/posix/arch.h
(DEBUG) Check if /home/cto/zephyrproject/zephyr/include/zephyr/arch/posix/arch.h is included (source file)...
(DEBUG) --> File is excluded.
(DEBUG) Check if /home/cto/zephyrproject/zephyr-course/twister-out/native_sim_native/host_gnu/zephyr-course/tests/ring_buf/homework.unit.ring_buf/zephyr/kernel/CMakeFiles/kernel.dir/version.c.gcno is included (trace)...
(DEBUG)   No filter matched.
(DEBUG) --> File is excluded.
(DEBUG) Check if /home/cto/zephyrproject/zephyr-course/twister-out/native_sim_native/host_gnu/zephyr-course/tests/ring_buf/homework.unit.ring_buf/zephyr/kernel/CMakeFiles/kernel.dir/version.c.gcno is included (trace)...
(DEBUG) --> File is excluded.
(DEBUG) Check if version.c##2153f6dfcb493b24d40b8052142e1b1b.gcov is included (gcov file)...
(DEBUG)   Filter AlwaysMatchFilter() matched.
(DEBUG) --> File is included.
(DEBUG) Check if /home/cto/zephyrproject/zephyr-course/twister-out/version.c##2153f6dfcb493b24d40b8052142e1b1b.gcov is included (trace)...
(DEBUG)   No filter matched.
(DEBUG) --> File is excluded.
(DEBUG) Finding source file corresponding to a gcov data file
  gcov_fname   /home/cto/zephyrproject/zephyr-course/twister-out/version.c##2153f6dfcb493b24d40b8052142e1b1b.gcov
  current_dir  /home/cto/zephyrproject/zephyr-course/twister-out
  root         /home/cto/zephyrproject/zephyr-course/app/modules/ring_buf
  starting_dir /home/cto/zephyrproject/zephyr-course
  obj_dir      /home/cto/zephyrproject/zephyr-course/twister-out
  gcda_fname   native_sim_native/host_gnu/zephyr-course/tests/ring_buf/homework.unit.ring_buf/zephyr/kernel/CMakeFiles/kernel.dir/version.c.gcno
  --> fname    /home/cto/zephyrproject/zephyr/kernel/version.c
(DEBUG) Check if /home/cto/zephyrproject/zephyr/kernel/version.c is included (source file)...
(DEBUG)   No filter matched.
(DEBUG) --> File is excluded.
(DEBUG) Check if /home/cto/zephyrproject/zephyr-course/twister-out/native_sim_native/host_gnu/zephyr-course/tests/ring_buf/homework.unit.ring_buf/zephyr/kernel/CMakeFiles/kernel.dir/work.c.gcno is included (trace)...
(DEBUG)   No filter matched.
(DEBUG) --> File is excluded.
(DEBUG) Check if /home/cto/zephyrproject/zephyr-course/twister-out/native_sim_native/host_gnu/zephyr-course/tests/ring_buf/homework.unit.ring_buf/zephyr/kernel/CMakeFiles/kernel.dir/work.c.gcno is included (trace)...
(DEBUG) --> File is excluded.
(DEBUG) Check if work.c##17beea39525efbad2a3fb9cf3124516c.gcov is included (gcov file)...
(DEBUG)   Filter AlwaysMatchFilter() matched.
(DEBUG) --> File is included.
(DEBUG) Check if ksched.h##ed05a602fa65c69cb6663bf196ec30da.gcov is included (gcov file)...
(DEBUG) --> File is included.
(DEBUG) Check if kthread.h##dd2da6b097956e25ca6725b2474a3e43.gcov is included (gcov file)...
(DEBUG) --> File is included.
(DEBUG) Check if wait_q.h##ded2ae2822159b780ea75cb59b2ee9ab.gcov is included (gcov file)...
(DEBUG) --> File is included.
(DEBUG) Check if timeout_q.h##a95b2b01f7e434a2400daebfad8ed345.gcov is included (gcov file)...
(DEBUG) --> File is included.
(DEBUG) Check if kernel.h##a43b07f35530a2575a8767c959abd1d5.gcov is included (gcov file)...
(DEBUG) --> File is included.
(DEBUG) Check if kernel.h##3d600634decb40355467717e98cbaefe.gcov is included (gcov file)...
(DEBUG) --> File is included.
(DEBUG) Check if spinlock.h##7a9625cd30eeacafc44455d74d611b1c.gcov is included (gcov file)...
(DEBUG) --> File is included.
(DEBUG) Check if arch.h##cd3ec459a8a675a723e815b63d40d361.gcov is included (gcov file)...
(DEBUG) --> File is included.
(DEBUG) Check if slist.h##7b95aa3c0698bfea51ac3ed14efb4063.gcov is included (gcov file)...
(DEBUG) --> File is included.
(DEBUG) Check if dlist.h##433b9b986dcbf92abddbed41f2b435fa.gcov is included (gcov file)...
(DEBUG) --> File is included.
(DEBUG) Check if /home/cto/zephyrproject/zephyr-course/twister-out/arch.h##cd3ec459a8a675a723e815b63d40d361.gcov is included (trace)...
(DEBUG) --> File is excluded.
(DEBUG) Finding source file corresponding to a gcov data file
  gcov_fname   /home/cto/zephyrproject/zephyr-course/twister-out/arch.h##cd3ec459a8a675a723e815b63d40d361.gcov
  current_dir  /home/cto/zephyrproject/zephyr-course/twister-out
  root         /home/cto/zephyrproject/zephyr-course/app/modules/ring_buf
  starting_dir /home/cto/zephyrproject/zephyr-course
  obj_dir      /home/cto/zephyrproject/zephyr-course/twister-out
  gcda_fname   native_sim_native/host_gnu/zephyr-course/tests/ring_buf/homework.unit.ring_buf/zephyr/kernel/CMakeFiles/kernel.dir/work.c.gcno
  --> fname    /home/cto/zephyrproject/zephyr/include/zephyr/arch/posix/arch.h
(DEBUG) Check if /home/cto/zephyrproject/zephyr/include/zephyr/arch/posix/arch.h is included (source file)...
(DEBUG) --> File is excluded.
(DEBUG) Check if /home/cto/zephyrproject/zephyr-course/twister-out/kernel.h##a43b07f35530a2575a8767c959abd1d5.gcov is included (trace)...
(DEBUG) --> File is excluded.
(DEBUG) Finding source file corresponding to a gcov data file
  gcov_fname   /home/cto/zephyrproject/zephyr-course/twister-out/kernel.h##a43b07f35530a2575a8767c959abd1d5.gcov
  current_dir  /home/cto/zephyrproject/zephyr-course/twister-out
  root         /home/cto/zephyrproject/zephyr-course/app/modules/ring_buf
  starting_dir /home/cto/zephyrproject/zephyr-course
  obj_dir      /home/cto/zephyrproject/zephyr-course/twister-out
  gcda_fname   native_sim_native/host_gnu/zephyr-course/tests/ring_buf/homework.unit.ring_buf/zephyr/kernel/CMakeFiles/kernel.dir/work.c.gcno
  --> fname    /home/cto/zephyrproject/zephyr-course/twister-out/native_sim_native/host_gnu/zephyr-course/tests/ring_buf/homework.unit.ring_buf/zephyr/include/generated/zephyr/syscalls/kernel.h
(DEBUG) Check if /home/cto/zephyrproject/zephyr-course/twister-out/native_sim_native/host_gnu/zephyr-course/tests/ring_buf/homework.unit.ring_buf/zephyr/include/generated/zephyr/syscalls/kernel.h is included (source file)...
(DEBUG) --> File is excluded.
(DEBUG) Check if /home/cto/zephyrproject/zephyr-course/twister-out/slist.h##7b95aa3c0698bfea51ac3ed14efb4063.gcov is included (trace)...
(DEBUG) --> File is excluded.
(DEBUG) Finding source file corresponding to a gcov data file
  gcov_fname   /home/cto/zephyrproject/zephyr-course/twister-out/slist.h##7b95aa3c0698bfea51ac3ed14efb4063.gcov
  current_dir  /home/cto/zephyrproject/zephyr-course/twister-out
  root         /home/cto/zephyrproject/zephyr-course/app/modules/ring_buf
  starting_dir /home/cto/zephyrproject/zephyr-course
  obj_dir      /home/cto/zephyrproject/zephyr-course/twister-out
  gcda_fname   native_sim_native/host_gnu/zephyr-course/tests/ring_buf/homework.unit.ring_buf/zephyr/kernel/CMakeFiles/kernel.dir/work.c.gcno
  --> fname    /home/cto/zephyrproject/zephyr/include/zephyr/sys/slist.h
(DEBUG) Check if /home/cto/zephyrproject/zephyr/include/zephyr/sys/slist.h is included (source file)...
(DEBUG) --> File is excluded.
(DEBUG) Check if /home/cto/zephyrproject/zephyr-course/twister-out/spinlock.h##7a9625cd30eeacafc44455d74d611b1c.gcov is included (trace)...
(DEBUG) --> File is excluded.
(DEBUG) Finding source file corresponding to a gcov data file
  gcov_fname   /home/cto/zephyrproject/zephyr-course/twister-out/spinlock.h##7a9625cd30eeacafc44455d74d611b1c.gcov
  current_dir  /home/cto/zephyrproject/zephyr-course/twister-out
  root         /home/cto/zephyrproject/zephyr-course/app/modules/ring_buf
  starting_dir /home/cto/zephyrproject/zephyr-course
  obj_dir      /home/cto/zephyrproject/zephyr-course/twister-out
  gcda_fname   native_sim_native/host_gnu/zephyr-course/tests/ring_buf/homework.unit.ring_buf/zephyr/kernel/CMakeFiles/kernel.dir/work.c.gcno
  --> fname    /home/cto/zephyrproject/zephyr/include/zephyr/spinlock.h
(DEBUG) Check if /home/cto/zephyrproject/zephyr/include/zephyr/spinlock.h is included (source file)...
(DEBUG) --> File is excluded.
(DEBUG) Check if /home/cto/zephyrproject/zephyr-course/twister-out/dlist.h##433b9b986dcbf92abddbed41f2b435fa.gcov is included (trace)...
(DEBUG) --> File is excluded.
(DEBUG) Finding source file corresponding to a gcov data file
  gcov_fname   /home/cto/zephyrproject/zephyr-course/twister-out/dlist.h##433b9b986dcbf92abddbed41f2b435fa.gcov
  current_dir  /home/cto/zephyrproject/zephyr-course/twister-out
  root         /home/cto/zephyrproject/zephyr-course/app/modules/ring_buf
  starting_dir /home/cto/zephyrproject/zephyr-course
  obj_dir      /home/cto/zephyrproject/zephyr-course/twister-out
  gcda_fname   native_sim_native/host_gnu/zephyr-course/tests/ring_buf/homework.unit.ring_buf/zephyr/kernel/CMakeFiles/kernel.dir/work.c.gcno
  --> fname    /home/cto/zephyrproject/zephyr/include/zephyr/sys/dlist.h
(DEBUG) Check if /home/cto/zephyrproject/zephyr/include/zephyr/sys/dlist.h is included (source file)...
(DEBUG) --> File is excluded.
(DEBUG) Check if /home/cto/zephyrproject/zephyr-course/twister-out/timeout_q.h##a95b2b01f7e434a2400daebfad8ed345.gcov is included (trace)...
(DEBUG) --> File is excluded.
(DEBUG) Finding source file corresponding to a gcov data file
  gcov_fname   /home/cto/zephyrproject/zephyr-course/twister-out/timeout_q.h##a95b2b01f7e434a2400daebfad8ed345.gcov
  current_dir  /home/cto/zephyrproject/zephyr-course/twister-out
  root         /home/cto/zephyrproject/zephyr-course/app/modules/ring_buf
  starting_dir /home/cto/zephyrproject/zephyr-course
  obj_dir      /home/cto/zephyrproject/zephyr-course/twister-out
  gcda_fname   native_sim_native/host_gnu/zephyr-course/tests/ring_buf/homework.unit.ring_buf/zephyr/kernel/CMakeFiles/kernel.dir/work.c.gcno
  --> fname    /home/cto/zephyrproject/zephyr/kernel/include/timeout_q.h
(DEBUG) Check if /home/cto/zephyrproject/zephyr/kernel/include/timeout_q.h is included (source file)...
(DEBUG) --> File is excluded.
(DEBUG) Check if /home/cto/zephyrproject/zephyr-course/twister-out/kthread.h##dd2da6b097956e25ca6725b2474a3e43.gcov is included (trace)...
(DEBUG) --> File is excluded.
(DEBUG) Finding source file corresponding to a gcov data file
  gcov_fname   /home/cto/zephyrproject/zephyr-course/twister-out/kthread.h##dd2da6b097956e25ca6725b2474a3e43.gcov
  current_dir  /home/cto/zephyrproject/zephyr-course/twister-out
  root         /home/cto/zephyrproject/zephyr-course/app/modules/ring_buf
  starting_dir /home/cto/zephyrproject/zephyr-course
  obj_dir      /home/cto/zephyrproject/zephyr-course/twister-out
  gcda_fname   native_sim_native/host_gnu/zephyr-course/tests/ring_buf/homework.unit.ring_buf/zephyr/kernel/CMakeFiles/kernel.dir/work.c.gcno
  --> fname    /home/cto/zephyrproject/zephyr/kernel/include/kthread.h
(DEBUG) Check if /home/cto/zephyrproject/zephyr/kernel/include/kthread.h is included (source file)...
(DEBUG) --> File is excluded.
(DEBUG) Check if /home/cto/zephyrproject/zephyr-course/twister-out/work.c##17beea39525efbad2a3fb9cf3124516c.gcov is included (trace)...
(DEBUG)   No filter matched.
(DEBUG) --> File is excluded.
(DEBUG) Finding source file corresponding to a gcov data file
  gcov_fname   /home/cto/zephyrproject/zephyr-course/twister-out/work.c##17beea39525efbad2a3fb9cf3124516c.gcov
  current_dir  /home/cto/zephyrproject/zephyr-course/twister-out
  root         /home/cto/zephyrproject/zephyr-course/app/modules/ring_buf
  starting_dir /home/cto/zephyrproject/zephyr-course
  obj_dir      /home/cto/zephyrproject/zephyr-course/twister-out
  gcda_fname   native_sim_native/host_gnu/zephyr-course/tests/ring_buf/homework.unit.ring_buf/zephyr/kernel/CMakeFiles/kernel.dir/work.c.gcno
  --> fname    /home/cto/zephyrproject/zephyr/kernel/work.c
(DEBUG) Check if /home/cto/zephyrproject/zephyr/kernel/work.c is included (source file)...
(DEBUG)   No filter matched.
(DEBUG) --> File is excluded.
(DEBUG) Check if /home/cto/zephyrproject/zephyr-course/twister-out/wait_q.h##ded2ae2822159b780ea75cb59b2ee9ab.gcov is included (trace)...
(DEBUG) --> File is excluded.
(DEBUG) Finding source file corresponding to a gcov data file
  gcov_fname   /home/cto/zephyrproject/zephyr-course/twister-out/wait_q.h##ded2ae2822159b780ea75cb59b2ee9ab.gcov
  current_dir  /home/cto/zephyrproject/zephyr-course/twister-out
  root         /home/cto/zephyrproject/zephyr-course/app/modules/ring_buf
  starting_dir /home/cto/zephyrproject/zephyr-course
  obj_dir      /home/cto/zephyrproject/zephyr-course/twister-out
  gcda_fname   native_sim_native/host_gnu/zephyr-course/tests/ring_buf/homework.unit.ring_buf/zephyr/kernel/CMakeFiles/kernel.dir/work.c.gcno
  --> fname    /home/cto/zephyrproject/zephyr/kernel/include/wait_q.h
(DEBUG) Check if /home/cto/zephyrproject/zephyr/kernel/include/wait_q.h is included (source file)...
(DEBUG) --> File is excluded.
(DEBUG) Check if /home/cto/zephyrproject/zephyr-course/twister-out/ksched.h##ed05a602fa65c69cb6663bf196ec30da.gcov is included (trace)...
(DEBUG) --> File is excluded.
(DEBUG) Finding source file corresponding to a gcov data file
  gcov_fname   /home/cto/zephyrproject/zephyr-course/twister-out/ksched.h##ed05a602fa65c69cb6663bf196ec30da.gcov
  current_dir  /home/cto/zephyrproject/zephyr-course/twister-out
  root         /home/cto/zephyrproject/zephyr-course/app/modules/ring_buf
  starting_dir /home/cto/zephyrproject/zephyr-course
  obj_dir      /home/cto/zephyrproject/zephyr-course/twister-out
  gcda_fname   native_sim_native/host_gnu/zephyr-course/tests/ring_buf/homework.unit.ring_buf/zephyr/kernel/CMakeFiles/kernel.dir/work.c.gcno
  --> fname    /home/cto/zephyrproject/zephyr/kernel/include/ksched.h
(DEBUG) Check if /home/cto/zephyrproject/zephyr/kernel/include/ksched.h is included (source file)...
(DEBUG) --> File is excluded.
(DEBUG) Check if /home/cto/zephyrproject/zephyr-course/twister-out/kernel.h##3d600634decb40355467717e98cbaefe.gcov is included (trace)...
(DEBUG) --> File is excluded.
(DEBUG) Finding source file corresponding to a gcov data file
  gcov_fname   /home/cto/zephyrproject/zephyr-course/twister-out/kernel.h##3d600634decb40355467717e98cbaefe.gcov
  current_dir  /home/cto/zephyrproject/zephyr-course/twister-out
  root         /home/cto/zephyrproject/zephyr-course/app/modules/ring_buf
  starting_dir /home/cto/zephyrproject/zephyr-course
  obj_dir      /home/cto/zephyrproject/zephyr-course/twister-out
  gcda_fname   native_sim_native/host_gnu/zephyr-course/tests/ring_buf/homework.unit.ring_buf/zephyr/kernel/CMakeFiles/kernel.dir/work.c.gcno
  --> fname    /home/cto/zephyrproject/zephyr/include/zephyr/kernel.h
(DEBUG) Check if /home/cto/zephyrproject/zephyr/include/zephyr/kernel.h is included (source file)...
(DEBUG) --> File is excluded.
(DEBUG) Check if /home/cto/zephyrproject/zephyr-course/twister-out/native_sim_native/host_gnu/zephyr-course/tests/ring_buf/homework.unit.ring_buf/zephyr/lib/heap/CMakeFiles/heap_constants.dir/heap_constants.c.gcno is included (trace)...
(DEBUG)   No filter matched.
(DEBUG) --> File is excluded.
(DEBUG) Check if /home/cto/zephyrproject/zephyr-course/twister-out/native_sim_native/host_gnu/zephyr-course/tests/ring_buf/homework.unit.ring_buf/zephyr/lib/heap/CMakeFiles/heap_constants.dir/heap_constants.c.gcno is included (trace)...
(DEBUG) --> File is excluded.
(DEBUG) Check if heap_constants.c##8428da95afd725ec2cd8e1bdf1169f84.gcov is included (gcov file)...
(DEBUG)   Filter AlwaysMatchFilter() matched.
(DEBUG) --> File is included.
(DEBUG) Check if /home/cto/zephyrproject/zephyr-course/twister-out/heap_constants.c##8428da95afd725ec2cd8e1bdf1169f84.gcov is included (trace)...
(DEBUG)   No filter matched.
(DEBUG) --> File is excluded.
(DEBUG) Finding source file corresponding to a gcov data file
  gcov_fname   /home/cto/zephyrproject/zephyr-course/twister-out/heap_constants.c##8428da95afd725ec2cd8e1bdf1169f84.gcov
  current_dir  /home/cto/zephyrproject/zephyr-course/twister-out
  root         /home/cto/zephyrproject/zephyr-course/app/modules/ring_buf
  starting_dir /home/cto/zephyrproject/zephyr-course
  obj_dir      /home/cto/zephyrproject/zephyr-course/twister-out
  gcda_fname   native_sim_native/host_gnu/zephyr-course/tests/ring_buf/homework.unit.ring_buf/zephyr/lib/heap/CMakeFiles/heap_constants.dir/heap_constants.c.gcno
  --> fname    /home/cto/zephyrproject/zephyr/lib/heap/heap_constants.c
(DEBUG) Check if /home/cto/zephyrproject/zephyr/lib/heap/heap_constants.c is included (source file)...
(DEBUG)   No filter matched.
(DEBUG) --> File is excluded.
(DEBUG) Check if /home/cto/zephyrproject/zephyr-course/twister-out/native_sim_native/host_gnu/zephyr-course/tests/ring_buf/homework.unit.ring_buf/zephyr/soc/soc/native/CMakeFiles/soc__native__inf_clock.dir/native_remap.c.gcda is included (trace)...
(DEBUG)   No filter matched.
(DEBUG) --> File is excluded.
(DEBUG) Check if /home/cto/zephyrproject/zephyr-course/twister-out/native_sim_native/host_gnu/zephyr-course/tests/ring_buf/homework.unit.ring_buf/zephyr/soc/soc/native/CMakeFiles/soc__native__inf_clock.dir/native_remap.c.gcda is included (trace)...
(DEBUG) --> File is excluded.
(DEBUG) Check if native_remap.c##79b28dd82927820b97c38442d7b314fc.gcov is included (gcov file)...
(DEBUG)   Filter AlwaysMatchFilter() matched.
(DEBUG) --> File is included.
(DEBUG) Check if /home/cto/zephyrproject/zephyr-course/twister-out/native_remap.c##79b28dd82927820b97c38442d7b314fc.gcov is included (trace)...
(DEBUG)   No filter matched.
(DEBUG) --> File is excluded.
(DEBUG) Finding source file corresponding to a gcov data file
  gcov_fname   /home/cto/zephyrproject/zephyr-course/twister-out/native_remap.c##79b28dd82927820b97c38442d7b314fc.gcov
  current_dir  /home/cto/zephyrproject/zephyr-course/twister-out
  root         /home/cto/zephyrproject/zephyr-course/app/modules/ring_buf
  starting_dir /home/cto/zephyrproject/zephyr-course
  obj_dir      /home/cto/zephyrproject/zephyr-course/twister-out
  gcda_fname   native_sim_native/host_gnu/zephyr-course/tests/ring_buf/homework.unit.ring_buf/zephyr/soc/soc/native/CMakeFiles/soc__native__inf_clock.dir/native_remap.c.gcda
  --> fname    /home/cto/zephyrproject/zephyr/soc/native/inf_clock/native_remap.c
(DEBUG) Check if /home/cto/zephyrproject/zephyr/soc/native/inf_clock/native_remap.c is included (source file)...
(DEBUG)   No filter matched.
(DEBUG) --> File is excluded.
(DEBUG) Check if /home/cto/zephyrproject/zephyr-course/twister-out/native_sim_native/host_gnu/zephyr-course/tests/ring_buf/homework.unit.ring_buf/zephyr/soc/soc/native/CMakeFiles/soc__native__inf_clock.dir/native_tasks.c.gcda is included (trace)...
(DEBUG)   No filter matched.
(DEBUG) --> File is excluded.
(DEBUG) Check if /home/cto/zephyrproject/zephyr-course/twister-out/native_sim_native/host_gnu/zephyr-course/tests/ring_buf/homework.unit.ring_buf/zephyr/soc/soc/native/CMakeFiles/soc__native__inf_clock.dir/native_tasks.c.gcda is included (trace)...
(DEBUG) --> File is excluded.
(DEBUG) Check if native_tasks.c##6b946f897e12241cc321e10c5c1737d2.gcov is included (gcov file)...
(DEBUG)   Filter AlwaysMatchFilter() matched.
(DEBUG) --> File is included.
(DEBUG) Check if /home/cto/zephyrproject/zephyr-course/twister-out/native_tasks.c##6b946f897e12241cc321e10c5c1737d2.gcov is included (trace)...
(DEBUG)   No filter matched.
(DEBUG) --> File is excluded.
(DEBUG) Finding source file corresponding to a gcov data file
  gcov_fname   /home/cto/zephyrproject/zephyr-course/twister-out/native_tasks.c##6b946f897e12241cc321e10c5c1737d2.gcov
  current_dir  /home/cto/zephyrproject/zephyr-course/twister-out
  root         /home/cto/zephyrproject/zephyr-course/app/modules/ring_buf
  starting_dir /home/cto/zephyrproject/zephyr-course
  obj_dir      /home/cto/zephyrproject/zephyr-course/twister-out
  gcda_fname   native_sim_native/host_gnu/zephyr-course/tests/ring_buf/homework.unit.ring_buf/zephyr/soc/soc/native/CMakeFiles/soc__native__inf_clock.dir/native_tasks.c.gcda
  --> fname    /home/cto/zephyrproject/zephyr/soc/native/inf_clock/native_tasks.c
(DEBUG) Check if /home/cto/zephyrproject/zephyr/soc/native/inf_clock/native_tasks.c is included (source file)...
(DEBUG)   No filter matched.
(DEBUG) --> File is excluded.
(DEBUG) Check if /home/cto/zephyrproject/zephyr-course/twister-out/native_sim_native/host_gnu/zephyr-course/tests/ring_buf/homework.unit.ring_buf/zephyr/soc/soc/native/CMakeFiles/soc__native__inf_clock.dir/soc.c.gcda is included (trace)...
(DEBUG)   No filter matched.
(DEBUG) --> File is excluded.
(DEBUG) Check if /home/cto/zephyrproject/zephyr-course/twister-out/native_sim_native/host_gnu/zephyr-course/tests/ring_buf/homework.unit.ring_buf/zephyr/soc/soc/native/CMakeFiles/soc__native__inf_clock.dir/soc.c.gcda is included (trace)...
(DEBUG) --> File is excluded.
(DEBUG) Check if soc.c##8b9073fd278589e3df12c1eacbcb52e8.gcov is included (gcov file)...
(DEBUG)   Filter AlwaysMatchFilter() matched.
(DEBUG) --> File is included.
(DEBUG) Check if /home/cto/zephyrproject/zephyr-course/twister-out/soc.c##8b9073fd278589e3df12c1eacbcb52e8.gcov is included (trace)...
(DEBUG)   No filter matched.
(DEBUG) --> File is excluded.
(DEBUG) Finding source file corresponding to a gcov data file
  gcov_fname   /home/cto/zephyrproject/zephyr-course/twister-out/soc.c##8b9073fd278589e3df12c1eacbcb52e8.gcov
  current_dir  /home/cto/zephyrproject/zephyr-course/twister-out
  root         /home/cto/zephyrproject/zephyr-course/app/modules/ring_buf
  starting_dir /home/cto/zephyrproject/zephyr-course
  obj_dir      /home/cto/zephyrproject/zephyr-course/twister-out
  gcda_fname   native_sim_native/host_gnu/zephyr-course/tests/ring_buf/homework.unit.ring_buf/zephyr/soc/soc/native/CMakeFiles/soc__native__inf_clock.dir/soc.c.gcda
  --> fname    /home/cto/zephyrproject/zephyr/soc/native/inf_clock/soc.c
(DEBUG) Check if /home/cto/zephyrproject/zephyr/soc/native/inf_clock/soc.c is included (source file)...
(DEBUG)   No filter matched.
(DEBUG) --> File is excluded.
(DEBUG) Check if /home/cto/zephyrproject/zephyr-course/twister-out/native_sim_native/host_gnu/zephyr-course/tests/ring_buf/homework.unit.ring_buf/zephyr/subsys/testsuite/ztest/CMakeFiles/subsys__testsuite__ztest.dir/src/ztest.c.gcda is included (trace)...
(DEBUG)   No filter matched.
(DEBUG) --> File is excluded.
(DEBUG) Check if /home/cto/zephyrproject/zephyr-course/twister-out/native_sim_native/host_gnu/zephyr-course/tests/ring_buf/homework.unit.ring_buf/zephyr/subsys/testsuite/ztest/CMakeFiles/subsys__testsuite__ztest.dir/src/ztest.c.gcda is included (trace)...
(DEBUG) --> File is excluded.
(DEBUG) Check if ztest.c##c0226ef181e54d3bc2ea916c321d1326.gcov is included (gcov file)...
(DEBUG)   Filter AlwaysMatchFilter() matched.
(DEBUG) --> File is included.
(DEBUG) Check if ztest_test.h##c136ad3957ca69331685f474d9038c04.gcov is included (gcov file)...
(DEBUG)   Filter AlwaysMatchFilter() matched.
(DEBUG) --> File is included.
(DEBUG) Check if log_ctrl.h##1808f1c718a8e219f354e30a1a0343ff.gcov is included (gcov file)...
(DEBUG) --> File is included.
(DEBUG) Check if log_ctrl.h##abfaa052df9f9b35cfe83166e40569ed.gcov is included (gcov file)...
(DEBUG)   Filter AlwaysMatchFilter() matched.
(DEBUG) --> File is included.
(DEBUG) Check if tc_util.h##f5733f31580d36acea3eac92fcb5d2b8.gcov is included (gcov file)...
(DEBUG)   Filter AlwaysMatchFilter() matched.
(DEBUG) --> File is included.
(DEBUG) Check if kernel.h##a43b07f35530a2575a8767c959abd1d5.gcov is included (gcov file)...
(DEBUG) --> File is included.
(DEBUG) Check if kernel.h##3d600634decb40355467717e98cbaefe.gcov is included (gcov file)...
(DEBUG) --> File is included.
(DEBUG) Check if kobject.h##644e0edc4424b511569c576a172bfc1b.gcov is included (gcov file)...
(DEBUG)   Filter AlwaysMatchFilter() matched.
(DEBUG) --> File is included.
(DEBUG) Check if kobject.h##7cbc9c423fac0930e69579b868aae736.gcov is included (gcov file)...
(DEBUG)   Filter AlwaysMatchFilter() matched.
(DEBUG) --> File is included.
(DEBUG) Check if arch.h##cd3ec459a8a675a723e815b63d40d361.gcov is included (gcov file)...
(DEBUG) --> File is included.
(DEBUG) Check if syscall.h##6ebecfa30a736fd9ba1c825de8f2f8af.gcov is included (gcov file)...
(DEBUG) --> File is included.
(DEBUG) Check if /home/cto/zephyrproject/zephyr-course/twister-out/kobject.h##7cbc9c423fac0930e69579b868aae736.gcov is included (trace)...
(DEBUG)   No filter matched.
(DEBUG) --> File is excluded.
(DEBUG) Finding source file corresponding to a gcov data file
  gcov_fname   /home/cto/zephyrproject/zephyr-course/twister-out/kobject.h##7cbc9c423fac0930e69579b868aae736.gcov
  current_dir  /home/cto/zephyrproject/zephyr-course/twister-out
  root         /home/cto/zephyrproject/zephyr-course/app/modules/ring_buf
  starting_dir /home/cto/zephyrproject/zephyr-course
  obj_dir      /home/cto/zephyrproject/zephyr-course/twister-out
  gcda_fname   native_sim_native/host_gnu/zephyr-course/tests/ring_buf/homework.unit.ring_buf/zephyr/subsys/testsuite/ztest/CMakeFiles/subsys__testsuite__ztest.dir/src/ztest.c.gcda
  --> fname    /home/cto/zephyrproject/zephyr/include/zephyr/sys/kobject.h
(DEBUG) Check if /home/cto/zephyrproject/zephyr/include/zephyr/sys/kobject.h is included (source file)...
(DEBUG)   No filter matched.
(DEBUG) --> File is excluded.
(DEBUG) Check if /home/cto/zephyrproject/zephyr-course/twister-out/log_ctrl.h##abfaa052df9f9b35cfe83166e40569ed.gcov is included (trace)...
(DEBUG)   No filter matched.
(DEBUG) --> File is excluded.
(DEBUG) Finding source file corresponding to a gcov data file
  gcov_fname   /home/cto/zephyrproject/zephyr-course/twister-out/log_ctrl.h##abfaa052df9f9b35cfe83166e40569ed.gcov
  current_dir  /home/cto/zephyrproject/zephyr-course/twister-out
  root         /home/cto/zephyrproject/zephyr-course/app/modules/ring_buf
  starting_dir /home/cto/zephyrproject/zephyr-course
  obj_dir      /home/cto/zephyrproject/zephyr-course/twister-out
  gcda_fname   native_sim_native/host_gnu/zephyr-course/tests/ring_buf/homework.unit.ring_buf/zephyr/subsys/testsuite/ztest/CMakeFiles/subsys__testsuite__ztest.dir/src/ztest.c.gcda
  --> fname    /home/cto/zephyrproject/zephyr/include/zephyr/logging/log_ctrl.h
(DEBUG) Check if /home/cto/zephyrproject/zephyr/include/zephyr/logging/log_ctrl.h is included (source file)...
(DEBUG)   No filter matched.
(DEBUG) --> File is excluded.
(DEBUG) Check if /home/cto/zephyrproject/zephyr-course/twister-out/kernel.h##a43b07f35530a2575a8767c959abd1d5.gcov is included (trace)...
(DEBUG) --> File is excluded.
(DEBUG) Finding source file corresponding to a gcov data file
  gcov_fname   /home/cto/zephyrproject/zephyr-course/twister-out/kernel.h##a43b07f35530a2575a8767c959abd1d5.gcov
  current_dir  /home/cto/zephyrproject/zephyr-course/twister-out
  root         /home/cto/zephyrproject/zephyr-course/app/modules/ring_buf
  starting_dir /home/cto/zephyrproject/zephyr-course
  obj_dir      /home/cto/zephyrproject/zephyr-course/twister-out
  gcda_fname   native_sim_native/host_gnu/zephyr-course/tests/ring_buf/homework.unit.ring_buf/zephyr/subsys/testsuite/ztest/CMakeFiles/subsys__testsuite__ztest.dir/src/ztest.c.gcda
  --> fname    /home/cto/zephyrproject/zephyr-course/twister-out/native_sim_native/host_gnu/zephyr-course/tests/ring_buf/homework.unit.ring_buf/zephyr/include/generated/zephyr/syscalls/kernel.h
(DEBUG) Check if /home/cto/zephyrproject/zephyr-course/twister-out/native_sim_native/host_gnu/zephyr-course/tests/ring_buf/homework.unit.ring_buf/zephyr/include/generated/zephyr/syscalls/kernel.h is included (source file)...
(DEBUG) --> File is excluded.
(DEBUG) Check if /home/cto/zephyrproject/zephyr-course/twister-out/tc_util.h##f5733f31580d36acea3eac92fcb5d2b8.gcov is included (trace)...
(DEBUG)   No filter matched.
(DEBUG) --> File is excluded.
(DEBUG) Finding source file corresponding to a gcov data file
  gcov_fname   /home/cto/zephyrproject/zephyr-course/twister-out/tc_util.h##f5733f31580d36acea3eac92fcb5d2b8.gcov
  current_dir  /home/cto/zephyrproject/zephyr-course/twister-out
  root         /home/cto/zephyrproject/zephyr-course/app/modules/ring_buf
  starting_dir /home/cto/zephyrproject/zephyr-course
  obj_dir      /home/cto/zephyrproject/zephyr-course/twister-out
  gcda_fname   native_sim_native/host_gnu/zephyr-course/tests/ring_buf/homework.unit.ring_buf/zephyr/subsys/testsuite/ztest/CMakeFiles/subsys__testsuite__ztest.dir/src/ztest.c.gcda
  --> fname    /home/cto/zephyrproject/zephyr/subsys/testsuite/include/zephyr/tc_util.h
(DEBUG) Check if /home/cto/zephyrproject/zephyr/subsys/testsuite/include/zephyr/tc_util.h is included (source file)...
(DEBUG)   No filter matched.
(DEBUG) --> File is excluded.
(DEBUG) Check if /home/cto/zephyrproject/zephyr-course/twister-out/syscall.h##6ebecfa30a736fd9ba1c825de8f2f8af.gcov is included (trace)...
(DEBUG) --> File is excluded.
(DEBUG) Finding source file corresponding to a gcov data file
  gcov_fname   /home/cto/zephyrproject/zephyr-course/twister-out/syscall.h##6ebecfa30a736fd9ba1c825de8f2f8af.gcov
  current_dir  /home/cto/zephyrproject/zephyr-course/twister-out
  root         /home/cto/zephyrproject/zephyr-course/app/modules/ring_buf
  starting_dir /home/cto/zephyrproject/zephyr-course
  obj_dir      /home/cto/zephyrproject/zephyr-course/twister-out
  gcda_fname   native_sim_native/host_gnu/zephyr-course/tests/ring_buf/homework.unit.ring_buf/zephyr/subsys/testsuite/ztest/CMakeFiles/subsys__testsuite__ztest.dir/src/ztest.c.gcda
  --> fname    /home/cto/zephyrproject/zephyr/include/zephyr/syscall.h
(DEBUG) Check if /home/cto/zephyrproject/zephyr/include/zephyr/syscall.h is included (source file)...
(DEBUG) --> File is excluded.
(DEBUG) Check if /home/cto/zephyrproject/zephyr-course/twister-out/ztest.c##c0226ef181e54d3bc2ea916c321d1326.gcov is included (trace)...
(DEBUG)   No filter matched.
(DEBUG) --> File is excluded.
(DEBUG) Finding source file corresponding to a gcov data file
  gcov_fname   /home/cto/zephyrproject/zephyr-course/twister-out/ztest.c##c0226ef181e54d3bc2ea916c321d1326.gcov
  current_dir  /home/cto/zephyrproject/zephyr-course/twister-out
  root         /home/cto/zephyrproject/zephyr-course/app/modules/ring_buf
  starting_dir /home/cto/zephyrproject/zephyr-course
  obj_dir      /home/cto/zephyrproject/zephyr-course/twister-out
  gcda_fname   native_sim_native/host_gnu/zephyr-course/tests/ring_buf/homework.unit.ring_buf/zephyr/subsys/testsuite/ztest/CMakeFiles/subsys__testsuite__ztest.dir/src/ztest.c.gcda
  --> fname    /home/cto/zephyrproject/zephyr/subsys/testsuite/ztest/src/ztest.c
(DEBUG) Check if /home/cto/zephyrproject/zephyr/subsys/testsuite/ztest/src/ztest.c is included (source file)...
(DEBUG)   No filter matched.
(DEBUG) --> File is excluded.
(DEBUG) Check if /home/cto/zephyrproject/zephyr-course/twister-out/ztest_test.h##c136ad3957ca69331685f474d9038c04.gcov is included (trace)...
(DEBUG)   No filter matched.
(DEBUG) --> File is excluded.
(DEBUG) Finding source file corresponding to a gcov data file
  gcov_fname   /home/cto/zephyrproject/zephyr-course/twister-out/ztest_test.h##c136ad3957ca69331685f474d9038c04.gcov
  current_dir  /home/cto/zephyrproject/zephyr-course/twister-out
  root         /home/cto/zephyrproject/zephyr-course/app/modules/ring_buf
  starting_dir /home/cto/zephyrproject/zephyr-course
  obj_dir      /home/cto/zephyrproject/zephyr-course/twister-out
  gcda_fname   native_sim_native/host_gnu/zephyr-course/tests/ring_buf/homework.unit.ring_buf/zephyr/subsys/testsuite/ztest/CMakeFiles/subsys__testsuite__ztest.dir/src/ztest.c.gcda
  --> fname    /home/cto/zephyrproject/zephyr-course/twister-out/native_sim_native/host_gnu/zephyr-course/tests/ring_buf/homework.unit.ring_buf/zephyr/include/generated/zephyr/syscalls/ztest_test.h
(DEBUG) Check if /home/cto/zephyrproject/zephyr-course/twister-out/native_sim_native/host_gnu/zephyr-course/tests/ring_buf/homework.unit.ring_buf/zephyr/include/generated/zephyr/syscalls/ztest_test.h is included (source file)...
(DEBUG)   No filter matched.
(DEBUG) --> File is excluded.
(DEBUG) Check if /home/cto/zephyrproject/zephyr-course/twister-out/arch.h##cd3ec459a8a675a723e815b63d40d361.gcov is included (trace)...
(DEBUG) --> File is excluded.
(DEBUG) Finding source file corresponding to a gcov data file
  gcov_fname   /home/cto/zephyrproject/zephyr-course/twister-out/arch.h##cd3ec459a8a675a723e815b63d40d361.gcov
  current_dir  /home/cto/zephyrproject/zephyr-course/twister-out
  root         /home/cto/zephyrproject/zephyr-course/app/modules/ring_buf
  starting_dir /home/cto/zephyrproject/zephyr-course
  obj_dir      /home/cto/zephyrproject/zephyr-course/twister-out
  gcda_fname   native_sim_native/host_gnu/zephyr-course/tests/ring_buf/homework.unit.ring_buf/zephyr/subsys/testsuite/ztest/CMakeFiles/subsys__testsuite__ztest.dir/src/ztest.c.gcda
  --> fname    /home/cto/zephyrproject/zephyr/include/zephyr/arch/posix/arch.h
(DEBUG) Check if /home/cto/zephyrproject/zephyr/include/zephyr/arch/posix/arch.h is included (source file)...
(DEBUG) --> File is excluded.
(DEBUG) Check if /home/cto/zephyrproject/zephyr-course/twister-out/log_ctrl.h##1808f1c718a8e219f354e30a1a0343ff.gcov is included (trace)...
(DEBUG) --> File is excluded.
(DEBUG) Finding source file corresponding to a gcov data file
  gcov_fname   /home/cto/zephyrproject/zephyr-course/twister-out/log_ctrl.h##1808f1c718a8e219f354e30a1a0343ff.gcov
  current_dir  /home/cto/zephyrproject/zephyr-course/twister-out
  root         /home/cto/zephyrproject/zephyr-course/app/modules/ring_buf
  starting_dir /home/cto/zephyrproject/zephyr-course
  obj_dir      /home/cto/zephyrproject/zephyr-course/twister-out
  gcda_fname   native_sim_native/host_gnu/zephyr-course/tests/ring_buf/homework.unit.ring_buf/zephyr/subsys/testsuite/ztest/CMakeFiles/subsys__testsuite__ztest.dir/src/ztest.c.gcda
  --> fname    /home/cto/zephyrproject/zephyr-course/twister-out/native_sim_native/host_gnu/zephyr-course/tests/ring_buf/homework.unit.ring_buf/zephyr/include/generated/zephyr/syscalls/log_ctrl.h
(DEBUG) Check if /home/cto/zephyrproject/zephyr-course/twister-out/native_sim_native/host_gnu/zephyr-course/tests/ring_buf/homework.unit.ring_buf/zephyr/include/generated/zephyr/syscalls/log_ctrl.h is included (source file)...
(DEBUG) --> File is excluded.
(DEBUG) Check if /home/cto/zephyrproject/zephyr-course/twister-out/kobject.h##644e0edc4424b511569c576a172bfc1b.gcov is included (trace)...
(DEBUG)   No filter matched.
(DEBUG) --> File is excluded.
(DEBUG) Finding source file corresponding to a gcov data file
  gcov_fname   /home/cto/zephyrproject/zephyr-course/twister-out/kobject.h##644e0edc4424b511569c576a172bfc1b.gcov
  current_dir  /home/cto/zephyrproject/zephyr-course/twister-out
  root         /home/cto/zephyrproject/zephyr-course/app/modules/ring_buf
  starting_dir /home/cto/zephyrproject/zephyr-course
  obj_dir      /home/cto/zephyrproject/zephyr-course/twister-out
  gcda_fname   native_sim_native/host_gnu/zephyr-course/tests/ring_buf/homework.unit.ring_buf/zephyr/subsys/testsuite/ztest/CMakeFiles/subsys__testsuite__ztest.dir/src/ztest.c.gcda
  --> fname    /home/cto/zephyrproject/zephyr-course/twister-out/native_sim_native/host_gnu/zephyr-course/tests/ring_buf/homework.unit.ring_buf/zephyr/include/generated/zephyr/syscalls/kobject.h
(DEBUG) Check if /home/cto/zephyrproject/zephyr-course/twister-out/native_sim_native/host_gnu/zephyr-course/tests/ring_buf/homework.unit.ring_buf/zephyr/include/generated/zephyr/syscalls/kobject.h is included (source file)...
(DEBUG)   No filter matched.
(DEBUG) --> File is excluded.
(DEBUG) Check if /home/cto/zephyrproject/zephyr-course/twister-out/kernel.h##3d600634decb40355467717e98cbaefe.gcov is included (trace)...
(DEBUG) --> File is excluded.
(DEBUG) Finding source file corresponding to a gcov data file
  gcov_fname   /home/cto/zephyrproject/zephyr-course/twister-out/kernel.h##3d600634decb40355467717e98cbaefe.gcov
  current_dir  /home/cto/zephyrproject/zephyr-course/twister-out
  root         /home/cto/zephyrproject/zephyr-course/app/modules/ring_buf
  starting_dir /home/cto/zephyrproject/zephyr-course
  obj_dir      /home/cto/zephyrproject/zephyr-course/twister-out
  gcda_fname   native_sim_native/host_gnu/zephyr-course/tests/ring_buf/homework.unit.ring_buf/zephyr/subsys/testsuite/ztest/CMakeFiles/subsys__testsuite__ztest.dir/src/ztest.c.gcda
  --> fname    /home/cto/zephyrproject/zephyr/include/zephyr/kernel.h
(DEBUG) Check if /home/cto/zephyrproject/zephyr/include/zephyr/kernel.h is included (source file)...
(DEBUG) --> File is excluded.
(DEBUG) Check if /home/cto/zephyrproject/zephyr-course/twister-out/native_sim_native/host_gnu/zephyr-course/tests/ring_buf/homework.unit.ring_buf/zephyr/subsys/testsuite/ztest/CMakeFiles/subsys__testsuite__ztest.dir/src/ztest_error_hook.c.gcno is included (trace)...
(DEBUG)   No filter matched.
(DEBUG) --> File is excluded.
(DEBUG) Check if /home/cto/zephyrproject/zephyr-course/twister-out/native_sim_native/host_gnu/zephyr-course/tests/ring_buf/homework.unit.ring_buf/zephyr/subsys/testsuite/ztest/CMakeFiles/subsys__testsuite__ztest.dir/src/ztest_error_hook.c.gcno is included (trace)...
(DEBUG) --> File is excluded.
(DEBUG) Check if /home/cto/zephyrproject/zephyr-course/twister-out/native_sim_native/host_gnu/zephyr-course/tests/ring_buf/homework.unit.ring_buf/zephyr/subsys/testsuite/ztest/CMakeFiles/subsys__testsuite__ztest.dir/src/ztest_posix.c.gcda is included (trace)...
(DEBUG)   No filter matched.
(DEBUG) --> File is excluded.
(DEBUG) Check if /home/cto/zephyrproject/zephyr-course/twister-out/native_sim_native/host_gnu/zephyr-course/tests/ring_buf/homework.unit.ring_buf/zephyr/subsys/testsuite/ztest/CMakeFiles/subsys__testsuite__ztest.dir/src/ztest_posix.c.gcda is included (trace)...
(DEBUG) --> File is excluded.
(DEBUG) Check if ztest_posix.c##3bdebe7da3e97ac1ea47cc66bdebb5a8.gcov is included (gcov file)...
(DEBUG)   Filter AlwaysMatchFilter() matched.
(DEBUG) --> File is included.
(DEBUG) Check if ztest_test.h##c136ad3957ca69331685f474d9038c04.gcov is included (gcov file)...
(DEBUG) --> File is included.
(DEBUG) Check if /home/cto/zephyrproject/zephyr-course/twister-out/ztest_posix.c##3bdebe7da3e97ac1ea47cc66bdebb5a8.gcov is included (trace)...
(DEBUG)   No filter matched.
(DEBUG) --> File is excluded.
(DEBUG) Finding source file corresponding to a gcov data file
  gcov_fname   /home/cto/zephyrproject/zephyr-course/twister-out/ztest_posix.c##3bdebe7da3e97ac1ea47cc66bdebb5a8.gcov
  current_dir  /home/cto/zephyrproject/zephyr-course/twister-out
  root         /home/cto/zephyrproject/zephyr-course/app/modules/ring_buf
  starting_dir /home/cto/zephyrproject/zephyr-course
  obj_dir      /home/cto/zephyrproject/zephyr-course/twister-out
  gcda_fname   native_sim_native/host_gnu/zephyr-course/tests/ring_buf/homework.unit.ring_buf/zephyr/subsys/testsuite/ztest/CMakeFiles/subsys__testsuite__ztest.dir/src/ztest_posix.c.gcda
  --> fname    /home/cto/zephyrproject/zephyr/subsys/testsuite/ztest/src/ztest_posix.c
(DEBUG) Check if /home/cto/zephyrproject/zephyr/subsys/testsuite/ztest/src/ztest_posix.c is included (source file)...
(DEBUG)   No filter matched.
(DEBUG) --> File is excluded.
(DEBUG) Check if /home/cto/zephyrproject/zephyr-course/twister-out/ztest_test.h##c136ad3957ca69331685f474d9038c04.gcov is included (trace)...
(DEBUG) --> File is excluded.
(DEBUG) Finding source file corresponding to a gcov data file
  gcov_fname   /home/cto/zephyrproject/zephyr-course/twister-out/ztest_test.h##c136ad3957ca69331685f474d9038c04.gcov
  current_dir  /home/cto/zephyrproject/zephyr-course/twister-out
  root         /home/cto/zephyrproject/zephyr-course/app/modules/ring_buf
  starting_dir /home/cto/zephyrproject/zephyr-course
  obj_dir      /home/cto/zephyrproject/zephyr-course/twister-out
  gcda_fname   native_sim_native/host_gnu/zephyr-course/tests/ring_buf/homework.unit.ring_buf/zephyr/subsys/testsuite/ztest/CMakeFiles/subsys__testsuite__ztest.dir/src/ztest_posix.c.gcda
  --> fname    /home/cto/zephyrproject/zephyr-course/twister-out/native_sim_native/host_gnu/zephyr-course/tests/ring_buf/homework.unit.ring_buf/zephyr/include/generated/zephyr/syscalls/ztest_test.h
(DEBUG) Check if /home/cto/zephyrproject/zephyr-course/twister-out/native_sim_native/host_gnu/zephyr-course/tests/ring_buf/homework.unit.ring_buf/zephyr/include/generated/zephyr/syscalls/ztest_test.h is included (source file)...
(DEBUG) --> File is excluded.
(DEBUG) Check if /home/cto/zephyrproject/zephyr-course/twister-out/native_sim_native/host_gnu/zephyr-course/tests/ring_buf/homework.unit.ring_buf/zephyr/subsys/testsuite/ztest/CMakeFiles/subsys__testsuite__ztest.dir/src/ztest_rules.c.gcno is included (trace)...
(DEBUG)   No filter matched.
(DEBUG) --> File is excluded.
(DEBUG) Check if /home/cto/zephyrproject/zephyr-course/twister-out/native_sim_native/host_gnu/zephyr-course/tests/ring_buf/homework.unit.ring_buf/zephyr/subsys/testsuite/ztest/CMakeFiles/subsys__testsuite__ztest.dir/src/ztest_rules.c.gcno is included (trace)...
(DEBUG) --> File is excluded.
(INFO) Writing coverage report...
Running: gcovr -r /home/cto/zephyrproject/zephyr-course/app/modules/ring_buf -v --merge-mode-functions=separate --gcov-executable gcov -f tests/ztest -e tests/ztest/test/* --json -o /home/cto/zephyrproject/zephyr-course/twister-out/ztest.json /home/cto/zephyrproject/zephyr-course/twister-out --gcov-object-directory /home/cto/zephyrproject/zephyr-course/twister-out
(DEBUG) gcovr version 8.6
(DEBUG) File system is case sensitive.
(DEBUG) Filters for --filter: (1)
(DEBUG)  - RelativeFilter(tests/ztest root=/home/cto/zephyrproject/zephyr-course)
(DEBUG) Filters for --exclude: (1)
(DEBUG)  - RelativeFilter(tests/ztest/test/* root=/home/cto/zephyrproject/zephyr-course)
(DEBUG) Filters for --include: (0)
(DEBUG) Filters for --gcov-filter: (1)
(DEBUG)  - AlwaysMatchFilter()
(DEBUG) Filters for --gcov-exclude: (0)
(DEBUG) Filters for --exclude-directory: (0)
(DEBUG) Filters for --trace-include: (0)
(DEBUG) Filters for --trace-exclude: (0)
(DEBUG) Patterns for --exclude-function: (0)
(DEBUG) Patterns for --exclude-lines-by-pattern: (0)
(DEBUG) Patterns for --exclude-branches-by-pattern: (0)
(INFO) Reading coverage data...
(DEBUG) Scanning directory twister-out for gcda/gcno files...
(DEBUG) Found 184 files (and will process 104)
(DEBUG) Using 1 workers.
(DEBUG) Pool started with 1 threads
(DEBUG) Check if /home/cto/zephyrproject/zephyr-course/twister-out/native_sim_native/host_gnu/zephyr-course/tests/ring_buf/homework.unit.ring_buf/CMakeFiles/app.dir/home/cto/zephyrproject/zephyr-course/app/modules/ring_buf/src/ring_buf.c.gcda is included (trace)...
(DEBUG)   No filter matched.
(DEBUG) --> File is excluded.
(DEBUG) GCOV capabilities: Unsupported JSON format detected.
(DEBUG) GCOV capabilities: Demangled names available.
(DEBUG) GCOV capabilities: Hashing of filenames available.
(DEBUG) Check if /home/cto/zephyrproject/zephyr-course/twister-out/native_sim_native/host_gnu/zephyr-course/tests/ring_buf/homework.unit.ring_buf/CMakeFiles/app.dir/home/cto/zephyrproject/zephyr-course/app/modules/ring_buf/src/ring_buf.c.gcda is included (trace)...
(DEBUG) --> File is excluded.
(DEBUG) Check if ring_buf.c##c0078ac2a3fb3f4c872665f7228d0b89.gcov is included (gcov file)...
(DEBUG)   Filter AlwaysMatchFilter() matched.
(DEBUG) --> File is included.
(DEBUG) Check if log_msg.h##59cc7ac9dd0b18efa24d51419b863a43.gcov is included (gcov file)...
(DEBUG)   Filter AlwaysMatchFilter() matched.
(DEBUG) --> File is included.
(DEBUG) Check if /home/cto/zephyrproject/zephyr-course/twister-out/log_msg.h##59cc7ac9dd0b18efa24d51419b863a43.gcov is included (trace)...
(DEBUG)   No filter matched.
(DEBUG) --> File is excluded.
(DEBUG) Finding source file corresponding to a gcov data file
  gcov_fname   /home/cto/zephyrproject/zephyr-course/twister-out/log_msg.h##59cc7ac9dd0b18efa24d51419b863a43.gcov
  current_dir  /home/cto/zephyrproject/zephyr-course/twister-out
  root         /home/cto/zephyrproject/zephyr-course/app/modules/ring_buf
  starting_dir /home/cto/zephyrproject/zephyr-course
  obj_dir      /home/cto/zephyrproject/zephyr-course/twister-out
  gcda_fname   native_sim_native/host_gnu/zephyr-course/tests/ring_buf/homework.unit.ring_buf/CMakeFiles/app.dir/home/cto/zephyrproject/zephyr-course/app/modules/ring_buf/src/ring_buf.c.gcda
  --> fname    /home/cto/zephyrproject/zephyr/include/zephyr/logging/log_msg.h
(DEBUG) Check if /home/cto/zephyrproject/zephyr/include/zephyr/logging/log_msg.h is included (source file)...
(DEBUG)   No filter matched.
(DEBUG) --> File is excluded.
(DEBUG) Check if /home/cto/zephyrproject/zephyr-course/twister-out/ring_buf.c##c0078ac2a3fb3f4c872665f7228d0b89.gcov is included (trace)...
(DEBUG)   No filter matched.
(DEBUG) --> File is excluded.
(DEBUG) Finding source file corresponding to a gcov data file
  gcov_fname   /home/cto/zephyrproject/zephyr-course/twister-out/ring_buf.c##c0078ac2a3fb3f4c872665f7228d0b89.gcov
  current_dir  /home/cto/zephyrproject/zephyr-course/twister-out
  root         /home/cto/zephyrproject/zephyr-course/app/modules/ring_buf
  starting_dir /home/cto/zephyrproject/zephyr-course
  obj_dir      /home/cto/zephyrproject/zephyr-course/twister-out
  gcda_fname   native_sim_native/host_gnu/zephyr-course/tests/ring_buf/homework.unit.ring_buf/CMakeFiles/app.dir/home/cto/zephyrproject/zephyr-course/app/modules/ring_buf/src/ring_buf.c.gcda
  --> fname    /home/cto/zephyrproject/zephyr-course/app/modules/ring_buf/src/ring_buf.c
(DEBUG) Check if /home/cto/zephyrproject/zephyr-course/app/modules/ring_buf/src/ring_buf.c is included (source file)...
(DEBUG)   No filter matched.
(DEBUG) --> File is excluded.
(DEBUG) Check if /home/cto/zephyrproject/zephyr-course/twister-out/native_sim_native/host_gnu/zephyr-course/tests/ring_buf/homework.unit.ring_buf/CMakeFiles/app.dir/src/test_ring_buf.c.gcda is included (trace)...
(DEBUG)   No filter matched.
(DEBUG) --> File is excluded.
(DEBUG) Check if /home/cto/zephyrproject/zephyr-course/twister-out/native_sim_native/host_gnu/zephyr-course/tests/ring_buf/homework.unit.ring_buf/CMakeFiles/app.dir/src/test_ring_buf.c.gcda is included (trace)...
(DEBUG) --> File is excluded.
(DEBUG) Check if test_ring_buf.c##901e81872eeb0c72331de14adbfbbdfb.gcov is included (gcov file)...
(DEBUG)   Filter AlwaysMatchFilter() matched.
(DEBUG) --> File is included.
(DEBUG) Check if ztest_assert.h##e50e8938fb1c3537a1570717a908b913.gcov is included (gcov file)...
(DEBUG)   Filter AlwaysMatchFilter() matched.
(DEBUG) --> File is included.
(DEBUG) Check if /home/cto/zephyrproject/zephyr-course/twister-out/test_ring_buf.c##901e81872eeb0c72331de14adbfbbdfb.gcov is included (trace)...
(DEBUG)   No filter matched.
(DEBUG) --> File is excluded.
(DEBUG) Finding source file corresponding to a gcov data file
  gcov_fname   /home/cto/zephyrproject/zephyr-course/twister-out/test_ring_buf.c##901e81872eeb0c72331de14adbfbbdfb.gcov
  current_dir  /home/cto/zephyrproject/zephyr-course/twister-out
  root         /home/cto/zephyrproject/zephyr-course/app/modules/ring_buf
  starting_dir /home/cto/zephyrproject/zephyr-course
  obj_dir      /home/cto/zephyrproject/zephyr-course/twister-out
  gcda_fname   native_sim_native/host_gnu/zephyr-course/tests/ring_buf/homework.unit.ring_buf/CMakeFiles/app.dir/src/test_ring_buf.c.gcda
  --> fname    /home/cto/zephyrproject/zephyr-course/tests/ring_buf/src/test_ring_buf.c
(DEBUG) Check if /home/cto/zephyrproject/zephyr-course/tests/ring_buf/src/test_ring_buf.c is included (source file)...
(DEBUG)   No filter matched.
(DEBUG) --> File is excluded.
(DEBUG) Check if /home/cto/zephyrproject/zephyr-course/twister-out/ztest_assert.h##e50e8938fb1c3537a1570717a908b913.gcov is included (trace)...
(DEBUG)   No filter matched.
(DEBUG) --> File is excluded.
(DEBUG) Finding source file corresponding to a gcov data file
  gcov_fname   /home/cto/zephyrproject/zephyr-course/twister-out/ztest_assert.h##e50e8938fb1c3537a1570717a908b913.gcov
  current_dir  /home/cto/zephyrproject/zephyr-course/twister-out
  root         /home/cto/zephyrproject/zephyr-course/app/modules/ring_buf
  starting_dir /home/cto/zephyrproject/zephyr-course
  obj_dir      /home/cto/zephyrproject/zephyr-course/twister-out
  gcda_fname   native_sim_native/host_gnu/zephyr-course/tests/ring_buf/homework.unit.ring_buf/CMakeFiles/app.dir/src/test_ring_buf.c.gcda
  --> fname    /home/cto/zephyrproject/zephyr/subsys/testsuite/ztest/include/zephyr/ztest_assert.h
(DEBUG) Check if /home/cto/zephyrproject/zephyr/subsys/testsuite/ztest/include/zephyr/ztest_assert.h is included (source file)...
(DEBUG)   No filter matched.
(DEBUG) --> File is excluded.
(DEBUG) Check if /home/cto/zephyrproject/zephyr-course/twister-out/native_sim_native/host_gnu/zephyr-course/tests/ring_buf/homework.unit.ring_buf/zephyr/CMakeFiles/offsets.dir/arch/posix/core/offsets/offsets.c.gcda is included (trace)...
(DEBUG)   No filter matched.
(DEBUG) --> File is excluded.
(DEBUG) Check if /home/cto/zephyrproject/zephyr-course/twister-out/native_sim_native/host_gnu/zephyr-course/tests/ring_buf/homework.unit.ring_buf/zephyr/CMakeFiles/offsets.dir/arch/posix/core/offsets/offsets.c.gcda is included (trace)...
(DEBUG) --> File is excluded.
(DEBUG) Check if kernel_offsets.h##5e9cda030538d3bc9e538316df30a885.gcov is included (gcov file)...
(DEBUG)   Filter AlwaysMatchFilter() matched.
(DEBUG) --> File is included.
(DEBUG) Check if offsets.c##be95648f5166b3a44f029bae9d35b4d1.gcov is included (gcov file)...
(DEBUG)   Filter AlwaysMatchFilter() matched.
(DEBUG) --> File is included.
(DEBUG) Check if /home/cto/zephyrproject/zephyr-course/twister-out/offsets.c##be95648f5166b3a44f029bae9d35b4d1.gcov is included (trace)...
(DEBUG)   No filter matched.
(DEBUG) --> File is excluded.
(DEBUG) Finding source file corresponding to a gcov data file
  gcov_fname   /home/cto/zephyrproject/zephyr-course/twister-out/offsets.c##be95648f5166b3a44f029bae9d35b4d1.gcov
  current_dir  /home/cto/zephyrproject/zephyr-course/twister-out
  root         /home/cto/zephyrproject/zephyr-course/app/modules/ring_buf
  starting_dir /home/cto/zephyrproject/zephyr-course
  obj_dir      /home/cto/zephyrproject/zephyr-course/twister-out
  gcda_fname   native_sim_native/host_gnu/zephyr-course/tests/ring_buf/homework.unit.ring_buf/zephyr/CMakeFiles/offsets.dir/arch/posix/core/offsets/offsets.c.gcda
  --> fname    /home/cto/zephyrproject/zephyr/arch/posix/core/offsets/offsets.c
(DEBUG) Check if /home/cto/zephyrproject/zephyr/arch/posix/core/offsets/offsets.c is included (source file)...
(DEBUG)   No filter matched.
(DEBUG) --> File is excluded.
(DEBUG) Check if /home/cto/zephyrproject/zephyr-course/twister-out/kernel_offsets.h##5e9cda030538d3bc9e538316df30a885.gcov is included (trace)...
(DEBUG)   No filter matched.
(DEBUG) --> File is excluded.
(DEBUG) Finding source file corresponding to a gcov data file
  gcov_fname   /home/cto/zephyrproject/zephyr-course/twister-out/kernel_offsets.h##5e9cda030538d3bc9e538316df30a885.gcov
  current_dir  /home/cto/zephyrproject/zephyr-course/twister-out
  root         /home/cto/zephyrproject/zephyr-course/app/modules/ring_buf
  starting_dir /home/cto/zephyrproject/zephyr-course
  obj_dir      /home/cto/zephyrproject/zephyr-course/twister-out
  gcda_fname   native_sim_native/host_gnu/zephyr-course/tests/ring_buf/homework.unit.ring_buf/zephyr/CMakeFiles/offsets.dir/arch/posix/core/offsets/offsets.c.gcda
  --> fname    /home/cto/zephyrproject/zephyr/kernel/include/kernel_offsets.h
(DEBUG) Check if /home/cto/zephyrproject/zephyr/kernel/include/kernel_offsets.h is included (source file)...
(DEBUG)   No filter matched.
(DEBUG) --> File is excluded.
(DEBUG) Check if /home/cto/zephyrproject/zephyr-course/twister-out/native_sim_native/host_gnu/zephyr-course/tests/ring_buf/homework.unit.ring_buf/zephyr/CMakeFiles/zephyr.dir/lib/heap/heap.c.gcda is included (trace)...
(DEBUG)   No filter matched.
(DEBUG) --> File is excluded.
(DEBUG) Check if /home/cto/zephyrproject/zephyr-course/twister-out/native_sim_native/host_gnu/zephyr-course/tests/ring_buf/homework.unit.ring_buf/zephyr/CMakeFiles/zephyr.dir/lib/heap/heap.c.gcda is included (trace)...
(DEBUG) --> File is excluded.
(DEBUG) Check if heap.c##57ba91bc8569ab8fbe3d0134f510dc9c.gcov is included (gcov file)...
(DEBUG)   Filter AlwaysMatchFilter() matched.
(DEBUG) --> File is included.
(DEBUG) Check if heap.h##e793d07160ae76d93abf403e6781d7ff.gcov is included (gcov file)...
(DEBUG)   Filter AlwaysMatchFilter() matched.
(DEBUG) --> File is included.
(DEBUG) Check if log_msg.h##59cc7ac9dd0b18efa24d51419b863a43.gcov is included (gcov file)...
(DEBUG) --> File is included.
(DEBUG) Check if /home/cto/zephyrproject/zephyr-course/twister-out/heap.c##57ba91bc8569ab8fbe3d0134f510dc9c.gcov is included (trace)...
(DEBUG)   No filter matched.
(DEBUG) --> File is excluded.
(DEBUG) Finding source file corresponding to a gcov data file
  gcov_fname   /home/cto/zephyrproject/zephyr-course/twister-out/heap.c##57ba91bc8569ab8fbe3d0134f510dc9c.gcov
  current_dir  /home/cto/zephyrproject/zephyr-course/twister-out
  root         /home/cto/zephyrproject/zephyr-course/app/modules/ring_buf
  starting_dir /home/cto/zephyrproject/zephyr-course
  obj_dir      /home/cto/zephyrproject/zephyr-course/twister-out
  gcda_fname   native_sim_native/host_gnu/zephyr-course/tests/ring_buf/homework.unit.ring_buf/zephyr/CMakeFiles/zephyr.dir/lib/heap/heap.c.gcda
  --> fname    /home/cto/zephyrproject/zephyr/lib/heap/heap.c
(DEBUG) Check if /home/cto/zephyrproject/zephyr/lib/heap/heap.c is included (source file)...
(DEBUG)   No filter matched.
(DEBUG) --> File is excluded.
(DEBUG) Check if /home/cto/zephyrproject/zephyr-course/twister-out/log_msg.h##59cc7ac9dd0b18efa24d51419b863a43.gcov is included (trace)...
(DEBUG) --> File is excluded.
(DEBUG) Finding source file corresponding to a gcov data file
  gcov_fname   /home/cto/zephyrproject/zephyr-course/twister-out/log_msg.h##59cc7ac9dd0b18efa24d51419b863a43.gcov
  current_dir  /home/cto/zephyrproject/zephyr-course/twister-out
  root         /home/cto/zephyrproject/zephyr-course/app/modules/ring_buf
  starting_dir /home/cto/zephyrproject/zephyr-course
  obj_dir      /home/cto/zephyrproject/zephyr-course/twister-out
  gcda_fname   native_sim_native/host_gnu/zephyr-course/tests/ring_buf/homework.unit.ring_buf/zephyr/CMakeFiles/zephyr.dir/lib/heap/heap.c.gcda
  --> fname    /home/cto/zephyrproject/zephyr/include/zephyr/logging/log_msg.h
(DEBUG) Check if /home/cto/zephyrproject/zephyr/include/zephyr/logging/log_msg.h is included (source file)...
(DEBUG) --> File is excluded.
(DEBUG) Check if /home/cto/zephyrproject/zephyr-course/twister-out/heap.h##e793d07160ae76d93abf403e6781d7ff.gcov is included (trace)...
(DEBUG)   No filter matched.
(DEBUG) --> File is excluded.
(DEBUG) Finding source file corresponding to a gcov data file
  gcov_fname   /home/cto/zephyrproject/zephyr-course/twister-out/heap.h##e793d07160ae76d93abf403e6781d7ff.gcov
  current_dir  /home/cto/zephyrproject/zephyr-course/twister-out
  root         /home/cto/zephyrproject/zephyr-course/app/modules/ring_buf
  starting_dir /home/cto/zephyrproject/zephyr-course
  obj_dir      /home/cto/zephyrproject/zephyr-course/twister-out
  gcda_fname   native_sim_native/host_gnu/zephyr-course/tests/ring_buf/homework.unit.ring_buf/zephyr/CMakeFiles/zephyr.dir/lib/heap/heap.c.gcda
  --> fname    /home/cto/zephyrproject/zephyr/lib/heap/heap.h
(DEBUG) Check if /home/cto/zephyrproject/zephyr/lib/heap/heap.h is included (source file)...
(DEBUG)   No filter matched.
(DEBUG) --> File is excluded.
(DEBUG) Check if /home/cto/zephyrproject/zephyr-course/twister-out/native_sim_native/host_gnu/zephyr-course/tests/ring_buf/homework.unit.ring_buf/zephyr/CMakeFiles/zephyr.dir/lib/libc/validate_libc.c.gcno is included (trace)...
(DEBUG)   No filter matched.
(DEBUG) --> File is excluded.
(DEBUG) Check if /home/cto/zephyrproject/zephyr-course/twister-out/native_sim_native/host_gnu/zephyr-course/tests/ring_buf/homework.unit.ring_buf/zephyr/CMakeFiles/zephyr.dir/lib/libc/validate_libc.c.gcno is included (trace)...
(DEBUG) --> File is excluded.
(DEBUG) Check if /home/cto/zephyrproject/zephyr-course/twister-out/native_sim_native/host_gnu/zephyr-course/tests/ring_buf/homework.unit.ring_buf/zephyr/CMakeFiles/zephyr.dir/lib/os/assert.c.gcda is included (trace)...
(DEBUG)   No filter matched.
(DEBUG) --> File is excluded.
(DEBUG) Check if /home/cto/zephyrproject/zephyr-course/twister-out/native_sim_native/host_gnu/zephyr-course/tests/ring_buf/homework.unit.ring_buf/zephyr/CMakeFiles/zephyr.dir/lib/os/assert.c.gcda is included (trace)...
(DEBUG) --> File is excluded.
(DEBUG) Check if assert.c##825180ebfaa8cc0016f819ad63ce4303.gcov is included (gcov file)...
(DEBUG)   Filter AlwaysMatchFilter() matched.
(DEBUG) --> File is included.
(DEBUG) Check if /home/cto/zephyrproject/zephyr-course/twister-out/assert.c##825180ebfaa8cc0016f819ad63ce4303.gcov is included (trace)...
(DEBUG)   No filter matched.
(DEBUG) --> File is excluded.
(DEBUG) Finding source file corresponding to a gcov data file
  gcov_fname   /home/cto/zephyrproject/zephyr-course/twister-out/assert.c##825180ebfaa8cc0016f819ad63ce4303.gcov
  current_dir  /home/cto/zephyrproject/zephyr-course/twister-out
  root         /home/cto/zephyrproject/zephyr-course/app/modules/ring_buf
  starting_dir /home/cto/zephyrproject/zephyr-course
  obj_dir      /home/cto/zephyrproject/zephyr-course/twister-out
  gcda_fname   native_sim_native/host_gnu/zephyr-course/tests/ring_buf/homework.unit.ring_buf/zephyr/CMakeFiles/zephyr.dir/lib/os/assert.c.gcda
  --> fname    /home/cto/zephyrproject/zephyr/lib/os/assert.c
(DEBUG) Check if /home/cto/zephyrproject/zephyr/lib/os/assert.c is included (source file)...
(DEBUG)   No filter matched.
(DEBUG) --> File is excluded.
(DEBUG) Check if /home/cto/zephyrproject/zephyr-course/twister-out/native_sim_native/host_gnu/zephyr-course/tests/ring_buf/homework.unit.ring_buf/zephyr/CMakeFiles/zephyr.dir/lib/os/cbprintf.c.gcda is included (trace)...
(DEBUG)   No filter matched.
(DEBUG) --> File is excluded.
(DEBUG) Check if /home/cto/zephyrproject/zephyr-course/twister-out/native_sim_native/host_gnu/zephyr-course/tests/ring_buf/homework.unit.ring_buf/zephyr/CMakeFiles/zephyr.dir/lib/os/cbprintf.c.gcda is included (trace)...
(DEBUG) --> File is excluded.
(DEBUG) Check if cbprintf.c##a6fac68c030439eb1065250d1bad623a.gcov is included (gcov file)...
(DEBUG)   Filter AlwaysMatchFilter() matched.
(DEBUG) --> File is included.
(DEBUG) Check if cbprintf.h##7f5842b334517eb8370638073e85f4ed.gcov is included (gcov file)...
(DEBUG)   Filter AlwaysMatchFilter() matched.
(DEBUG) --> File is included.
(DEBUG) Check if /home/cto/zephyrproject/zephyr-course/twister-out/cbprintf.c##a6fac68c030439eb1065250d1bad623a.gcov is included (trace)...
(DEBUG)   No filter matched.
(DEBUG) --> File is excluded.
(DEBUG) Finding source file corresponding to a gcov data file
  gcov_fname   /home/cto/zephyrproject/zephyr-course/twister-out/cbprintf.c##a6fac68c030439eb1065250d1bad623a.gcov
  current_dir  /home/cto/zephyrproject/zephyr-course/twister-out
  root         /home/cto/zephyrproject/zephyr-course/app/modules/ring_buf
  starting_dir /home/cto/zephyrproject/zephyr-course
  obj_dir      /home/cto/zephyrproject/zephyr-course/twister-out
  gcda_fname   native_sim_native/host_gnu/zephyr-course/tests/ring_buf/homework.unit.ring_buf/zephyr/CMakeFiles/zephyr.dir/lib/os/cbprintf.c.gcda
  --> fname    /home/cto/zephyrproject/zephyr/lib/os/cbprintf.c
(DEBUG) Check if /home/cto/zephyrproject/zephyr/lib/os/cbprintf.c is included (source file)...
(DEBUG)   No filter matched.
(DEBUG) --> File is excluded.
(DEBUG) Check if /home/cto/zephyrproject/zephyr-course/twister-out/cbprintf.h##7f5842b334517eb8370638073e85f4ed.gcov is included (trace)...
(DEBUG)   No filter matched.
(DEBUG) --> File is excluded.
(DEBUG) Finding source file corresponding to a gcov data file
  gcov_fname   /home/cto/zephyrproject/zephyr-course/twister-out/cbprintf.h##7f5842b334517eb8370638073e85f4ed.gcov
  current_dir  /home/cto/zephyrproject/zephyr-course/twister-out
  root         /home/cto/zephyrproject/zephyr-course/app/modules/ring_buf
  starting_dir /home/cto/zephyrproject/zephyr-course
  obj_dir      /home/cto/zephyrproject/zephyr-course/twister-out
  gcda_fname   native_sim_native/host_gnu/zephyr-course/tests/ring_buf/homework.unit.ring_buf/zephyr/CMakeFiles/zephyr.dir/lib/os/cbprintf.c.gcda
  --> fname    /home/cto/zephyrproject/zephyr/include/zephyr/sys/cbprintf.h
(DEBUG) Check if /home/cto/zephyrproject/zephyr/include/zephyr/sys/cbprintf.h is included (source file)...
(DEBUG)   No filter matched.
(DEBUG) --> File is excluded.
(DEBUG) Check if /home/cto/zephyrproject/zephyr-course/twister-out/native_sim_native/host_gnu/zephyr-course/tests/ring_buf/homework.unit.ring_buf/zephyr/CMakeFiles/zephyr.dir/lib/os/cbprintf_complete.c.gcda is included (trace)...
(DEBUG)   No filter matched.
(DEBUG) --> File is excluded.
(DEBUG) Check if /home/cto/zephyrproject/zephyr-course/twister-out/native_sim_native/host_gnu/zephyr-course/tests/ring_buf/homework.unit.ring_buf/zephyr/CMakeFiles/zephyr.dir/lib/os/cbprintf_complete.c.gcda is included (trace)...
(DEBUG) --> File is excluded.
(DEBUG) Check if cbprintf_complete.c##a2e2476b68472f8a0f7ee78f5f885068.gcov is included (gcov file)...
(DEBUG)   Filter AlwaysMatchFilter() matched.
(DEBUG) --> File is included.
(DEBUG) Check if /home/cto/zephyrproject/zephyr-course/twister-out/cbprintf_complete.c##a2e2476b68472f8a0f7ee78f5f885068.gcov is included (trace)...
(DEBUG)   No filter matched.
(DEBUG) --> File is excluded.
(DEBUG) Finding source file corresponding to a gcov data file
  gcov_fname   /home/cto/zephyrproject/zephyr-course/twister-out/cbprintf_complete.c##a2e2476b68472f8a0f7ee78f5f885068.gcov
  current_dir  /home/cto/zephyrproject/zephyr-course/twister-out
  root         /home/cto/zephyrproject/zephyr-course/app/modules/ring_buf
  starting_dir /home/cto/zephyrproject/zephyr-course
  obj_dir      /home/cto/zephyrproject/zephyr-course/twister-out
  gcda_fname   native_sim_native/host_gnu/zephyr-course/tests/ring_buf/homework.unit.ring_buf/zephyr/CMakeFiles/zephyr.dir/lib/os/cbprintf_complete.c.gcda
  --> fname    /home/cto/zephyrproject/zephyr/lib/os/cbprintf_complete.c
(DEBUG) Check if /home/cto/zephyrproject/zephyr/lib/os/cbprintf_complete.c is included (source file)...
(DEBUG)   No filter matched.
(DEBUG) --> File is excluded.
(DEBUG) Check if /home/cto/zephyrproject/zephyr-course/twister-out/native_sim_native/host_gnu/zephyr-course/tests/ring_buf/homework.unit.ring_buf/zephyr/CMakeFiles/zephyr.dir/lib/os/cbprintf_packaged.c.gcda is included (trace)...
(DEBUG)   No filter matched.
(DEBUG) --> File is excluded.
(DEBUG) Check if /home/cto/zephyrproject/zephyr-course/twister-out/native_sim_native/host_gnu/zephyr-course/tests/ring_buf/homework.unit.ring_buf/zephyr/CMakeFiles/zephyr.dir/lib/os/cbprintf_packaged.c.gcda is included (trace)...
(DEBUG) --> File is excluded.
(DEBUG) Check if cbprintf_packaged.c##e557679497db4a14422ef15fb166f549.gcov is included (gcov file)...
(DEBUG)   Filter AlwaysMatchFilter() matched.
(DEBUG) --> File is included.
(DEBUG) Check if log_msg.h##59cc7ac9dd0b18efa24d51419b863a43.gcov is included (gcov file)...
(DEBUG) --> File is included.
(DEBUG) Check if utils.h##b2f750a0edfde2037671a446b28dc9c6.gcov is included (gcov file)...
(DEBUG)   Filter AlwaysMatchFilter() matched.
(DEBUG) --> File is included.
(DEBUG) Check if /home/cto/zephyrproject/zephyr-course/twister-out/log_msg.h##59cc7ac9dd0b18efa24d51419b863a43.gcov is included (trace)...
(DEBUG) --> File is excluded.
(DEBUG) Finding source file corresponding to a gcov data file
  gcov_fname   /home/cto/zephyrproject/zephyr-course/twister-out/log_msg.h##59cc7ac9dd0b18efa24d51419b863a43.gcov
  current_dir  /home/cto/zephyrproject/zephyr-course/twister-out
  root         /home/cto/zephyrproject/zephyr-course/app/modules/ring_buf
  starting_dir /home/cto/zephyrproject/zephyr-course
  obj_dir      /home/cto/zephyrproject/zephyr-course/twister-out
  gcda_fname   native_sim_native/host_gnu/zephyr-course/tests/ring_buf/homework.unit.ring_buf/zephyr/CMakeFiles/zephyr.dir/lib/os/cbprintf_packaged.c.gcda
  --> fname    /home/cto/zephyrproject/zephyr/include/zephyr/logging/log_msg.h
(DEBUG) Check if /home/cto/zephyrproject/zephyr/include/zephyr/logging/log_msg.h is included (source file)...
(DEBUG) --> File is excluded.
(DEBUG) Check if /home/cto/zephyrproject/zephyr-course/twister-out/cbprintf_packaged.c##e557679497db4a14422ef15fb166f549.gcov is included (trace)...
(DEBUG)   No filter matched.
(DEBUG) --> File is excluded.
(DEBUG) Finding source file corresponding to a gcov data file
  gcov_fname   /home/cto/zephyrproject/zephyr-course/twister-out/cbprintf_packaged.c##e557679497db4a14422ef15fb166f549.gcov
  current_dir  /home/cto/zephyrproject/zephyr-course/twister-out
  root         /home/cto/zephyrproject/zephyr-course/app/modules/ring_buf
  starting_dir /home/cto/zephyrproject/zephyr-course
  obj_dir      /home/cto/zephyrproject/zephyr-course/twister-out
  gcda_fname   native_sim_native/host_gnu/zephyr-course/tests/ring_buf/homework.unit.ring_buf/zephyr/CMakeFiles/zephyr.dir/lib/os/cbprintf_packaged.c.gcda
  --> fname    /home/cto/zephyrproject/zephyr/lib/os/cbprintf_packaged.c
(DEBUG) Check if /home/cto/zephyrproject/zephyr/lib/os/cbprintf_packaged.c is included (source file)...
(DEBUG)   No filter matched.
(DEBUG) --> File is excluded.
(DEBUG) Check if /home/cto/zephyrproject/zephyr-course/twister-out/utils.h##b2f750a0edfde2037671a446b28dc9c6.gcov is included (trace)...
(DEBUG)   No filter matched.
(DEBUG) --> File is excluded.
(DEBUG) Finding source file corresponding to a gcov data file
  gcov_fname   /home/cto/zephyrproject/zephyr-course/twister-out/utils.h##b2f750a0edfde2037671a446b28dc9c6.gcov
  current_dir  /home/cto/zephyrproject/zephyr-course/twister-out
  root         /home/cto/zephyrproject/zephyr-course/app/modules/ring_buf
  starting_dir /home/cto/zephyrproject/zephyr-course
  obj_dir      /home/cto/zephyrproject/zephyr-course/twister-out
  gcda_fname   native_sim_native/host_gnu/zephyr-course/tests/ring_buf/homework.unit.ring_buf/zephyr/CMakeFiles/zephyr.dir/lib/os/cbprintf_packaged.c.gcda
  --> fname    /home/cto/zephyrproject/zephyr/include/zephyr/linker/utils.h
(DEBUG) Check if /home/cto/zephyrproject/zephyr/include/zephyr/linker/utils.h is included (source file)...
(DEBUG)   No filter matched.
(DEBUG) --> File is excluded.
(DEBUG) Check if /home/cto/zephyrproject/zephyr-course/twister-out/native_sim_native/host_gnu/zephyr-course/tests/ring_buf/homework.unit.ring_buf/zephyr/CMakeFiles/zephyr.dir/lib/os/clock.c.gcda is included (trace)...
(DEBUG)   No filter matched.
(DEBUG) --> File is excluded.
(DEBUG) Check if /home/cto/zephyrproject/zephyr-course/twister-out/native_sim_native/host_gnu/zephyr-course/tests/ring_buf/homework.unit.ring_buf/zephyr/CMakeFiles/zephyr.dir/lib/os/clock.c.gcda is included (trace)...
(DEBUG) --> File is excluded.
(DEBUG) Check if clock.c##e04a4be68474c9ca6b5a64e5f6a39534.gcov is included (gcov file)...
(DEBUG)   Filter AlwaysMatchFilter() matched.
(DEBUG) --> File is included.
(DEBUG) Check if timeutil.h##c4a1c79a693a48aa5e4778148fedfdef.gcov is included (gcov file)...
(DEBUG)   Filter AlwaysMatchFilter() matched.
(DEBUG) --> File is included.
(DEBUG) Check if kernel.h##a43b07f35530a2575a8767c959abd1d5.gcov is included (gcov file)...
(DEBUG)   Filter AlwaysMatchFilter() matched.
(DEBUG) --> File is included.
(DEBUG) Check if spinlock.h##7a9625cd30eeacafc44455d74d611b1c.gcov is included (gcov file)...
(DEBUG)   Filter AlwaysMatchFilter() matched.
(DEBUG) --> File is included.
(DEBUG) Check if clock.h##a9e9a70cf19622c4959f997434286cc9.gcov is included (gcov file)...
(DEBUG)   Filter AlwaysMatchFilter() matched.
(DEBUG) --> File is included.
(DEBUG) Check if arch.h##cd3ec459a8a675a723e815b63d40d361.gcov is included (gcov file)...
(DEBUG)   Filter AlwaysMatchFilter() matched.
(DEBUG) --> File is included.
(DEBUG) Check if /home/cto/zephyrproject/zephyr-course/twister-out/clock.h##a9e9a70cf19622c4959f997434286cc9.gcov is included (trace)...
(DEBUG)   No filter matched.
(DEBUG) --> File is excluded.
(DEBUG) Finding source file corresponding to a gcov data file
  gcov_fname   /home/cto/zephyrproject/zephyr-course/twister-out/clock.h##a9e9a70cf19622c4959f997434286cc9.gcov
  current_dir  /home/cto/zephyrproject/zephyr-course/twister-out
  root         /home/cto/zephyrproject/zephyr-course/app/modules/ring_buf
  starting_dir /home/cto/zephyrproject/zephyr-course
  obj_dir      /home/cto/zephyrproject/zephyr-course/twister-out
  gcda_fname   native_sim_native/host_gnu/zephyr-course/tests/ring_buf/homework.unit.ring_buf/zephyr/CMakeFiles/zephyr.dir/lib/os/clock.c.gcda
  --> fname    /home/cto/zephyrproject/zephyr-course/twister-out/native_sim_native/host_gnu/zephyr-course/tests/ring_buf/homework.unit.ring_buf/zephyr/include/generated/zephyr/syscalls/clock.h
(DEBUG) Check if /home/cto/zephyrproject/zephyr-course/twister-out/native_sim_native/host_gnu/zephyr-course/tests/ring_buf/homework.unit.ring_buf/zephyr/include/generated/zephyr/syscalls/clock.h is included (source file)...
(DEBUG)   No filter matched.
(DEBUG) --> File is excluded.
(DEBUG) Check if /home/cto/zephyrproject/zephyr-course/twister-out/spinlock.h##7a9625cd30eeacafc44455d74d611b1c.gcov is included (trace)...
(DEBUG)   No filter matched.
(DEBUG) --> File is excluded.
(DEBUG) Finding source file corresponding to a gcov data file
  gcov_fname   /home/cto/zephyrproject/zephyr-course/twister-out/spinlock.h##7a9625cd30eeacafc44455d74d611b1c.gcov
  current_dir  /home/cto/zephyrproject/zephyr-course/twister-out
  root         /home/cto/zephyrproject/zephyr-course/app/modules/ring_buf
  starting_dir /home/cto/zephyrproject/zephyr-course
  obj_dir      /home/cto/zephyrproject/zephyr-course/twister-out
  gcda_fname   native_sim_native/host_gnu/zephyr-course/tests/ring_buf/homework.unit.ring_buf/zephyr/CMakeFiles/zephyr.dir/lib/os/clock.c.gcda
  --> fname    /home/cto/zephyrproject/zephyr/include/zephyr/spinlock.h
(DEBUG) Check if /home/cto/zephyrproject/zephyr/include/zephyr/spinlock.h is included (source file)...
(DEBUG)   No filter matched.
(DEBUG) --> File is excluded.
(DEBUG) Check if /home/cto/zephyrproject/zephyr-course/twister-out/timeutil.h##c4a1c79a693a48aa5e4778148fedfdef.gcov is included (trace)...
(DEBUG)   No filter matched.
(DEBUG) --> File is excluded.
(DEBUG) Finding source file corresponding to a gcov data file
  gcov_fname   /home/cto/zephyrproject/zephyr-course/twister-out/timeutil.h##c4a1c79a693a48aa5e4778148fedfdef.gcov
  current_dir  /home/cto/zephyrproject/zephyr-course/twister-out
  root         /home/cto/zephyrproject/zephyr-course/app/modules/ring_buf
  starting_dir /home/cto/zephyrproject/zephyr-course
  obj_dir      /home/cto/zephyrproject/zephyr-course/twister-out
  gcda_fname   native_sim_native/host_gnu/zephyr-course/tests/ring_buf/homework.unit.ring_buf/zephyr/CMakeFiles/zephyr.dir/lib/os/clock.c.gcda
  --> fname    /home/cto/zephyrproject/zephyr/include/zephyr/sys/timeutil.h
(DEBUG) Check if /home/cto/zephyrproject/zephyr/include/zephyr/sys/timeutil.h is included (source file)...
(DEBUG)   No filter matched.
(DEBUG) --> File is excluded.
(DEBUG) Check if /home/cto/zephyrproject/zephyr-course/twister-out/kernel.h##a43b07f35530a2575a8767c959abd1d5.gcov is included (trace)...
(DEBUG)   No filter matched.
(DEBUG) --> File is excluded.
(DEBUG) Finding source file corresponding to a gcov data file
  gcov_fname   /home/cto/zephyrproject/zephyr-course/twister-out/kernel.h##a43b07f35530a2575a8767c959abd1d5.gcov
  current_dir  /home/cto/zephyrproject/zephyr-course/twister-out
  root         /home/cto/zephyrproject/zephyr-course/app/modules/ring_buf
  starting_dir /home/cto/zephyrproject/zephyr-course
  obj_dir      /home/cto/zephyrproject/zephyr-course/twister-out
  gcda_fname   native_sim_native/host_gnu/zephyr-course/tests/ring_buf/homework.unit.ring_buf/zephyr/CMakeFiles/zephyr.dir/lib/os/clock.c.gcda
  --> fname    /home/cto/zephyrproject/zephyr-course/twister-out/native_sim_native/host_gnu/zephyr-course/tests/ring_buf/homework.unit.ring_buf/zephyr/include/generated/zephyr/syscalls/kernel.h
(DEBUG) Check if /home/cto/zephyrproject/zephyr-course/twister-out/native_sim_native/host_gnu/zephyr-course/tests/ring_buf/homework.unit.ring_buf/zephyr/include/generated/zephyr/syscalls/kernel.h is included (source file)...
(DEBUG)   No filter matched.
(DEBUG) --> File is excluded.
(DEBUG) Check if /home/cto/zephyrproject/zephyr-course/twister-out/arch.h##cd3ec459a8a675a723e815b63d40d361.gcov is included (trace)...
(DEBUG)   No filter matched.
(DEBUG) --> File is excluded.
(DEBUG) Finding source file corresponding to a gcov data file
  gcov_fname   /home/cto/zephyrproject/zephyr-course/twister-out/arch.h##cd3ec459a8a675a723e815b63d40d361.gcov
  current_dir  /home/cto/zephyrproject/zephyr-course/twister-out
  root         /home/cto/zephyrproject/zephyr-course/app/modules/ring_buf
  starting_dir /home/cto/zephyrproject/zephyr-course
  obj_dir      /home/cto/zephyrproject/zephyr-course/twister-out
  gcda_fname   native_sim_native/host_gnu/zephyr-course/tests/ring_buf/homework.unit.ring_buf/zephyr/CMakeFiles/zephyr.dir/lib/os/clock.c.gcda
  --> fname    /home/cto/zephyrproject/zephyr/include/zephyr/arch/posix/arch.h
(DEBUG) Check if /home/cto/zephyrproject/zephyr/include/zephyr/arch/posix/arch.h is included (source file)...
(DEBUG)   No filter matched.
(DEBUG) --> File is excluded.
(DEBUG) Check if /home/cto/zephyrproject/zephyr-course/twister-out/clock.c##e04a4be68474c9ca6b5a64e5f6a39534.gcov is included (trace)...
(DEBUG)   No filter matched.
(DEBUG) --> File is excluded.
(DEBUG) Finding source file corresponding to a gcov data file
  gcov_fname   /home/cto/zephyrproject/zephyr-course/twister-out/clock.c##e04a4be68474c9ca6b5a64e5f6a39534.gcov
  current_dir  /home/cto/zephyrproject/zephyr-course/twister-out
  root         /home/cto/zephyrproject/zephyr-course/app/modules/ring_buf
  starting_dir /home/cto/zephyrproject/zephyr-course
  obj_dir      /home/cto/zephyrproject/zephyr-course/twister-out
  gcda_fname   native_sim_native/host_gnu/zephyr-course/tests/ring_buf/homework.unit.ring_buf/zephyr/CMakeFiles/zephyr.dir/lib/os/clock.c.gcda
  --> fname    /home/cto/zephyrproject/zephyr/lib/os/clock.c
(DEBUG) Check if /home/cto/zephyrproject/zephyr/lib/os/clock.c is included (source file)...
(DEBUG)   No filter matched.
(DEBUG) --> File is excluded.
(DEBUG) Check if /home/cto/zephyrproject/zephyr-course/twister-out/native_sim_native/host_gnu/zephyr-course/tests/ring_buf/homework.unit.ring_buf/zephyr/CMakeFiles/zephyr.dir/lib/os/printk.c.gcda is included (trace)...
(DEBUG)   No filter matched.
(DEBUG) --> File is excluded.
(DEBUG) Check if /home/cto/zephyrproject/zephyr-course/twister-out/native_sim_native/host_gnu/zephyr-course/tests/ring_buf/homework.unit.ring_buf/zephyr/CMakeFiles/zephyr.dir/lib/os/printk.c.gcda is included (trace)...
(DEBUG) --> File is excluded.
(DEBUG) Check if printk.c##b3fd9d5e95a3ee63df5920cb216f3ad4.gcov is included (gcov file)...
(DEBUG)   Filter AlwaysMatchFilter() matched.
(DEBUG) --> File is included.
(DEBUG) Check if cbprintf.h##7f5842b334517eb8370638073e85f4ed.gcov is included (gcov file)...
(DEBUG) --> File is included.
(DEBUG) Check if kernel.h##a43b07f35530a2575a8767c959abd1d5.gcov is included (gcov file)...
(DEBUG) --> File is included.
(DEBUG) Check if /home/cto/zephyrproject/zephyr-course/twister-out/kernel.h##a43b07f35530a2575a8767c959abd1d5.gcov is included (trace)...
(DEBUG) --> File is excluded.
(DEBUG) Finding source file corresponding to a gcov data file
  gcov_fname   /home/cto/zephyrproject/zephyr-course/twister-out/kernel.h##a43b07f35530a2575a8767c959abd1d5.gcov
  current_dir  /home/cto/zephyrproject/zephyr-course/twister-out
  root         /home/cto/zephyrproject/zephyr-course/app/modules/ring_buf
  starting_dir /home/cto/zephyrproject/zephyr-course
  obj_dir      /home/cto/zephyrproject/zephyr-course/twister-out
  gcda_fname   native_sim_native/host_gnu/zephyr-course/tests/ring_buf/homework.unit.ring_buf/zephyr/CMakeFiles/zephyr.dir/lib/os/printk.c.gcda
  --> fname    /home/cto/zephyrproject/zephyr-course/twister-out/native_sim_native/host_gnu/zephyr-course/tests/ring_buf/homework.unit.ring_buf/zephyr/include/generated/zephyr/syscalls/kernel.h
(DEBUG) Check if /home/cto/zephyrproject/zephyr-course/twister-out/native_sim_native/host_gnu/zephyr-course/tests/ring_buf/homework.unit.ring_buf/zephyr/include/generated/zephyr/syscalls/kernel.h is included (source file)...
(DEBUG) --> File is excluded.
(DEBUG) Check if /home/cto/zephyrproject/zephyr-course/twister-out/cbprintf.h##7f5842b334517eb8370638073e85f4ed.gcov is included (trace)...
(DEBUG) --> File is excluded.
(DEBUG) Finding source file corresponding to a gcov data file
  gcov_fname   /home/cto/zephyrproject/zephyr-course/twister-out/cbprintf.h##7f5842b334517eb8370638073e85f4ed.gcov
  current_dir  /home/cto/zephyrproject/zephyr-course/twister-out
  root         /home/cto/zephyrproject/zephyr-course/app/modules/ring_buf
  starting_dir /home/cto/zephyrproject/zephyr-course
  obj_dir      /home/cto/zephyrproject/zephyr-course/twister-out
  gcda_fname   native_sim_native/host_gnu/zephyr-course/tests/ring_buf/homework.unit.ring_buf/zephyr/CMakeFiles/zephyr.dir/lib/os/printk.c.gcda
  --> fname    /home/cto/zephyrproject/zephyr/include/zephyr/sys/cbprintf.h
(DEBUG) Check if /home/cto/zephyrproject/zephyr/include/zephyr/sys/cbprintf.h is included (source file)...
(DEBUG) --> File is excluded.
(DEBUG) Check if /home/cto/zephyrproject/zephyr-course/twister-out/printk.c##b3fd9d5e95a3ee63df5920cb216f3ad4.gcov is included (trace)...
(DEBUG)   No filter matched.
(DEBUG) --> File is excluded.
(DEBUG) Finding source file corresponding to a gcov data file
  gcov_fname   /home/cto/zephyrproject/zephyr-course/twister-out/printk.c##b3fd9d5e95a3ee63df5920cb216f3ad4.gcov
  current_dir  /home/cto/zephyrproject/zephyr-course/twister-out
  root         /home/cto/zephyrproject/zephyr-course/app/modules/ring_buf
  starting_dir /home/cto/zephyrproject/zephyr-course
  obj_dir      /home/cto/zephyrproject/zephyr-course/twister-out
  gcda_fname   native_sim_native/host_gnu/zephyr-course/tests/ring_buf/homework.unit.ring_buf/zephyr/CMakeFiles/zephyr.dir/lib/os/printk.c.gcda
  --> fname    /home/cto/zephyrproject/zephyr/lib/os/printk.c
(DEBUG) Check if /home/cto/zephyrproject/zephyr/lib/os/printk.c is included (source file)...
(DEBUG)   No filter matched.
(DEBUG) --> File is excluded.
(DEBUG) Check if /home/cto/zephyrproject/zephyr-course/twister-out/native_sim_native/host_gnu/zephyr-course/tests/ring_buf/homework.unit.ring_buf/zephyr/CMakeFiles/zephyr.dir/lib/os/sem.c.gcda is included (trace)...
(DEBUG)   No filter matched.
(DEBUG) --> File is excluded.
(DEBUG) Check if /home/cto/zephyrproject/zephyr-course/twister-out/native_sim_native/host_gnu/zephyr-course/tests/ring_buf/homework.unit.ring_buf/zephyr/CMakeFiles/zephyr.dir/lib/os/sem.c.gcda is included (trace)...
(DEBUG) --> File is excluded.
(DEBUG) Check if sem.c##e17aa3481826cf9f3c24bfbf3df819f5.gcov is included (gcov file)...
(DEBUG)   Filter AlwaysMatchFilter() matched.
(DEBUG) --> File is included.
(DEBUG) Check if kernel.h##a43b07f35530a2575a8767c959abd1d5.gcov is included (gcov file)...
(DEBUG) --> File is included.
(DEBUG) Check if kernel.h##3d600634decb40355467717e98cbaefe.gcov is included (gcov file)...
(DEBUG)   Filter AlwaysMatchFilter() matched.
(DEBUG) --> File is included.
(DEBUG) Check if /home/cto/zephyrproject/zephyr-course/twister-out/kernel.h##3d600634decb40355467717e98cbaefe.gcov is included (trace)...
(DEBUG)   No filter matched.
(DEBUG) --> File is excluded.
(DEBUG) Finding source file corresponding to a gcov data file
  gcov_fname   /home/cto/zephyrproject/zephyr-course/twister-out/kernel.h##3d600634decb40355467717e98cbaefe.gcov
  current_dir  /home/cto/zephyrproject/zephyr-course/twister-out
  root         /home/cto/zephyrproject/zephyr-course/app/modules/ring_buf
  starting_dir /home/cto/zephyrproject/zephyr-course
  obj_dir      /home/cto/zephyrproject/zephyr-course/twister-out
  gcda_fname   native_sim_native/host_gnu/zephyr-course/tests/ring_buf/homework.unit.ring_buf/zephyr/CMakeFiles/zephyr.dir/lib/os/sem.c.gcda
  --> fname    /home/cto/zephyrproject/zephyr/include/zephyr/kernel.h
(DEBUG) Check if /home/cto/zephyrproject/zephyr/include/zephyr/kernel.h is included (source file)...
(DEBUG)   No filter matched.
(DEBUG) --> File is excluded.
(DEBUG) Check if /home/cto/zephyrproject/zephyr-course/twister-out/sem.c##e17aa3481826cf9f3c24bfbf3df819f5.gcov is included (trace)...
(DEBUG)   No filter matched.
(DEBUG) --> File is excluded.
(DEBUG) Finding source file corresponding to a gcov data file
  gcov_fname   /home/cto/zephyrproject/zephyr-course/twister-out/sem.c##e17aa3481826cf9f3c24bfbf3df819f5.gcov
  current_dir  /home/cto/zephyrproject/zephyr-course/twister-out
  root         /home/cto/zephyrproject/zephyr-course/app/modules/ring_buf
  starting_dir /home/cto/zephyrproject/zephyr-course
  obj_dir      /home/cto/zephyrproject/zephyr-course/twister-out
  gcda_fname   native_sim_native/host_gnu/zephyr-course/tests/ring_buf/homework.unit.ring_buf/zephyr/CMakeFiles/zephyr.dir/lib/os/sem.c.gcda
  --> fname    /home/cto/zephyrproject/zephyr/lib/os/sem.c
(DEBUG) Check if /home/cto/zephyrproject/zephyr/lib/os/sem.c is included (source file)...
(DEBUG)   No filter matched.
(DEBUG) --> File is excluded.
(DEBUG) Check if /home/cto/zephyrproject/zephyr-course/twister-out/kernel.h##a43b07f35530a2575a8767c959abd1d5.gcov is included (trace)...
(DEBUG) --> File is excluded.
(DEBUG) Finding source file corresponding to a gcov data file
  gcov_fname   /home/cto/zephyrproject/zephyr-course/twister-out/kernel.h##a43b07f35530a2575a8767c959abd1d5.gcov
  current_dir  /home/cto/zephyrproject/zephyr-course/twister-out
  root         /home/cto/zephyrproject/zephyr-course/app/modules/ring_buf
  starting_dir /home/cto/zephyrproject/zephyr-course
  obj_dir      /home/cto/zephyrproject/zephyr-course/twister-out
  gcda_fname   native_sim_native/host_gnu/zephyr-course/tests/ring_buf/homework.unit.ring_buf/zephyr/CMakeFiles/zephyr.dir/lib/os/sem.c.gcda
  --> fname    /home/cto/zephyrproject/zephyr-course/twister-out/native_sim_native/host_gnu/zephyr-course/tests/ring_buf/homework.unit.ring_buf/zephyr/include/generated/zephyr/syscalls/kernel.h
(DEBUG) Check if /home/cto/zephyrproject/zephyr-course/twister-out/native_sim_native/host_gnu/zephyr-course/tests/ring_buf/homework.unit.ring_buf/zephyr/include/generated/zephyr/syscalls/kernel.h is included (source file)...
(DEBUG) --> File is excluded.
(DEBUG) Check if /home/cto/zephyrproject/zephyr-course/twister-out/native_sim_native/host_gnu/zephyr-course/tests/ring_buf/homework.unit.ring_buf/zephyr/CMakeFiles/zephyr.dir/lib/os/thread_entry.c.gcda is included (trace)...
(DEBUG)   No filter matched.
(DEBUG) --> File is excluded.
(DEBUG) Check if /home/cto/zephyrproject/zephyr-course/twister-out/native_sim_native/host_gnu/zephyr-course/tests/ring_buf/homework.unit.ring_buf/zephyr/CMakeFiles/zephyr.dir/lib/os/thread_entry.c.gcda is included (trace)...
(DEBUG) --> File is excluded.
(DEBUG) Check if thread_entry.c##6e29ea2a8713f682e700063174d1f058.gcov is included (gcov file)...
(DEBUG)   Filter AlwaysMatchFilter() matched.
(DEBUG) --> File is included.
(DEBUG) Check if kernel.h##a43b07f35530a2575a8767c959abd1d5.gcov is included (gcov file)...
(DEBUG) --> File is included.
(DEBUG) Check if kernel.h##3d600634decb40355467717e98cbaefe.gcov is included (gcov file)...
(DEBUG) --> File is included.
(DEBUG) Check if syscall.h##6ebecfa30a736fd9ba1c825de8f2f8af.gcov is included (gcov file)...
(DEBUG)   Filter AlwaysMatchFilter() matched.
(DEBUG) --> File is included.
(DEBUG) Check if /home/cto/zephyrproject/zephyr-course/twister-out/syscall.h##6ebecfa30a736fd9ba1c825de8f2f8af.gcov is included (trace)...
(DEBUG)   No filter matched.
(DEBUG) --> File is excluded.
(DEBUG) Finding source file corresponding to a gcov data file
  gcov_fname   /home/cto/zephyrproject/zephyr-course/twister-out/syscall.h##6ebecfa30a736fd9ba1c825de8f2f8af.gcov
  current_dir  /home/cto/zephyrproject/zephyr-course/twister-out
  root         /home/cto/zephyrproject/zephyr-course/app/modules/ring_buf
  starting_dir /home/cto/zephyrproject/zephyr-course
  obj_dir      /home/cto/zephyrproject/zephyr-course/twister-out
  gcda_fname   native_sim_native/host_gnu/zephyr-course/tests/ring_buf/homework.unit.ring_buf/zephyr/CMakeFiles/zephyr.dir/lib/os/thread_entry.c.gcda
  --> fname    /home/cto/zephyrproject/zephyr/include/zephyr/syscall.h
(DEBUG) Check if /home/cto/zephyrproject/zephyr/include/zephyr/syscall.h is included (source file)...
(DEBUG)   No filter matched.
(DEBUG) --> File is excluded.
(DEBUG) Check if /home/cto/zephyrproject/zephyr-course/twister-out/kernel.h##3d600634decb40355467717e98cbaefe.gcov is included (trace)...
(DEBUG) --> File is excluded.
(DEBUG) Finding source file corresponding to a gcov data file
  gcov_fname   /home/cto/zephyrproject/zephyr-course/twister-out/kernel.h##3d600634decb40355467717e98cbaefe.gcov
  current_dir  /home/cto/zephyrproject/zephyr-course/twister-out
  root         /home/cto/zephyrproject/zephyr-course/app/modules/ring_buf
  starting_dir /home/cto/zephyrproject/zephyr-course
  obj_dir      /home/cto/zephyrproject/zephyr-course/twister-out
  gcda_fname   native_sim_native/host_gnu/zephyr-course/tests/ring_buf/homework.unit.ring_buf/zephyr/CMakeFiles/zephyr.dir/lib/os/thread_entry.c.gcda
  --> fname    /home/cto/zephyrproject/zephyr/include/zephyr/kernel.h
(DEBUG) Check if /home/cto/zephyrproject/zephyr/include/zephyr/kernel.h is included (source file)...
(DEBUG) --> File is excluded.
(DEBUG) Check if /home/cto/zephyrproject/zephyr-course/twister-out/thread_entry.c##6e29ea2a8713f682e700063174d1f058.gcov is included (trace)...
(DEBUG)   No filter matched.
(DEBUG) --> File is excluded.
(DEBUG) Finding source file corresponding to a gcov data file
  gcov_fname   /home/cto/zephyrproject/zephyr-course/twister-out/thread_entry.c##6e29ea2a8713f682e700063174d1f058.gcov
  current_dir  /home/cto/zephyrproject/zephyr-course/twister-out
  root         /home/cto/zephyrproject/zephyr-course/app/modules/ring_buf
  starting_dir /home/cto/zephyrproject/zephyr-course
  obj_dir      /home/cto/zephyrproject/zephyr-course/twister-out
  gcda_fname   native_sim_native/host_gnu/zephyr-course/tests/ring_buf/homework.unit.ring_buf/zephyr/CMakeFiles/zephyr.dir/lib/os/thread_entry.c.gcda
  --> fname    /home/cto/zephyrproject/zephyr/lib/os/thread_entry.c
(DEBUG) Check if /home/cto/zephyrproject/zephyr/lib/os/thread_entry.c is included (source file)...
(DEBUG)   No filter matched.
(DEBUG) --> File is excluded.
(DEBUG) Check if /home/cto/zephyrproject/zephyr-course/twister-out/kernel.h##a43b07f35530a2575a8767c959abd1d5.gcov is included (trace)...
(DEBUG) --> File is excluded.
(DEBUG) Finding source file corresponding to a gcov data file
  gcov_fname   /home/cto/zephyrproject/zephyr-course/twister-out/kernel.h##a43b07f35530a2575a8767c959abd1d5.gcov
  current_dir  /home/cto/zephyrproject/zephyr-course/twister-out
  root         /home/cto/zephyrproject/zephyr-course/app/modules/ring_buf
  starting_dir /home/cto/zephyrproject/zephyr-course
  obj_dir      /home/cto/zephyrproject/zephyr-course/twister-out
  gcda_fname   native_sim_native/host_gnu/zephyr-course/tests/ring_buf/homework.unit.ring_buf/zephyr/CMakeFiles/zephyr.dir/lib/os/thread_entry.c.gcda
  --> fname    /home/cto/zephyrproject/zephyr-course/twister-out/native_sim_native/host_gnu/zephyr-course/tests/ring_buf/homework.unit.ring_buf/zephyr/include/generated/zephyr/syscalls/kernel.h
(DEBUG) Check if /home/cto/zephyrproject/zephyr-course/twister-out/native_sim_native/host_gnu/zephyr-course/tests/ring_buf/homework.unit.ring_buf/zephyr/include/generated/zephyr/syscalls/kernel.h is included (source file)...
(DEBUG) --> File is excluded.
(DEBUG) Check if /home/cto/zephyrproject/zephyr-course/twister-out/native_sim_native/host_gnu/zephyr-course/tests/ring_buf/homework.unit.ring_buf/zephyr/CMakeFiles/zephyr.dir/lib/utils/bitarray.c.gcda is included (trace)...
(DEBUG)   No filter matched.
(DEBUG) --> File is excluded.
(DEBUG) Check if /home/cto/zephyrproject/zephyr-course/twister-out/native_sim_native/host_gnu/zephyr-course/tests/ring_buf/homework.unit.ring_buf/zephyr/CMakeFiles/zephyr.dir/lib/utils/bitarray.c.gcda is included (trace)...
(DEBUG) --> File is excluded.
(DEBUG) Check if bitarray.c##5d7e9dee25e353715387237e1daeb680.gcov is included (gcov file)...
(DEBUG)   Filter AlwaysMatchFilter() matched.
(DEBUG) --> File is included.
(DEBUG) Check if spinlock.h##7a9625cd30eeacafc44455d74d611b1c.gcov is included (gcov file)...
(DEBUG) --> File is included.
(DEBUG) Check if arch.h##cd3ec459a8a675a723e815b63d40d361.gcov is included (gcov file)...
(DEBUG) --> File is included.
(DEBUG) Check if ffs.h##366c3bcb578480b3bf9574e571fff313.gcov is included (gcov file)...
(DEBUG)   Filter AlwaysMatchFilter() matched.
(DEBUG) --> File is included.
(DEBUG) Check if /home/cto/zephyrproject/zephyr-course/twister-out/bitarray.c##5d7e9dee25e353715387237e1daeb680.gcov is included (trace)...
(DEBUG)   No filter matched.
(DEBUG) --> File is excluded.
(DEBUG) Finding source file corresponding to a gcov data file
  gcov_fname   /home/cto/zephyrproject/zephyr-course/twister-out/bitarray.c##5d7e9dee25e353715387237e1daeb680.gcov
  current_dir  /home/cto/zephyrproject/zephyr-course/twister-out
  root         /home/cto/zephyrproject/zephyr-course/app/modules/ring_buf
  starting_dir /home/cto/zephyrproject/zephyr-course
  obj_dir      /home/cto/zephyrproject/zephyr-course/twister-out
  gcda_fname   native_sim_native/host_gnu/zephyr-course/tests/ring_buf/homework.unit.ring_buf/zephyr/CMakeFiles/zephyr.dir/lib/utils/bitarray.c.gcda
  --> fname    /home/cto/zephyrproject/zephyr/lib/utils/bitarray.c
(DEBUG) Check if /home/cto/zephyrproject/zephyr/lib/utils/bitarray.c is included (source file)...
(DEBUG)   No filter matched.
(DEBUG) --> File is excluded.
(DEBUG) Check if /home/cto/zephyrproject/zephyr-course/twister-out/ffs.h##366c3bcb578480b3bf9574e571fff313.gcov is included (trace)...
(DEBUG)   No filter matched.
(DEBUG) --> File is excluded.
(DEBUG) Finding source file corresponding to a gcov data file
  gcov_fname   /home/cto/zephyrproject/zephyr-course/twister-out/ffs.h##366c3bcb578480b3bf9574e571fff313.gcov
  current_dir  /home/cto/zephyrproject/zephyr-course/twister-out
  root         /home/cto/zephyrproject/zephyr-course/app/modules/ring_buf
  starting_dir /home/cto/zephyrproject/zephyr-course
  obj_dir      /home/cto/zephyrproject/zephyr-course/twister-out
  gcda_fname   native_sim_native/host_gnu/zephyr-course/tests/ring_buf/homework.unit.ring_buf/zephyr/CMakeFiles/zephyr.dir/lib/utils/bitarray.c.gcda
  --> fname    /home/cto/zephyrproject/zephyr/include/zephyr/arch/common/ffs.h
(DEBUG) Check if /home/cto/zephyrproject/zephyr/include/zephyr/arch/common/ffs.h is included (source file)...
(DEBUG)   No filter matched.
(DEBUG) --> File is excluded.
(DEBUG) Check if /home/cto/zephyrproject/zephyr-course/twister-out/spinlock.h##7a9625cd30eeacafc44455d74d611b1c.gcov is included (trace)...
(DEBUG) --> File is excluded.
(DEBUG) Finding source file corresponding to a gcov data file
  gcov_fname   /home/cto/zephyrproject/zephyr-course/twister-out/spinlock.h##7a9625cd30eeacafc44455d74d611b1c.gcov
  current_dir  /home/cto/zephyrproject/zephyr-course/twister-out
  root         /home/cto/zephyrproject/zephyr-course/app/modules/ring_buf
  starting_dir /home/cto/zephyrproject/zephyr-course
  obj_dir      /home/cto/zephyrproject/zephyr-course/twister-out
  gcda_fname   native_sim_native/host_gnu/zephyr-course/tests/ring_buf/homework.unit.ring_buf/zephyr/CMakeFiles/zephyr.dir/lib/utils/bitarray.c.gcda
  --> fname    /home/cto/zephyrproject/zephyr/include/zephyr/spinlock.h
(DEBUG) Check if /home/cto/zephyrproject/zephyr/include/zephyr/spinlock.h is included (source file)...
(DEBUG) --> File is excluded.
(DEBUG) Check if /home/cto/zephyrproject/zephyr-course/twister-out/arch.h##cd3ec459a8a675a723e815b63d40d361.gcov is included (trace)...
(DEBUG) --> File is excluded.
(DEBUG) Finding source file corresponding to a gcov data file
  gcov_fname   /home/cto/zephyrproject/zephyr-course/twister-out/arch.h##cd3ec459a8a675a723e815b63d40d361.gcov
  current_dir  /home/cto/zephyrproject/zephyr-course/twister-out
  root         /home/cto/zephyrproject/zephyr-course/app/modules/ring_buf
  starting_dir /home/cto/zephyrproject/zephyr-course
  obj_dir      /home/cto/zephyrproject/zephyr-course/twister-out
  gcda_fname   native_sim_native/host_gnu/zephyr-course/tests/ring_buf/homework.unit.ring_buf/zephyr/CMakeFiles/zephyr.dir/lib/utils/bitarray.c.gcda
  --> fname    /home/cto/zephyrproject/zephyr/include/zephyr/arch/posix/arch.h
(DEBUG) Check if /home/cto/zephyrproject/zephyr/include/zephyr/arch/posix/arch.h is included (source file)...
(DEBUG) --> File is excluded.
(DEBUG) Check if /home/cto/zephyrproject/zephyr-course/twister-out/native_sim_native/host_gnu/zephyr-course/tests/ring_buf/homework.unit.ring_buf/zephyr/CMakeFiles/zephyr.dir/lib/utils/bitmask.c.gcda is included (trace)...
(DEBUG)   No filter matched.
(DEBUG) --> File is excluded.
(DEBUG) Check if /home/cto/zephyrproject/zephyr-course/twister-out/native_sim_native/host_gnu/zephyr-course/tests/ring_buf/homework.unit.ring_buf/zephyr/CMakeFiles/zephyr.dir/lib/utils/bitmask.c.gcda is included (trace)...
(DEBUG) --> File is excluded.
(DEBUG) Check if bitmask.c##315d51bdee1f60da510b6af92dd218e9.gcov is included (gcov file)...
(DEBUG)   Filter AlwaysMatchFilter() matched.
(DEBUG) --> File is included.
(DEBUG) Check if math_extras_impl.h##d9e03954427d447f1d73b273349b4860.gcov is included (gcov file)...
(DEBUG)   Filter AlwaysMatchFilter() matched.
(DEBUG) --> File is included.
(DEBUG) Check if /home/cto/zephyrproject/zephyr-course/twister-out/bitmask.c##315d51bdee1f60da510b6af92dd218e9.gcov is included (trace)...
(DEBUG)   No filter matched.
(DEBUG) --> File is excluded.
(DEBUG) Finding source file corresponding to a gcov data file
  gcov_fname   /home/cto/zephyrproject/zephyr-course/twister-out/bitmask.c##315d51bdee1f60da510b6af92dd218e9.gcov
  current_dir  /home/cto/zephyrproject/zephyr-course/twister-out
  root         /home/cto/zephyrproject/zephyr-course/app/modules/ring_buf
  starting_dir /home/cto/zephyrproject/zephyr-course
  obj_dir      /home/cto/zephyrproject/zephyr-course/twister-out
  gcda_fname   native_sim_native/host_gnu/zephyr-course/tests/ring_buf/homework.unit.ring_buf/zephyr/CMakeFiles/zephyr.dir/lib/utils/bitmask.c.gcda
  --> fname    /home/cto/zephyrproject/zephyr/lib/utils/bitmask.c
(DEBUG) Check if /home/cto/zephyrproject/zephyr/lib/utils/bitmask.c is included (source file)...
(DEBUG)   No filter matched.
(DEBUG) --> File is excluded.
(DEBUG) Check if /home/cto/zephyrproject/zephyr-course/twister-out/math_extras_impl.h##d9e03954427d447f1d73b273349b4860.gcov is included (trace)...
(DEBUG)   No filter matched.
(DEBUG) --> File is excluded.
(DEBUG) Finding source file corresponding to a gcov data file
  gcov_fname   /home/cto/zephyrproject/zephyr-course/twister-out/math_extras_impl.h##d9e03954427d447f1d73b273349b4860.gcov
  current_dir  /home/cto/zephyrproject/zephyr-course/twister-out
  root         /home/cto/zephyrproject/zephyr-course/app/modules/ring_buf
  starting_dir /home/cto/zephyrproject/zephyr-course
  obj_dir      /home/cto/zephyrproject/zephyr-course/twister-out
  gcda_fname   native_sim_native/host_gnu/zephyr-course/tests/ring_buf/homework.unit.ring_buf/zephyr/CMakeFiles/zephyr.dir/lib/utils/bitmask.c.gcda
  --> fname    /home/cto/zephyrproject/zephyr/include/zephyr/sys/math_extras_impl.h
(DEBUG) Check if /home/cto/zephyrproject/zephyr/include/zephyr/sys/math_extras_impl.h is included (source file)...
(DEBUG)   No filter matched.
(DEBUG) --> File is excluded.
(DEBUG) Check if /home/cto/zephyrproject/zephyr-course/twister-out/native_sim_native/host_gnu/zephyr-course/tests/ring_buf/homework.unit.ring_buf/zephyr/CMakeFiles/zephyr.dir/lib/utils/dec.c.gcda is included (trace)...
(DEBUG)   No filter matched.
(DEBUG) --> File is excluded.
(DEBUG) Check if /home/cto/zephyrproject/zephyr-course/twister-out/native_sim_native/host_gnu/zephyr-course/tests/ring_buf/homework.unit.ring_buf/zephyr/CMakeFiles/zephyr.dir/lib/utils/dec.c.gcda is included (trace)...
(DEBUG) --> File is excluded.
(DEBUG) Check if dec.c##16eef633895f3eb062c4f1421abb22a4.gcov is included (gcov file)...
(DEBUG)   Filter AlwaysMatchFilter() matched.
(DEBUG) --> File is included.
(DEBUG) Check if /home/cto/zephyrproject/zephyr-course/twister-out/dec.c##16eef633895f3eb062c4f1421abb22a4.gcov is included (trace)...
(DEBUG)   No filter matched.
(DEBUG) --> File is excluded.
(DEBUG) Finding source file corresponding to a gcov data file
  gcov_fname   /home/cto/zephyrproject/zephyr-course/twister-out/dec.c##16eef633895f3eb062c4f1421abb22a4.gcov
  current_dir  /home/cto/zephyrproject/zephyr-course/twister-out
  root         /home/cto/zephyrproject/zephyr-course/app/modules/ring_buf
  starting_dir /home/cto/zephyrproject/zephyr-course
  obj_dir      /home/cto/zephyrproject/zephyr-course/twister-out
  gcda_fname   native_sim_native/host_gnu/zephyr-course/tests/ring_buf/homework.unit.ring_buf/zephyr/CMakeFiles/zephyr.dir/lib/utils/dec.c.gcda
  --> fname    /home/cto/zephyrproject/zephyr/lib/utils/dec.c
(DEBUG) Check if /home/cto/zephyrproject/zephyr/lib/utils/dec.c is included (source file)...
(DEBUG)   No filter matched.
(DEBUG) --> File is excluded.
(DEBUG) Check if /home/cto/zephyrproject/zephyr-course/twister-out/native_sim_native/host_gnu/zephyr-course/tests/ring_buf/homework.unit.ring_buf/zephyr/CMakeFiles/zephyr.dir/lib/utils/getopt/getopt.c.gcda is included (trace)...
(DEBUG)   No filter matched.
(DEBUG) --> File is excluded.
(DEBUG) Check if /home/cto/zephyrproject/zephyr-course/twister-out/native_sim_native/host_gnu/zephyr-course/tests/ring_buf/homework.unit.ring_buf/zephyr/CMakeFiles/zephyr.dir/lib/utils/getopt/getopt.c.gcda is included (trace)...
(DEBUG) --> File is excluded.
(DEBUG) Check if getopt.c##506045087e6a2b6f2757c276884608ba.gcov is included (gcov file)...
(DEBUG)   Filter AlwaysMatchFilter() matched.
(DEBUG) --> File is included.
(DEBUG) Check if log_msg.h##59cc7ac9dd0b18efa24d51419b863a43.gcov is included (gcov file)...
(DEBUG) --> File is included.
(DEBUG) Check if /home/cto/zephyrproject/zephyr-course/twister-out/log_msg.h##59cc7ac9dd0b18efa24d51419b863a43.gcov is included (trace)...
(DEBUG) --> File is excluded.
(DEBUG) Finding source file corresponding to a gcov data file
  gcov_fname   /home/cto/zephyrproject/zephyr-course/twister-out/log_msg.h##59cc7ac9dd0b18efa24d51419b863a43.gcov
  current_dir  /home/cto/zephyrproject/zephyr-course/twister-out
  root         /home/cto/zephyrproject/zephyr-course/app/modules/ring_buf
  starting_dir /home/cto/zephyrproject/zephyr-course
  obj_dir      /home/cto/zephyrproject/zephyr-course/twister-out
  gcda_fname   native_sim_native/host_gnu/zephyr-course/tests/ring_buf/homework.unit.ring_buf/zephyr/CMakeFiles/zephyr.dir/lib/utils/getopt/getopt.c.gcda
  --> fname    /home/cto/zephyrproject/zephyr/include/zephyr/logging/log_msg.h
(DEBUG) Check if /home/cto/zephyrproject/zephyr/include/zephyr/logging/log_msg.h is included (source file)...
(DEBUG) --> File is excluded.
(DEBUG) Check if /home/cto/zephyrproject/zephyr-course/twister-out/getopt.c##506045087e6a2b6f2757c276884608ba.gcov is included (trace)...
(DEBUG)   No filter matched.
(DEBUG) --> File is excluded.
(DEBUG) Finding source file corresponding to a gcov data file
  gcov_fname   /home/cto/zephyrproject/zephyr-course/twister-out/getopt.c##506045087e6a2b6f2757c276884608ba.gcov
  current_dir  /home/cto/zephyrproject/zephyr-course/twister-out
  root         /home/cto/zephyrproject/zephyr-course/app/modules/ring_buf
  starting_dir /home/cto/zephyrproject/zephyr-course
  obj_dir      /home/cto/zephyrproject/zephyr-course/twister-out
  gcda_fname   native_sim_native/host_gnu/zephyr-course/tests/ring_buf/homework.unit.ring_buf/zephyr/CMakeFiles/zephyr.dir/lib/utils/getopt/getopt.c.gcda
  --> fname    /home/cto/zephyrproject/zephyr/lib/utils/getopt/getopt.c
(DEBUG) Check if /home/cto/zephyrproject/zephyr/lib/utils/getopt/getopt.c is included (source file)...
(DEBUG)   No filter matched.
(DEBUG) --> File is excluded.
(DEBUG) Check if /home/cto/zephyrproject/zephyr-course/twister-out/native_sim_native/host_gnu/zephyr-course/tests/ring_buf/homework.unit.ring_buf/zephyr/CMakeFiles/zephyr.dir/lib/utils/getopt/getopt_common.c.gcda is included (trace)...
(DEBUG)   No filter matched.
(DEBUG) --> File is excluded.
(DEBUG) Check if /home/cto/zephyrproject/zephyr-course/twister-out/native_sim_native/host_gnu/zephyr-course/tests/ring_buf/homework.unit.ring_buf/zephyr/CMakeFiles/zephyr.dir/lib/utils/getopt/getopt_common.c.gcda is included (trace)...
(DEBUG) --> File is excluded.
(DEBUG) Check if getopt_common.c##65603f2ad6f502dbc05a3c7b522ff3ea.gcov is included (gcov file)...
(DEBUG)   Filter AlwaysMatchFilter() matched.
(DEBUG) --> File is included.
(DEBUG) Check if /home/cto/zephyrproject/zephyr-course/twister-out/getopt_common.c##65603f2ad6f502dbc05a3c7b522ff3ea.gcov is included (trace)...
(DEBUG)   No filter matched.
(DEBUG) --> File is excluded.
(DEBUG) Finding source file corresponding to a gcov data file
  gcov_fname   /home/cto/zephyrproject/zephyr-course/twister-out/getopt_common.c##65603f2ad6f502dbc05a3c7b522ff3ea.gcov
  current_dir  /home/cto/zephyrproject/zephyr-course/twister-out
  root         /home/cto/zephyrproject/zephyr-course/app/modules/ring_buf
  starting_dir /home/cto/zephyrproject/zephyr-course
  obj_dir      /home/cto/zephyrproject/zephyr-course/twister-out
  gcda_fname   native_sim_native/host_gnu/zephyr-course/tests/ring_buf/homework.unit.ring_buf/zephyr/CMakeFiles/zephyr.dir/lib/utils/getopt/getopt_common.c.gcda
  --> fname    /home/cto/zephyrproject/zephyr/lib/utils/getopt/getopt_common.c
(DEBUG) Check if /home/cto/zephyrproject/zephyr/lib/utils/getopt/getopt_common.c is included (source file)...
(DEBUG)   No filter matched.
(DEBUG) --> File is excluded.
(DEBUG) Check if /home/cto/zephyrproject/zephyr-course/twister-out/native_sim_native/host_gnu/zephyr-course/tests/ring_buf/homework.unit.ring_buf/zephyr/CMakeFiles/zephyr.dir/lib/utils/hex.c.gcda is included (trace)...
(DEBUG)   No filter matched.
(DEBUG) --> File is excluded.
(DEBUG) Check if /home/cto/zephyrproject/zephyr-course/twister-out/native_sim_native/host_gnu/zephyr-course/tests/ring_buf/homework.unit.ring_buf/zephyr/CMakeFiles/zephyr.dir/lib/utils/hex.c.gcda is included (trace)...
(DEBUG) --> File is excluded.
(DEBUG) Check if hex.c##b81683e159a8d459f971bace0d6f580f.gcov is included (gcov file)...
(DEBUG)   Filter AlwaysMatchFilter() matched.
(DEBUG) --> File is included.
(DEBUG) Check if /home/cto/zephyrproject/zephyr-course/twister-out/hex.c##b81683e159a8d459f971bace0d6f580f.gcov is included (trace)...
(DEBUG)   No filter matched.
(DEBUG) --> File is excluded.
(DEBUG) Finding source file corresponding to a gcov data file
  gcov_fname   /home/cto/zephyrproject/zephyr-course/twister-out/hex.c##b81683e159a8d459f971bace0d6f580f.gcov
  current_dir  /home/cto/zephyrproject/zephyr-course/twister-out
  root         /home/cto/zephyrproject/zephyr-course/app/modules/ring_buf
  starting_dir /home/cto/zephyrproject/zephyr-course
  obj_dir      /home/cto/zephyrproject/zephyr-course/twister-out
  gcda_fname   native_sim_native/host_gnu/zephyr-course/tests/ring_buf/homework.unit.ring_buf/zephyr/CMakeFiles/zephyr.dir/lib/utils/hex.c.gcda
  --> fname    /home/cto/zephyrproject/zephyr/lib/utils/hex.c
(DEBUG) Check if /home/cto/zephyrproject/zephyr/lib/utils/hex.c is included (source file)...
(DEBUG)   No filter matched.
(DEBUG) --> File is excluded.
(DEBUG) Check if /home/cto/zephyrproject/zephyr-course/twister-out/native_sim_native/host_gnu/zephyr-course/tests/ring_buf/homework.unit.ring_buf/zephyr/CMakeFiles/zephyr.dir/lib/utils/rb.c.gcda is included (trace)...
(DEBUG)   No filter matched.
(DEBUG) --> File is excluded.
(DEBUG) Check if /home/cto/zephyrproject/zephyr-course/twister-out/native_sim_native/host_gnu/zephyr-course/tests/ring_buf/homework.unit.ring_buf/zephyr/CMakeFiles/zephyr.dir/lib/utils/rb.c.gcda is included (trace)...
(DEBUG) --> File is excluded.
(DEBUG) Check if rb.c##9060f36a2a8d3d8bbecfa12000f1de3a.gcov is included (gcov file)...
(DEBUG)   Filter AlwaysMatchFilter() matched.
(DEBUG) --> File is included.
(DEBUG) Check if /home/cto/zephyrproject/zephyr-course/twister-out/rb.c##9060f36a2a8d3d8bbecfa12000f1de3a.gcov is included (trace)...
(DEBUG)   No filter matched.
(DEBUG) --> File is excluded.
(DEBUG) Finding source file corresponding to a gcov data file
  gcov_fname   /home/cto/zephyrproject/zephyr-course/twister-out/rb.c##9060f36a2a8d3d8bbecfa12000f1de3a.gcov
  current_dir  /home/cto/zephyrproject/zephyr-course/twister-out
  root         /home/cto/zephyrproject/zephyr-course/app/modules/ring_buf
  starting_dir /home/cto/zephyrproject/zephyr-course
  obj_dir      /home/cto/zephyrproject/zephyr-course/twister-out
  gcda_fname   native_sim_native/host_gnu/zephyr-course/tests/ring_buf/homework.unit.ring_buf/zephyr/CMakeFiles/zephyr.dir/lib/utils/rb.c.gcda
  --> fname    /home/cto/zephyrproject/zephyr/lib/utils/rb.c
(DEBUG) Check if /home/cto/zephyrproject/zephyr/lib/utils/rb.c is included (source file)...
(DEBUG)   No filter matched.
(DEBUG) --> File is excluded.
(DEBUG) Check if /home/cto/zephyrproject/zephyr-course/twister-out/native_sim_native/host_gnu/zephyr-course/tests/ring_buf/homework.unit.ring_buf/zephyr/CMakeFiles/zephyr.dir/lib/utils/ring_buffer.c.gcda is included (trace)...
(DEBUG)   No filter matched.
(DEBUG) --> File is excluded.
(DEBUG) Check if /home/cto/zephyrproject/zephyr-course/twister-out/native_sim_native/host_gnu/zephyr-course/tests/ring_buf/homework.unit.ring_buf/zephyr/CMakeFiles/zephyr.dir/lib/utils/ring_buffer.c.gcda is included (trace)...
(DEBUG) --> File is excluded.
(DEBUG) Check if ring_buffer.c##aa2af12197fbad2544ff147a2cfcd7b2.gcov is included (gcov file)...
(DEBUG)   Filter AlwaysMatchFilter() matched.
(DEBUG) --> File is included.
(DEBUG) Check if ring_buffer.h##e79b1229ca2ab1ad45e7f7d14437a407.gcov is included (gcov file)...
(DEBUG)   Filter AlwaysMatchFilter() matched.
(DEBUG) --> File is included.
(DEBUG) Check if /home/cto/zephyrproject/zephyr-course/twister-out/ring_buffer.h##e79b1229ca2ab1ad45e7f7d14437a407.gcov is included (trace)...
(DEBUG)   No filter matched.
(DEBUG) --> File is excluded.
(DEBUG) Finding source file corresponding to a gcov data file
  gcov_fname   /home/cto/zephyrproject/zephyr-course/twister-out/ring_buffer.h##e79b1229ca2ab1ad45e7f7d14437a407.gcov
  current_dir  /home/cto/zephyrproject/zephyr-course/twister-out
  root         /home/cto/zephyrproject/zephyr-course/app/modules/ring_buf
  starting_dir /home/cto/zephyrproject/zephyr-course
  obj_dir      /home/cto/zephyrproject/zephyr-course/twister-out
  gcda_fname   native_sim_native/host_gnu/zephyr-course/tests/ring_buf/homework.unit.ring_buf/zephyr/CMakeFiles/zephyr.dir/lib/utils/ring_buffer.c.gcda
  --> fname    /home/cto/zephyrproject/zephyr/include/zephyr/sys/ring_buffer.h
(DEBUG) Check if /home/cto/zephyrproject/zephyr/include/zephyr/sys/ring_buffer.h is included (source file)...
(DEBUG)   No filter matched.
(DEBUG) --> File is excluded.
(DEBUG) Check if /home/cto/zephyrproject/zephyr-course/twister-out/ring_buffer.c##aa2af12197fbad2544ff147a2cfcd7b2.gcov is included (trace)...
(DEBUG)   No filter matched.
(DEBUG) --> File is excluded.
(DEBUG) Finding source file corresponding to a gcov data file
  gcov_fname   /home/cto/zephyrproject/zephyr-course/twister-out/ring_buffer.c##aa2af12197fbad2544ff147a2cfcd7b2.gcov
  current_dir  /home/cto/zephyrproject/zephyr-course/twister-out
  root         /home/cto/zephyrproject/zephyr-course/app/modules/ring_buf
  starting_dir /home/cto/zephyrproject/zephyr-course
  obj_dir      /home/cto/zephyrproject/zephyr-course/twister-out
  gcda_fname   native_sim_native/host_gnu/zephyr-course/tests/ring_buf/homework.unit.ring_buf/zephyr/CMakeFiles/zephyr.dir/lib/utils/ring_buffer.c.gcda
  --> fname    /home/cto/zephyrproject/zephyr/lib/utils/ring_buffer.c
(DEBUG) Check if /home/cto/zephyrproject/zephyr/lib/utils/ring_buffer.c is included (source file)...
(DEBUG)   No filter matched.
(DEBUG) --> File is excluded.
(DEBUG) Check if /home/cto/zephyrproject/zephyr-course/twister-out/native_sim_native/host_gnu/zephyr-course/tests/ring_buf/homework.unit.ring_buf/zephyr/CMakeFiles/zephyr.dir/lib/utils/set.c.gcda is included (trace)...
(DEBUG)   No filter matched.
(DEBUG) --> File is excluded.
(DEBUG) Check if /home/cto/zephyrproject/zephyr-course/twister-out/native_sim_native/host_gnu/zephyr-course/tests/ring_buf/homework.unit.ring_buf/zephyr/CMakeFiles/zephyr.dir/lib/utils/set.c.gcda is included (trace)...
(DEBUG) --> File is excluded.
(DEBUG) Check if set.c##9549085fcfc12cd49cc48f9bfec4f066.gcov is included (gcov file)...
(DEBUG)   Filter AlwaysMatchFilter() matched.
(DEBUG) --> File is included.
(DEBUG) Check if /home/cto/zephyrproject/zephyr-course/twister-out/set.c##9549085fcfc12cd49cc48f9bfec4f066.gcov is included (trace)...
(DEBUG)   No filter matched.
(DEBUG) --> File is excluded.
(DEBUG) Finding source file corresponding to a gcov data file
  gcov_fname   /home/cto/zephyrproject/zephyr-course/twister-out/set.c##9549085fcfc12cd49cc48f9bfec4f066.gcov
  current_dir  /home/cto/zephyrproject/zephyr-course/twister-out
  root         /home/cto/zephyrproject/zephyr-course/app/modules/ring_buf
  starting_dir /home/cto/zephyrproject/zephyr-course
  obj_dir      /home/cto/zephyrproject/zephyr-course/twister-out
  gcda_fname   native_sim_native/host_gnu/zephyr-course/tests/ring_buf/homework.unit.ring_buf/zephyr/CMakeFiles/zephyr.dir/lib/utils/set.c.gcda
  --> fname    /home/cto/zephyrproject/zephyr/lib/utils/set.c
(DEBUG) Check if /home/cto/zephyrproject/zephyr/lib/utils/set.c is included (source file)...
(DEBUG)   No filter matched.
(DEBUG) --> File is excluded.
(DEBUG) Check if /home/cto/zephyrproject/zephyr-course/twister-out/native_sim_native/host_gnu/zephyr-course/tests/ring_buf/homework.unit.ring_buf/zephyr/CMakeFiles/zephyr.dir/lib/utils/timeutil.c.gcda is included (trace)...
(DEBUG)   No filter matched.
(DEBUG) --> File is excluded.
(DEBUG) Check if /home/cto/zephyrproject/zephyr-course/twister-out/native_sim_native/host_gnu/zephyr-course/tests/ring_buf/homework.unit.ring_buf/zephyr/CMakeFiles/zephyr.dir/lib/utils/timeutil.c.gcda is included (trace)...
(DEBUG) --> File is excluded.
(DEBUG) Check if timeutil.c##cfb1027b8c09ca357984ca7c32e6426c.gcov is included (gcov file)...
(DEBUG)   Filter AlwaysMatchFilter() matched.
(DEBUG) --> File is included.
(DEBUG) Check if timeutil.h##c4a1c79a693a48aa5e4778148fedfdef.gcov is included (gcov file)...
(DEBUG) --> File is included.
(DEBUG) Check if /home/cto/zephyrproject/zephyr-course/twister-out/timeutil.h##c4a1c79a693a48aa5e4778148fedfdef.gcov is included (trace)...
(DEBUG) --> File is excluded.
(DEBUG) Finding source file corresponding to a gcov data file
  gcov_fname   /home/cto/zephyrproject/zephyr-course/twister-out/timeutil.h##c4a1c79a693a48aa5e4778148fedfdef.gcov
  current_dir  /home/cto/zephyrproject/zephyr-course/twister-out
  root         /home/cto/zephyrproject/zephyr-course/app/modules/ring_buf
  starting_dir /home/cto/zephyrproject/zephyr-course
  obj_dir      /home/cto/zephyrproject/zephyr-course/twister-out
  gcda_fname   native_sim_native/host_gnu/zephyr-course/tests/ring_buf/homework.unit.ring_buf/zephyr/CMakeFiles/zephyr.dir/lib/utils/timeutil.c.gcda
  --> fname    /home/cto/zephyrproject/zephyr/include/zephyr/sys/timeutil.h
(DEBUG) Check if /home/cto/zephyrproject/zephyr/include/zephyr/sys/timeutil.h is included (source file)...
(DEBUG) --> File is excluded.
(DEBUG) Check if /home/cto/zephyrproject/zephyr-course/twister-out/timeutil.c##cfb1027b8c09ca357984ca7c32e6426c.gcov is included (trace)...
(DEBUG)   No filter matched.
(DEBUG) --> File is excluded.
(DEBUG) Finding source file corresponding to a gcov data file
  gcov_fname   /home/cto/zephyrproject/zephyr-course/twister-out/timeutil.c##cfb1027b8c09ca357984ca7c32e6426c.gcov
  current_dir  /home/cto/zephyrproject/zephyr-course/twister-out
  root         /home/cto/zephyrproject/zephyr-course/app/modules/ring_buf
  starting_dir /home/cto/zephyrproject/zephyr-course
  obj_dir      /home/cto/zephyrproject/zephyr-course/twister-out
  gcda_fname   native_sim_native/host_gnu/zephyr-course/tests/ring_buf/homework.unit.ring_buf/zephyr/CMakeFiles/zephyr.dir/lib/utils/timeutil.c.gcda
  --> fname    /home/cto/zephyrproject/zephyr/lib/utils/timeutil.c
(DEBUG) Check if /home/cto/zephyrproject/zephyr/lib/utils/timeutil.c is included (source file)...
(DEBUG)   No filter matched.
(DEBUG) --> File is excluded.
(DEBUG) Check if /home/cto/zephyrproject/zephyr-course/twister-out/native_sim_native/host_gnu/zephyr-course/tests/ring_buf/homework.unit.ring_buf/zephyr/CMakeFiles/zephyr.dir/misc/generated/configs.c.gcda is included (trace)...
(DEBUG)   No filter matched.
(DEBUG) --> File is excluded.
(DEBUG) Check if /home/cto/zephyrproject/zephyr-course/twister-out/native_sim_native/host_gnu/zephyr-course/tests/ring_buf/homework.unit.ring_buf/zephyr/CMakeFiles/zephyr.dir/misc/generated/configs.c.gcda is included (trace)...
(DEBUG) --> File is excluded.
(DEBUG) Check if configs.c##041bf06c40d285e6e80c092a2d0018cc.gcov is included (gcov file)...
(DEBUG)   Filter AlwaysMatchFilter() matched.
(DEBUG) --> File is included.
(DEBUG) Check if /home/cto/zephyrproject/zephyr-course/twister-out/configs.c##041bf06c40d285e6e80c092a2d0018cc.gcov is included (trace)...
(DEBUG)   No filter matched.
(DEBUG) --> File is excluded.
(DEBUG) Finding source file corresponding to a gcov data file
  gcov_fname   /home/cto/zephyrproject/zephyr-course/twister-out/configs.c##041bf06c40d285e6e80c092a2d0018cc.gcov
  current_dir  /home/cto/zephyrproject/zephyr-course/twister-out
  root         /home/cto/zephyrproject/zephyr-course/app/modules/ring_buf
  starting_dir /home/cto/zephyrproject/zephyr-course
  obj_dir      /home/cto/zephyrproject/zephyr-course/twister-out
  gcda_fname   native_sim_native/host_gnu/zephyr-course/tests/ring_buf/homework.unit.ring_buf/zephyr/CMakeFiles/zephyr.dir/misc/generated/configs.c.gcda
  --> fname    /home/cto/zephyrproject/zephyr-course/twister-out/native_sim_native/host_gnu/zephyr-course/tests/ring_buf/homework.unit.ring_buf/zephyr/misc/generated/configs.c
(DEBUG) Check if /home/cto/zephyrproject/zephyr-course/twister-out/native_sim_native/host_gnu/zephyr-course/tests/ring_buf/homework.unit.ring_buf/zephyr/misc/generated/configs.c is included (source file)...
(DEBUG)   No filter matched.
(DEBUG) --> File is excluded.
(DEBUG) Check if /home/cto/zephyrproject/zephyr-course/twister-out/native_sim_native/host_gnu/zephyr-course/tests/ring_buf/homework.unit.ring_buf/zephyr/CMakeFiles/zephyr.dir/subsys/logging/backends/log_backend_native_posix.c.gcda is included (trace)...
(DEBUG)   No filter matched.
(DEBUG) --> File is excluded.
(DEBUG) Check if /home/cto/zephyrproject/zephyr-course/twister-out/native_sim_native/host_gnu/zephyr-course/tests/ring_buf/homework.unit.ring_buf/zephyr/CMakeFiles/zephyr.dir/subsys/logging/backends/log_backend_native_posix.c.gcda is included (trace)...
(DEBUG) --> File is excluded.
(DEBUG) Check if log_backend_native_posix.c##408346d87aff5ca879d0d5749cc1c65e.gcov is included (gcov file)...
(DEBUG)   Filter AlwaysMatchFilter() matched.
(DEBUG) --> File is included.
(DEBUG) Check if log_backend_std.h##aff1c48bafdbf60c4620a21f4d63fbc4.gcov is included (gcov file)...
(DEBUG)   Filter AlwaysMatchFilter() matched.
(DEBUG) --> File is included.
(DEBUG) Check if log_output.h##2247199f205655c774a22efedee2ed0b.gcov is included (gcov file)...
(DEBUG)   Filter AlwaysMatchFilter() matched.
(DEBUG) --> File is included.
(DEBUG) Check if /home/cto/zephyrproject/zephyr-course/twister-out/log_backend_std.h##aff1c48bafdbf60c4620a21f4d63fbc4.gcov is included (trace)...
(DEBUG)   No filter matched.
(DEBUG) --> File is excluded.
(DEBUG) Finding source file corresponding to a gcov data file
  gcov_fname   /home/cto/zephyrproject/zephyr-course/twister-out/log_backend_std.h##aff1c48bafdbf60c4620a21f4d63fbc4.gcov
  current_dir  /home/cto/zephyrproject/zephyr-course/twister-out
  root         /home/cto/zephyrproject/zephyr-course/app/modules/ring_buf
  starting_dir /home/cto/zephyrproject/zephyr-course
  obj_dir      /home/cto/zephyrproject/zephyr-course/twister-out
  gcda_fname   native_sim_native/host_gnu/zephyr-course/tests/ring_buf/homework.unit.ring_buf/zephyr/CMakeFiles/zephyr.dir/subsys/logging/backends/log_backend_native_posix.c.gcda
  --> fname    /home/cto/zephyrproject/zephyr/include/zephyr/logging/log_backend_std.h
(DEBUG) Check if /home/cto/zephyrproject/zephyr/include/zephyr/logging/log_backend_std.h is included (source file)...
(DEBUG)   No filter matched.
(DEBUG) --> File is excluded.
(DEBUG) Check if /home/cto/zephyrproject/zephyr-course/twister-out/log_output.h##2247199f205655c774a22efedee2ed0b.gcov is included (trace)...
(DEBUG)   No filter matched.
(DEBUG) --> File is excluded.
(DEBUG) Finding source file corresponding to a gcov data file
  gcov_fname   /home/cto/zephyrproject/zephyr-course/twister-out/log_output.h##2247199f205655c774a22efedee2ed0b.gcov
  current_dir  /home/cto/zephyrproject/zephyr-course/twister-out
  root         /home/cto/zephyrproject/zephyr-course/app/modules/ring_buf
  starting_dir /home/cto/zephyrproject/zephyr-course
  obj_dir      /home/cto/zephyrproject/zephyr-course/twister-out
  gcda_fname   native_sim_native/host_gnu/zephyr-course/tests/ring_buf/homework.unit.ring_buf/zephyr/CMakeFiles/zephyr.dir/subsys/logging/backends/log_backend_native_posix.c.gcda
  --> fname    /home/cto/zephyrproject/zephyr/include/zephyr/logging/log_output.h
(DEBUG) Check if /home/cto/zephyrproject/zephyr/include/zephyr/logging/log_output.h is included (source file)...
(DEBUG)   No filter matched.
(DEBUG) --> File is excluded.
(DEBUG) Check if /home/cto/zephyrproject/zephyr-course/twister-out/log_backend_native_posix.c##408346d87aff5ca879d0d5749cc1c65e.gcov is included (trace)...
(DEBUG)   No filter matched.
(DEBUG) --> File is excluded.
(DEBUG) Finding source file corresponding to a gcov data file
  gcov_fname   /home/cto/zephyrproject/zephyr-course/twister-out/log_backend_native_posix.c##408346d87aff5ca879d0d5749cc1c65e.gcov
  current_dir  /home/cto/zephyrproject/zephyr-course/twister-out
  root         /home/cto/zephyrproject/zephyr-course/app/modules/ring_buf
  starting_dir /home/cto/zephyrproject/zephyr-course
  obj_dir      /home/cto/zephyrproject/zephyr-course/twister-out
  gcda_fname   native_sim_native/host_gnu/zephyr-course/tests/ring_buf/homework.unit.ring_buf/zephyr/CMakeFiles/zephyr.dir/subsys/logging/backends/log_backend_native_posix.c.gcda
  --> fname    /home/cto/zephyrproject/zephyr/subsys/logging/backends/log_backend_native_posix.c
(DEBUG) Check if /home/cto/zephyrproject/zephyr/subsys/logging/backends/log_backend_native_posix.c is included (source file)...
(DEBUG)   No filter matched.
(DEBUG) --> File is excluded.
(DEBUG) Check if /home/cto/zephyrproject/zephyr-course/twister-out/native_sim_native/host_gnu/zephyr-course/tests/ring_buf/homework.unit.ring_buf/zephyr/CMakeFiles/zephyr.dir/subsys/logging/log_cache.c.gcda is included (trace)...
(DEBUG)   No filter matched.
(DEBUG) --> File is excluded.
(DEBUG) Check if /home/cto/zephyrproject/zephyr-course/twister-out/native_sim_native/host_gnu/zephyr-course/tests/ring_buf/homework.unit.ring_buf/zephyr/CMakeFiles/zephyr.dir/subsys/logging/log_cache.c.gcda is included (trace)...
(DEBUG) --> File is excluded.
(DEBUG) Check if log_cache.c##53ce3118a3a5fa5eb41c8f3bb67c5ecc.gcov is included (gcov file)...
(DEBUG)   Filter AlwaysMatchFilter() matched.
(DEBUG) --> File is included.
(DEBUG) Check if slist.h##7b95aa3c0698bfea51ac3ed14efb4063.gcov is included (gcov file)...
(DEBUG)   Filter AlwaysMatchFilter() matched.
(DEBUG) --> File is included.
(DEBUG) Check if /home/cto/zephyrproject/zephyr-course/twister-out/slist.h##7b95aa3c0698bfea51ac3ed14efb4063.gcov is included (trace)...
(DEBUG)   No filter matched.
(DEBUG) --> File is excluded.
(DEBUG) Finding source file corresponding to a gcov data file
  gcov_fname   /home/cto/zephyrproject/zephyr-course/twister-out/slist.h##7b95aa3c0698bfea51ac3ed14efb4063.gcov
  current_dir  /home/cto/zephyrproject/zephyr-course/twister-out
  root         /home/cto/zephyrproject/zephyr-course/app/modules/ring_buf
  starting_dir /home/cto/zephyrproject/zephyr-course
  obj_dir      /home/cto/zephyrproject/zephyr-course/twister-out
  gcda_fname   native_sim_native/host_gnu/zephyr-course/tests/ring_buf/homework.unit.ring_buf/zephyr/CMakeFiles/zephyr.dir/subsys/logging/log_cache.c.gcda
  --> fname    /home/cto/zephyrproject/zephyr/include/zephyr/sys/slist.h
(DEBUG) Check if /home/cto/zephyrproject/zephyr/include/zephyr/sys/slist.h is included (source file)...
(DEBUG)   No filter matched.
(DEBUG) --> File is excluded.
(DEBUG) Check if /home/cto/zephyrproject/zephyr-course/twister-out/log_cache.c##53ce3118a3a5fa5eb41c8f3bb67c5ecc.gcov is included (trace)...
(DEBUG)   No filter matched.
(DEBUG) --> File is excluded.
(DEBUG) Finding source file corresponding to a gcov data file
  gcov_fname   /home/cto/zephyrproject/zephyr-course/twister-out/log_cache.c##53ce3118a3a5fa5eb41c8f3bb67c5ecc.gcov
  current_dir  /home/cto/zephyrproject/zephyr-course/twister-out
  root         /home/cto/zephyrproject/zephyr-course/app/modules/ring_buf
  starting_dir /home/cto/zephyrproject/zephyr-course
  obj_dir      /home/cto/zephyrproject/zephyr-course/twister-out
  gcda_fname   native_sim_native/host_gnu/zephyr-course/tests/ring_buf/homework.unit.ring_buf/zephyr/CMakeFiles/zephyr.dir/subsys/logging/log_cache.c.gcda
  --> fname    /home/cto/zephyrproject/zephyr/subsys/logging/log_cache.c
(DEBUG) Check if /home/cto/zephyrproject/zephyr/subsys/logging/log_cache.c is included (source file)...
(DEBUG)   No filter matched.
(DEBUG) --> File is excluded.
(DEBUG) Check if /home/cto/zephyrproject/zephyr-course/twister-out/native_sim_native/host_gnu/zephyr-course/tests/ring_buf/homework.unit.ring_buf/zephyr/CMakeFiles/zephyr.dir/subsys/logging/log_core.c.gcda is included (trace)...
(DEBUG)   No filter matched.
(DEBUG) --> File is excluded.
(DEBUG) Check if /home/cto/zephyrproject/zephyr-course/twister-out/native_sim_native/host_gnu/zephyr-course/tests/ring_buf/homework.unit.ring_buf/zephyr/CMakeFiles/zephyr.dir/subsys/logging/log_core.c.gcda is included (trace)...
(DEBUG) --> File is excluded.
(DEBUG) Check if log_core.c##c1090d235405c47f31ea733d6f81cefe.gcov is included (gcov file)...
(DEBUG)   Filter AlwaysMatchFilter() matched.
(DEBUG) --> File is included.
(DEBUG) Check if log_ctrl.h##1808f1c718a8e219f354e30a1a0343ff.gcov is included (gcov file)...
(DEBUG)   Filter AlwaysMatchFilter() matched.
(DEBUG) --> File is included.
(DEBUG) Check if log_backend.h##92051b9b6e38249a042cedd69ce5c636.gcov is included (gcov file)...
(DEBUG)   Filter AlwaysMatchFilter() matched.
(DEBUG) --> File is included.
(DEBUG) Check if kernel.h##a43b07f35530a2575a8767c959abd1d5.gcov is included (gcov file)...
(DEBUG) --> File is included.
(DEBUG) Check if kernel.h##3d600634decb40355467717e98cbaefe.gcov is included (gcov file)...
(DEBUG) --> File is included.
(DEBUG) Check if spinlock.h##7a9625cd30eeacafc44455d74d611b1c.gcov is included (gcov file)...
(DEBUG) --> File is included.
(DEBUG) Check if log_msg.h##59cc7ac9dd0b18efa24d51419b863a43.gcov is included (gcov file)...
(DEBUG) --> File is included.
(DEBUG) Check if arch.h##cd3ec459a8a675a723e815b63d40d361.gcov is included (gcov file)...
(DEBUG) --> File is included.
(DEBUG) Check if syscall.h##6ebecfa30a736fd9ba1c825de8f2f8af.gcov is included (gcov file)...
(DEBUG) --> File is included.
(DEBUG) Check if atomic_builtin.h##1fae286bfb54ede46613738764e4514c.gcov is included (gcov file)...
(DEBUG)   Filter AlwaysMatchFilter() matched.
(DEBUG) --> File is included.
(DEBUG) Check if /home/cto/zephyrproject/zephyr-course/twister-out/syscall.h##6ebecfa30a736fd9ba1c825de8f2f8af.gcov is included (trace)...
(DEBUG) --> File is excluded.
(DEBUG) Finding source file corresponding to a gcov data file
  gcov_fname   /home/cto/zephyrproject/zephyr-course/twister-out/syscall.h##6ebecfa30a736fd9ba1c825de8f2f8af.gcov
  current_dir  /home/cto/zephyrproject/zephyr-course/twister-out
  root         /home/cto/zephyrproject/zephyr-course/app/modules/ring_buf
  starting_dir /home/cto/zephyrproject/zephyr-course
  obj_dir      /home/cto/zephyrproject/zephyr-course/twister-out
  gcda_fname   native_sim_native/host_gnu/zephyr-course/tests/ring_buf/homework.unit.ring_buf/zephyr/CMakeFiles/zephyr.dir/subsys/logging/log_core.c.gcda
  --> fname    /home/cto/zephyrproject/zephyr/include/zephyr/syscall.h
(DEBUG) Check if /home/cto/zephyrproject/zephyr/include/zephyr/syscall.h is included (source file)...
(DEBUG) --> File is excluded.
(DEBUG) Check if /home/cto/zephyrproject/zephyr-course/twister-out/atomic_builtin.h##1fae286bfb54ede46613738764e4514c.gcov is included (trace)...
(DEBUG)   No filter matched.
(DEBUG) --> File is excluded.
(DEBUG) Finding source file corresponding to a gcov data file
  gcov_fname   /home/cto/zephyrproject/zephyr-course/twister-out/atomic_builtin.h##1fae286bfb54ede46613738764e4514c.gcov
  current_dir  /home/cto/zephyrproject/zephyr-course/twister-out
  root         /home/cto/zephyrproject/zephyr-course/app/modules/ring_buf
  starting_dir /home/cto/zephyrproject/zephyr-course
  obj_dir      /home/cto/zephyrproject/zephyr-course/twister-out
  gcda_fname   native_sim_native/host_gnu/zephyr-course/tests/ring_buf/homework.unit.ring_buf/zephyr/CMakeFiles/zephyr.dir/subsys/logging/log_core.c.gcda
  --> fname    /home/cto/zephyrproject/zephyr/include/zephyr/sys/atomic_builtin.h
(DEBUG) Check if /home/cto/zephyrproject/zephyr/include/zephyr/sys/atomic_builtin.h is included (source file)...
(DEBUG)   No filter matched.
(DEBUG) --> File is excluded.
(DEBUG) Check if /home/cto/zephyrproject/zephyr-course/twister-out/log_backend.h##92051b9b6e38249a042cedd69ce5c636.gcov is included (trace)...
(DEBUG)   No filter matched.
(DEBUG) --> File is excluded.
(DEBUG) Finding source file corresponding to a gcov data file
  gcov_fname   /home/cto/zephyrproject/zephyr-course/twister-out/log_backend.h##92051b9b6e38249a042cedd69ce5c636.gcov
  current_dir  /home/cto/zephyrproject/zephyr-course/twister-out
  root         /home/cto/zephyrproject/zephyr-course/app/modules/ring_buf
  starting_dir /home/cto/zephyrproject/zephyr-course
  obj_dir      /home/cto/zephyrproject/zephyr-course/twister-out
  gcda_fname   native_sim_native/host_gnu/zephyr-course/tests/ring_buf/homework.unit.ring_buf/zephyr/CMakeFiles/zephyr.dir/subsys/logging/log_core.c.gcda
  --> fname    /home/cto/zephyrproject/zephyr/include/zephyr/logging/log_backend.h
(DEBUG) Check if /home/cto/zephyrproject/zephyr/include/zephyr/logging/log_backend.h is included (source file)...
(DEBUG)   No filter matched.
(DEBUG) --> File is excluded.
(DEBUG) Check if /home/cto/zephyrproject/zephyr-course/twister-out/spinlock.h##7a9625cd30eeacafc44455d74d611b1c.gcov is included (trace)...
(DEBUG) --> File is excluded.
(DEBUG) Finding source file corresponding to a gcov data file
  gcov_fname   /home/cto/zephyrproject/zephyr-course/twister-out/spinlock.h##7a9625cd30eeacafc44455d74d611b1c.gcov
  current_dir  /home/cto/zephyrproject/zephyr-course/twister-out
  root         /home/cto/zephyrproject/zephyr-course/app/modules/ring_buf
  starting_dir /home/cto/zephyrproject/zephyr-course
  obj_dir      /home/cto/zephyrproject/zephyr-course/twister-out
  gcda_fname   native_sim_native/host_gnu/zephyr-course/tests/ring_buf/homework.unit.ring_buf/zephyr/CMakeFiles/zephyr.dir/subsys/logging/log_core.c.gcda
  --> fname    /home/cto/zephyrproject/zephyr/include/zephyr/spinlock.h
(DEBUG) Check if /home/cto/zephyrproject/zephyr/include/zephyr/spinlock.h is included (source file)...
(DEBUG) --> File is excluded.
(DEBUG) Check if /home/cto/zephyrproject/zephyr-course/twister-out/log_core.c##c1090d235405c47f31ea733d6f81cefe.gcov is included (trace)...
(DEBUG)   No filter matched.
(DEBUG) --> File is excluded.
(DEBUG) Finding source file corresponding to a gcov data file
  gcov_fname   /home/cto/zephyrproject/zephyr-course/twister-out/log_core.c##c1090d235405c47f31ea733d6f81cefe.gcov
  current_dir  /home/cto/zephyrproject/zephyr-course/twister-out
  root         /home/cto/zephyrproject/zephyr-course/app/modules/ring_buf
  starting_dir /home/cto/zephyrproject/zephyr-course
  obj_dir      /home/cto/zephyrproject/zephyr-course/twister-out
  gcda_fname   native_sim_native/host_gnu/zephyr-course/tests/ring_buf/homework.unit.ring_buf/zephyr/CMakeFiles/zephyr.dir/subsys/logging/log_core.c.gcda
  --> fname    /home/cto/zephyrproject/zephyr/subsys/logging/log_core.c
(DEBUG) Check if /home/cto/zephyrproject/zephyr/subsys/logging/log_core.c is included (source file)...
(DEBUG)   No filter matched.
(DEBUG) --> File is excluded.
(DEBUG) Check if /home/cto/zephyrproject/zephyr-course/twister-out/log_msg.h##59cc7ac9dd0b18efa24d51419b863a43.gcov is included (trace)...
(DEBUG) --> File is excluded.
(DEBUG) Finding source file corresponding to a gcov data file
  gcov_fname   /home/cto/zephyrproject/zephyr-course/twister-out/log_msg.h##59cc7ac9dd0b18efa24d51419b863a43.gcov
  current_dir  /home/cto/zephyrproject/zephyr-course/twister-out
  root         /home/cto/zephyrproject/zephyr-course/app/modules/ring_buf
  starting_dir /home/cto/zephyrproject/zephyr-course
  obj_dir      /home/cto/zephyrproject/zephyr-course/twister-out
  gcda_fname   native_sim_native/host_gnu/zephyr-course/tests/ring_buf/homework.unit.ring_buf/zephyr/CMakeFiles/zephyr.dir/subsys/logging/log_core.c.gcda
  --> fname    /home/cto/zephyrproject/zephyr/include/zephyr/logging/log_msg.h
(DEBUG) Check if /home/cto/zephyrproject/zephyr/include/zephyr/logging/log_msg.h is included (source file)...
(DEBUG) --> File is excluded.
(DEBUG) Check if /home/cto/zephyrproject/zephyr-course/twister-out/log_ctrl.h##1808f1c718a8e219f354e30a1a0343ff.gcov is included (trace)...
(DEBUG)   No filter matched.
(DEBUG) --> File is excluded.
(DEBUG) Finding source file corresponding to a gcov data file
  gcov_fname   /home/cto/zephyrproject/zephyr-course/twister-out/log_ctrl.h##1808f1c718a8e219f354e30a1a0343ff.gcov
  current_dir  /home/cto/zephyrproject/zephyr-course/twister-out
  root         /home/cto/zephyrproject/zephyr-course/app/modules/ring_buf
  starting_dir /home/cto/zephyrproject/zephyr-course
  obj_dir      /home/cto/zephyrproject/zephyr-course/twister-out
  gcda_fname   native_sim_native/host_gnu/zephyr-course/tests/ring_buf/homework.unit.ring_buf/zephyr/CMakeFiles/zephyr.dir/subsys/logging/log_core.c.gcda
  --> fname    /home/cto/zephyrproject/zephyr-course/twister-out/native_sim_native/host_gnu/zephyr-course/tests/ring_buf/homework.unit.ring_buf/zephyr/include/generated/zephyr/syscalls/log_ctrl.h
(DEBUG) Check if /home/cto/zephyrproject/zephyr-course/twister-out/native_sim_native/host_gnu/zephyr-course/tests/ring_buf/homework.unit.ring_buf/zephyr/include/generated/zephyr/syscalls/log_ctrl.h is included (source file)...
(DEBUG)   No filter matched.
(DEBUG) --> File is excluded.
(DEBUG) Check if /home/cto/zephyrproject/zephyr-course/twister-out/kernel.h##a43b07f35530a2575a8767c959abd1d5.gcov is included (trace)...
(DEBUG) --> File is excluded.
(DEBUG) Finding source file corresponding to a gcov data file
  gcov_fname   /home/cto/zephyrproject/zephyr-course/twister-out/kernel.h##a43b07f35530a2575a8767c959abd1d5.gcov
  current_dir  /home/cto/zephyrproject/zephyr-course/twister-out
  root         /home/cto/zephyrproject/zephyr-course/app/modules/ring_buf
  starting_dir /home/cto/zephyrproject/zephyr-course
  obj_dir      /home/cto/zephyrproject/zephyr-course/twister-out
  gcda_fname   native_sim_native/host_gnu/zephyr-course/tests/ring_buf/homework.unit.ring_buf/zephyr/CMakeFiles/zephyr.dir/subsys/logging/log_core.c.gcda
  --> fname    /home/cto/zephyrproject/zephyr-course/twister-out/native_sim_native/host_gnu/zephyr-course/tests/ring_buf/homework.unit.ring_buf/zephyr/include/generated/zephyr/syscalls/kernel.h
(DEBUG) Check if /home/cto/zephyrproject/zephyr-course/twister-out/native_sim_native/host_gnu/zephyr-course/tests/ring_buf/homework.unit.ring_buf/zephyr/include/generated/zephyr/syscalls/kernel.h is included (source file)...
(DEBUG) --> File is excluded.
(DEBUG) Check if /home/cto/zephyrproject/zephyr-course/twister-out/arch.h##cd3ec459a8a675a723e815b63d40d361.gcov is included (trace)...
(DEBUG) --> File is excluded.
(DEBUG) Finding source file corresponding to a gcov data file
  gcov_fname   /home/cto/zephyrproject/zephyr-course/twister-out/arch.h##cd3ec459a8a675a723e815b63d40d361.gcov
  current_dir  /home/cto/zephyrproject/zephyr-course/twister-out
  root         /home/cto/zephyrproject/zephyr-course/app/modules/ring_buf
  starting_dir /home/cto/zephyrproject/zephyr-course
  obj_dir      /home/cto/zephyrproject/zephyr-course/twister-out
  gcda_fname   native_sim_native/host_gnu/zephyr-course/tests/ring_buf/homework.unit.ring_buf/zephyr/CMakeFiles/zephyr.dir/subsys/logging/log_core.c.gcda
  --> fname    /home/cto/zephyrproject/zephyr/include/zephyr/arch/posix/arch.h
(DEBUG) Check if /home/cto/zephyrproject/zephyr/include/zephyr/arch/posix/arch.h is included (source file)...
(DEBUG) --> File is excluded.
(DEBUG) Check if /home/cto/zephyrproject/zephyr-course/twister-out/kernel.h##3d600634decb40355467717e98cbaefe.gcov is included (trace)...
(DEBUG) --> File is excluded.
(DEBUG) Finding source file corresponding to a gcov data file
  gcov_fname   /home/cto/zephyrproject/zephyr-course/twister-out/kernel.h##3d600634decb40355467717e98cbaefe.gcov
  current_dir  /home/cto/zephyrproject/zephyr-course/twister-out
  root         /home/cto/zephyrproject/zephyr-course/app/modules/ring_buf
  starting_dir /home/cto/zephyrproject/zephyr-course
  obj_dir      /home/cto/zephyrproject/zephyr-course/twister-out
  gcda_fname   native_sim_native/host_gnu/zephyr-course/tests/ring_buf/homework.unit.ring_buf/zephyr/CMakeFiles/zephyr.dir/subsys/logging/log_core.c.gcda
  --> fname    /home/cto/zephyrproject/zephyr/include/zephyr/kernel.h
(DEBUG) Check if /home/cto/zephyrproject/zephyr/include/zephyr/kernel.h is included (source file)...
(DEBUG) --> File is excluded.
(DEBUG) Check if /home/cto/zephyrproject/zephyr-course/twister-out/native_sim_native/host_gnu/zephyr-course/tests/ring_buf/homework.unit.ring_buf/zephyr/CMakeFiles/zephyr.dir/subsys/logging/log_mgmt.c.gcda is included (trace)...
(DEBUG)   No filter matched.
(DEBUG) --> File is excluded.
(DEBUG) Check if /home/cto/zephyrproject/zephyr-course/twister-out/native_sim_native/host_gnu/zephyr-course/tests/ring_buf/homework.unit.ring_buf/zephyr/CMakeFiles/zephyr.dir/subsys/logging/log_mgmt.c.gcda is included (trace)...
(DEBUG) --> File is excluded.
(DEBUG) Check if log_mgmt.c##983017462f21696f9d425ba3b62764cc.gcov is included (gcov file)...
(DEBUG)   Filter AlwaysMatchFilter() matched.
(DEBUG) --> File is included.
(DEBUG) Check if log_link.h##a20bcd8110e13ba436ca40d49dca5061.gcov is included (gcov file)...
(DEBUG)   Filter AlwaysMatchFilter() matched.
(DEBUG) --> File is included.
(DEBUG) Check if log_ctrl.h##1808f1c718a8e219f354e30a1a0343ff.gcov is included (gcov file)...
(DEBUG) --> File is included.
(DEBUG) Check if log_backend.h##92051b9b6e38249a042cedd69ce5c636.gcov is included (gcov file)...
(DEBUG) --> File is included.
(DEBUG) Check if log_internal.h##ef52193f8327484dbf23beef90d7d20c.gcov is included (gcov file)...
(DEBUG)   Filter AlwaysMatchFilter() matched.
(DEBUG) --> File is included.
(DEBUG) Check if log_core.h##ebd65cbc8c0ed1162bf9fa5a201dc570.gcov is included (gcov file)...
(DEBUG)   Filter AlwaysMatchFilter() matched.
(DEBUG) --> File is included.
(DEBUG) Check if /home/cto/zephyrproject/zephyr-course/twister-out/log_link.h##a20bcd8110e13ba436ca40d49dca5061.gcov is included (trace)...
(DEBUG)   No filter matched.
(DEBUG) --> File is excluded.
(DEBUG) Finding source file corresponding to a gcov data file
  gcov_fname   /home/cto/zephyrproject/zephyr-course/twister-out/log_link.h##a20bcd8110e13ba436ca40d49dca5061.gcov
  current_dir  /home/cto/zephyrproject/zephyr-course/twister-out
  root         /home/cto/zephyrproject/zephyr-course/app/modules/ring_buf
  starting_dir /home/cto/zephyrproject/zephyr-course
  obj_dir      /home/cto/zephyrproject/zephyr-course/twister-out
  gcda_fname   native_sim_native/host_gnu/zephyr-course/tests/ring_buf/homework.unit.ring_buf/zephyr/CMakeFiles/zephyr.dir/subsys/logging/log_mgmt.c.gcda
  --> fname    /home/cto/zephyrproject/zephyr/include/zephyr/logging/log_link.h
(DEBUG) Check if /home/cto/zephyrproject/zephyr/include/zephyr/logging/log_link.h is included (source file)...
(DEBUG)   No filter matched.
(DEBUG) --> File is excluded.
(DEBUG) Check if /home/cto/zephyrproject/zephyr-course/twister-out/log_backend.h##92051b9b6e38249a042cedd69ce5c636.gcov is included (trace)...
(DEBUG) --> File is excluded.
(DEBUG) Finding source file corresponding to a gcov data file
  gcov_fname   /home/cto/zephyrproject/zephyr-course/twister-out/log_backend.h##92051b9b6e38249a042cedd69ce5c636.gcov
  current_dir  /home/cto/zephyrproject/zephyr-course/twister-out
  root         /home/cto/zephyrproject/zephyr-course/app/modules/ring_buf
  starting_dir /home/cto/zephyrproject/zephyr-course
  obj_dir      /home/cto/zephyrproject/zephyr-course/twister-out
  gcda_fname   native_sim_native/host_gnu/zephyr-course/tests/ring_buf/homework.unit.ring_buf/zephyr/CMakeFiles/zephyr.dir/subsys/logging/log_mgmt.c.gcda
  --> fname    /home/cto/zephyrproject/zephyr/include/zephyr/logging/log_backend.h
(DEBUG) Check if /home/cto/zephyrproject/zephyr/include/zephyr/logging/log_backend.h is included (source file)...
(DEBUG) --> File is excluded.
(DEBUG) Check if /home/cto/zephyrproject/zephyr-course/twister-out/log_internal.h##ef52193f8327484dbf23beef90d7d20c.gcov is included (trace)...
(DEBUG)   No filter matched.
(DEBUG) --> File is excluded.
(DEBUG) Finding source file corresponding to a gcov data file
  gcov_fname   /home/cto/zephyrproject/zephyr-course/twister-out/log_internal.h##ef52193f8327484dbf23beef90d7d20c.gcov
  current_dir  /home/cto/zephyrproject/zephyr-course/twister-out
  root         /home/cto/zephyrproject/zephyr-course/app/modules/ring_buf
  starting_dir /home/cto/zephyrproject/zephyr-course
  obj_dir      /home/cto/zephyrproject/zephyr-course/twister-out
  gcda_fname   native_sim_native/host_gnu/zephyr-course/tests/ring_buf/homework.unit.ring_buf/zephyr/CMakeFiles/zephyr.dir/subsys/logging/log_mgmt.c.gcda
  --> fname    /home/cto/zephyrproject/zephyr/include/zephyr/logging/log_internal.h
(DEBUG) Check if /home/cto/zephyrproject/zephyr/include/zephyr/logging/log_internal.h is included (source file)...
(DEBUG)   No filter matched.
(DEBUG) --> File is excluded.
(DEBUG) Check if /home/cto/zephyrproject/zephyr-course/twister-out/log_mgmt.c##983017462f21696f9d425ba3b62764cc.gcov is included (trace)...
(DEBUG)   No filter matched.
(DEBUG) --> File is excluded.
(DEBUG) Finding source file corresponding to a gcov data file
  gcov_fname   /home/cto/zephyrproject/zephyr-course/twister-out/log_mgmt.c##983017462f21696f9d425ba3b62764cc.gcov
  current_dir  /home/cto/zephyrproject/zephyr-course/twister-out
  root         /home/cto/zephyrproject/zephyr-course/app/modules/ring_buf
  starting_dir /home/cto/zephyrproject/zephyr-course
  obj_dir      /home/cto/zephyrproject/zephyr-course/twister-out
  gcda_fname   native_sim_native/host_gnu/zephyr-course/tests/ring_buf/homework.unit.ring_buf/zephyr/CMakeFiles/zephyr.dir/subsys/logging/log_mgmt.c.gcda
  --> fname    /home/cto/zephyrproject/zephyr/subsys/logging/log_mgmt.c
(DEBUG) Check if /home/cto/zephyrproject/zephyr/subsys/logging/log_mgmt.c is included (source file)...
(DEBUG)   No filter matched.
(DEBUG) --> File is excluded.
(DEBUG) Check if /home/cto/zephyrproject/zephyr-course/twister-out/log_core.h##ebd65cbc8c0ed1162bf9fa5a201dc570.gcov is included (trace)...
(DEBUG)   No filter matched.
(DEBUG) --> File is excluded.
(DEBUG) Finding source file corresponding to a gcov data file
  gcov_fname   /home/cto/zephyrproject/zephyr-course/twister-out/log_core.h##ebd65cbc8c0ed1162bf9fa5a201dc570.gcov
  current_dir  /home/cto/zephyrproject/zephyr-course/twister-out
  root         /home/cto/zephyrproject/zephyr-course/app/modules/ring_buf
  starting_dir /home/cto/zephyrproject/zephyr-course
  obj_dir      /home/cto/zephyrproject/zephyr-course/twister-out
  gcda_fname   native_sim_native/host_gnu/zephyr-course/tests/ring_buf/homework.unit.ring_buf/zephyr/CMakeFiles/zephyr.dir/subsys/logging/log_mgmt.c.gcda
  --> fname    /home/cto/zephyrproject/zephyr/include/zephyr/logging/log_core.h
(DEBUG) Check if /home/cto/zephyrproject/zephyr/include/zephyr/logging/log_core.h is included (source file)...
(DEBUG)   No filter matched.
(DEBUG) --> File is excluded.
(DEBUG) Check if /home/cto/zephyrproject/zephyr-course/twister-out/log_ctrl.h##1808f1c718a8e219f354e30a1a0343ff.gcov is included (trace)...
(DEBUG) --> File is excluded.
(DEBUG) Finding source file corresponding to a gcov data file
  gcov_fname   /home/cto/zephyrproject/zephyr-course/twister-out/log_ctrl.h##1808f1c718a8e219f354e30a1a0343ff.gcov
  current_dir  /home/cto/zephyrproject/zephyr-course/twister-out
  root         /home/cto/zephyrproject/zephyr-course/app/modules/ring_buf
  starting_dir /home/cto/zephyrproject/zephyr-course
  obj_dir      /home/cto/zephyrproject/zephyr-course/twister-out
  gcda_fname   native_sim_native/host_gnu/zephyr-course/tests/ring_buf/homework.unit.ring_buf/zephyr/CMakeFiles/zephyr.dir/subsys/logging/log_mgmt.c.gcda
  --> fname    /home/cto/zephyrproject/zephyr-course/twister-out/native_sim_native/host_gnu/zephyr-course/tests/ring_buf/homework.unit.ring_buf/zephyr/include/generated/zephyr/syscalls/log_ctrl.h
(DEBUG) Check if /home/cto/zephyrproject/zephyr-course/twister-out/native_sim_native/host_gnu/zephyr-course/tests/ring_buf/homework.unit.ring_buf/zephyr/include/generated/zephyr/syscalls/log_ctrl.h is included (source file)...
(DEBUG) --> File is excluded.
(DEBUG) Check if /home/cto/zephyrproject/zephyr-course/twister-out/native_sim_native/host_gnu/zephyr-course/tests/ring_buf/homework.unit.ring_buf/zephyr/CMakeFiles/zephyr.dir/subsys/logging/log_msg.c.gcda is included (trace)...
(DEBUG)   No filter matched.
(DEBUG) --> File is excluded.
(DEBUG) Check if /home/cto/zephyrproject/zephyr-course/twister-out/native_sim_native/host_gnu/zephyr-course/tests/ring_buf/homework.unit.ring_buf/zephyr/CMakeFiles/zephyr.dir/subsys/logging/log_msg.c.gcda is included (trace)...
(DEBUG) --> File is excluded.
(DEBUG) Check if log_msg.c##e71111b504f5db78b993036cf7004c7a.gcov is included (gcov file)...
(DEBUG)   Filter AlwaysMatchFilter() matched.
(DEBUG) --> File is included.
(DEBUG) Check if log_internal.h##ef52193f8327484dbf23beef90d7d20c.gcov is included (gcov file)...
(DEBUG) --> File is included.
(DEBUG) Check if log_core.h##ebd65cbc8c0ed1162bf9fa5a201dc570.gcov is included (gcov file)...
(DEBUG) --> File is included.
(DEBUG) Check if log_msg.h##1572fa902f1014dac487071253d95717.gcov is included (gcov file)...
(DEBUG)   Filter AlwaysMatchFilter() matched.
(DEBUG) --> File is included.
(DEBUG) Check if log_msg.h##59cc7ac9dd0b18efa24d51419b863a43.gcov is included (gcov file)...
(DEBUG) --> File is included.
(DEBUG) Check if cbprintf.h##7f5842b334517eb8370638073e85f4ed.gcov is included (gcov file)...
(DEBUG) --> File is included.
(DEBUG) Check if syscall.h##6ebecfa30a736fd9ba1c825de8f2f8af.gcov is included (gcov file)...
(DEBUG) --> File is included.
(DEBUG) Check if /home/cto/zephyrproject/zephyr-course/twister-out/syscall.h##6ebecfa30a736fd9ba1c825de8f2f8af.gcov is included (trace)...
(DEBUG) --> File is excluded.
(DEBUG) Finding source file corresponding to a gcov data file
  gcov_fname   /home/cto/zephyrproject/zephyr-course/twister-out/syscall.h##6ebecfa30a736fd9ba1c825de8f2f8af.gcov
  current_dir  /home/cto/zephyrproject/zephyr-course/twister-out
  root         /home/cto/zephyrproject/zephyr-course/app/modules/ring_buf
  starting_dir /home/cto/zephyrproject/zephyr-course
  obj_dir      /home/cto/zephyrproject/zephyr-course/twister-out
  gcda_fname   native_sim_native/host_gnu/zephyr-course/tests/ring_buf/homework.unit.ring_buf/zephyr/CMakeFiles/zephyr.dir/subsys/logging/log_msg.c.gcda
  --> fname    /home/cto/zephyrproject/zephyr/include/zephyr/syscall.h
(DEBUG) Check if /home/cto/zephyrproject/zephyr/include/zephyr/syscall.h is included (source file)...
(DEBUG) --> File is excluded.
(DEBUG) Check if /home/cto/zephyrproject/zephyr-course/twister-out/cbprintf.h##7f5842b334517eb8370638073e85f4ed.gcov is included (trace)...
(DEBUG) --> File is excluded.
(DEBUG) Finding source file corresponding to a gcov data file
  gcov_fname   /home/cto/zephyrproject/zephyr-course/twister-out/cbprintf.h##7f5842b334517eb8370638073e85f4ed.gcov
  current_dir  /home/cto/zephyrproject/zephyr-course/twister-out
  root         /home/cto/zephyrproject/zephyr-course/app/modules/ring_buf
  starting_dir /home/cto/zephyrproject/zephyr-course
  obj_dir      /home/cto/zephyrproject/zephyr-course/twister-out
  gcda_fname   native_sim_native/host_gnu/zephyr-course/tests/ring_buf/homework.unit.ring_buf/zephyr/CMakeFiles/zephyr.dir/subsys/logging/log_msg.c.gcda
  --> fname    /home/cto/zephyrproject/zephyr/include/zephyr/sys/cbprintf.h
(DEBUG) Check if /home/cto/zephyrproject/zephyr/include/zephyr/sys/cbprintf.h is included (source file)...
(DEBUG) --> File is excluded.
(DEBUG) Check if /home/cto/zephyrproject/zephyr-course/twister-out/log_internal.h##ef52193f8327484dbf23beef90d7d20c.gcov is included (trace)...
(DEBUG) --> File is excluded.
(DEBUG) Finding source file corresponding to a gcov data file
  gcov_fname   /home/cto/zephyrproject/zephyr-course/twister-out/log_internal.h##ef52193f8327484dbf23beef90d7d20c.gcov
  current_dir  /home/cto/zephyrproject/zephyr-course/twister-out
  root         /home/cto/zephyrproject/zephyr-course/app/modules/ring_buf
  starting_dir /home/cto/zephyrproject/zephyr-course
  obj_dir      /home/cto/zephyrproject/zephyr-course/twister-out
  gcda_fname   native_sim_native/host_gnu/zephyr-course/tests/ring_buf/homework.unit.ring_buf/zephyr/CMakeFiles/zephyr.dir/subsys/logging/log_msg.c.gcda
  --> fname    /home/cto/zephyrproject/zephyr/include/zephyr/logging/log_internal.h
(DEBUG) Check if /home/cto/zephyrproject/zephyr/include/zephyr/logging/log_internal.h is included (source file)...
(DEBUG) --> File is excluded.
(DEBUG) Check if /home/cto/zephyrproject/zephyr-course/twister-out/log_msg.c##e71111b504f5db78b993036cf7004c7a.gcov is included (trace)...
(DEBUG)   No filter matched.
(DEBUG) --> File is excluded.
(DEBUG) Finding source file corresponding to a gcov data file
  gcov_fname   /home/cto/zephyrproject/zephyr-course/twister-out/log_msg.c##e71111b504f5db78b993036cf7004c7a.gcov
  current_dir  /home/cto/zephyrproject/zephyr-course/twister-out
  root         /home/cto/zephyrproject/zephyr-course/app/modules/ring_buf
  starting_dir /home/cto/zephyrproject/zephyr-course
  obj_dir      /home/cto/zephyrproject/zephyr-course/twister-out
  gcda_fname   native_sim_native/host_gnu/zephyr-course/tests/ring_buf/homework.unit.ring_buf/zephyr/CMakeFiles/zephyr.dir/subsys/logging/log_msg.c.gcda
  --> fname    /home/cto/zephyrproject/zephyr/subsys/logging/log_msg.c
(DEBUG) Check if /home/cto/zephyrproject/zephyr/subsys/logging/log_msg.c is included (source file)...
(DEBUG)   No filter matched.
(DEBUG) --> File is excluded.
(DEBUG) Check if /home/cto/zephyrproject/zephyr-course/twister-out/log_msg.h##59cc7ac9dd0b18efa24d51419b863a43.gcov is included (trace)...
(DEBUG) --> File is excluded.
(DEBUG) Finding source file corresponding to a gcov data file
  gcov_fname   /home/cto/zephyrproject/zephyr-course/twister-out/log_msg.h##59cc7ac9dd0b18efa24d51419b863a43.gcov
  current_dir  /home/cto/zephyrproject/zephyr-course/twister-out
  root         /home/cto/zephyrproject/zephyr-course/app/modules/ring_buf
  starting_dir /home/cto/zephyrproject/zephyr-course
  obj_dir      /home/cto/zephyrproject/zephyr-course/twister-out
  gcda_fname   native_sim_native/host_gnu/zephyr-course/tests/ring_buf/homework.unit.ring_buf/zephyr/CMakeFiles/zephyr.dir/subsys/logging/log_msg.c.gcda
  --> fname    /home/cto/zephyrproject/zephyr/include/zephyr/logging/log_msg.h
(DEBUG) Check if /home/cto/zephyrproject/zephyr/include/zephyr/logging/log_msg.h is included (source file)...
(DEBUG) --> File is excluded.
(DEBUG) Check if /home/cto/zephyrproject/zephyr-course/twister-out/log_msg.h##1572fa902f1014dac487071253d95717.gcov is included (trace)...
(DEBUG)   No filter matched.
(DEBUG) --> File is excluded.
(DEBUG) Finding source file corresponding to a gcov data file
  gcov_fname   /home/cto/zephyrproject/zephyr-course/twister-out/log_msg.h##1572fa902f1014dac487071253d95717.gcov
  current_dir  /home/cto/zephyrproject/zephyr-course/twister-out
  root         /home/cto/zephyrproject/zephyr-course/app/modules/ring_buf
  starting_dir /home/cto/zephyrproject/zephyr-course
  obj_dir      /home/cto/zephyrproject/zephyr-course/twister-out
  gcda_fname   native_sim_native/host_gnu/zephyr-course/tests/ring_buf/homework.unit.ring_buf/zephyr/CMakeFiles/zephyr.dir/subsys/logging/log_msg.c.gcda
  --> fname    /home/cto/zephyrproject/zephyr-course/twister-out/native_sim_native/host_gnu/zephyr-course/tests/ring_buf/homework.unit.ring_buf/zephyr/include/generated/zephyr/syscalls/log_msg.h
(DEBUG) Check if /home/cto/zephyrproject/zephyr-course/twister-out/native_sim_native/host_gnu/zephyr-course/tests/ring_buf/homework.unit.ring_buf/zephyr/include/generated/zephyr/syscalls/log_msg.h is included (source file)...
(DEBUG)   No filter matched.
(DEBUG) --> File is excluded.
(DEBUG) Check if /home/cto/zephyrproject/zephyr-course/twister-out/log_core.h##ebd65cbc8c0ed1162bf9fa5a201dc570.gcov is included (trace)...
(DEBUG) --> File is excluded.
(DEBUG) Finding source file corresponding to a gcov data file
  gcov_fname   /home/cto/zephyrproject/zephyr-course/twister-out/log_core.h##ebd65cbc8c0ed1162bf9fa5a201dc570.gcov
  current_dir  /home/cto/zephyrproject/zephyr-course/twister-out
  root         /home/cto/zephyrproject/zephyr-course/app/modules/ring_buf
  starting_dir /home/cto/zephyrproject/zephyr-course
  obj_dir      /home/cto/zephyrproject/zephyr-course/twister-out
  gcda_fname   native_sim_native/host_gnu/zephyr-course/tests/ring_buf/homework.unit.ring_buf/zephyr/CMakeFiles/zephyr.dir/subsys/logging/log_msg.c.gcda
  --> fname    /home/cto/zephyrproject/zephyr/include/zephyr/logging/log_core.h
(DEBUG) Check if /home/cto/zephyrproject/zephyr/include/zephyr/logging/log_core.h is included (source file)...
(DEBUG) --> File is excluded.
(DEBUG) Check if /home/cto/zephyrproject/zephyr-course/twister-out/native_sim_native/host_gnu/zephyr-course/tests/ring_buf/homework.unit.ring_buf/zephyr/CMakeFiles/zephyr.dir/subsys/logging/log_output.c.gcda is included (trace)...
(DEBUG)   No filter matched.
(DEBUG) --> File is excluded.
(DEBUG) Check if /home/cto/zephyrproject/zephyr-course/twister-out/native_sim_native/host_gnu/zephyr-course/tests/ring_buf/homework.unit.ring_buf/zephyr/CMakeFiles/zephyr.dir/subsys/logging/log_output.c.gcda is included (trace)...
(DEBUG) --> File is excluded.
(DEBUG) Check if log_output.c##6e271b0164adcadb95ba3c63f83d9909.gcov is included (gcov file)...
(DEBUG)   Filter AlwaysMatchFilter() matched.
(DEBUG) --> File is included.
(DEBUG) Check if log_output.h##2247199f205655c774a22efedee2ed0b.gcov is included (gcov file)...
(DEBUG) --> File is included.
(DEBUG) Check if log_msg.h##59cc7ac9dd0b18efa24d51419b863a43.gcov is included (gcov file)...
(DEBUG) --> File is included.
(DEBUG) Check if cbprintf.h##7f5842b334517eb8370638073e85f4ed.gcov is included (gcov file)...
(DEBUG) --> File is included.
(DEBUG) Check if /home/cto/zephyrproject/zephyr-course/twister-out/log_msg.h##59cc7ac9dd0b18efa24d51419b863a43.gcov is included (trace)...
(DEBUG) --> File is excluded.
(DEBUG) Finding source file corresponding to a gcov data file
  gcov_fname   /home/cto/zephyrproject/zephyr-course/twister-out/log_msg.h##59cc7ac9dd0b18efa24d51419b863a43.gcov
  current_dir  /home/cto/zephyrproject/zephyr-course/twister-out
  root         /home/cto/zephyrproject/zephyr-course/app/modules/ring_buf
  starting_dir /home/cto/zephyrproject/zephyr-course
  obj_dir      /home/cto/zephyrproject/zephyr-course/twister-out
  gcda_fname   native_sim_native/host_gnu/zephyr-course/tests/ring_buf/homework.unit.ring_buf/zephyr/CMakeFiles/zephyr.dir/subsys/logging/log_output.c.gcda
  --> fname    /home/cto/zephyrproject/zephyr/include/zephyr/logging/log_msg.h
(DEBUG) Check if /home/cto/zephyrproject/zephyr/include/zephyr/logging/log_msg.h is included (source file)...
(DEBUG) --> File is excluded.
(DEBUG) Check if /home/cto/zephyrproject/zephyr-course/twister-out/log_output.h##2247199f205655c774a22efedee2ed0b.gcov is included (trace)...
(DEBUG) --> File is excluded.
(DEBUG) Finding source file corresponding to a gcov data file
  gcov_fname   /home/cto/zephyrproject/zephyr-course/twister-out/log_output.h##2247199f205655c774a22efedee2ed0b.gcov
  current_dir  /home/cto/zephyrproject/zephyr-course/twister-out
  root         /home/cto/zephyrproject/zephyr-course/app/modules/ring_buf
  starting_dir /home/cto/zephyrproject/zephyr-course
  obj_dir      /home/cto/zephyrproject/zephyr-course/twister-out
  gcda_fname   native_sim_native/host_gnu/zephyr-course/tests/ring_buf/homework.unit.ring_buf/zephyr/CMakeFiles/zephyr.dir/subsys/logging/log_output.c.gcda
  --> fname    /home/cto/zephyrproject/zephyr/include/zephyr/logging/log_output.h
(DEBUG) Check if /home/cto/zephyrproject/zephyr/include/zephyr/logging/log_output.h is included (source file)...
(DEBUG) --> File is excluded.
(DEBUG) Check if /home/cto/zephyrproject/zephyr-course/twister-out/cbprintf.h##7f5842b334517eb8370638073e85f4ed.gcov is included (trace)...
(DEBUG) --> File is excluded.
(DEBUG) Finding source file corresponding to a gcov data file
  gcov_fname   /home/cto/zephyrproject/zephyr-course/twister-out/cbprintf.h##7f5842b334517eb8370638073e85f4ed.gcov
  current_dir  /home/cto/zephyrproject/zephyr-course/twister-out
  root         /home/cto/zephyrproject/zephyr-course/app/modules/ring_buf
  starting_dir /home/cto/zephyrproject/zephyr-course
  obj_dir      /home/cto/zephyrproject/zephyr-course/twister-out
  gcda_fname   native_sim_native/host_gnu/zephyr-course/tests/ring_buf/homework.unit.ring_buf/zephyr/CMakeFiles/zephyr.dir/subsys/logging/log_output.c.gcda
  --> fname    /home/cto/zephyrproject/zephyr/include/zephyr/sys/cbprintf.h
(DEBUG) Check if /home/cto/zephyrproject/zephyr/include/zephyr/sys/cbprintf.h is included (source file)...
(DEBUG) --> File is excluded.
(DEBUG) Check if /home/cto/zephyrproject/zephyr-course/twister-out/log_output.c##6e271b0164adcadb95ba3c63f83d9909.gcov is included (trace)...
(DEBUG)   No filter matched.
(DEBUG) --> File is excluded.
(DEBUG) Finding source file corresponding to a gcov data file
  gcov_fname   /home/cto/zephyrproject/zephyr-course/twister-out/log_output.c##6e271b0164adcadb95ba3c63f83d9909.gcov
  current_dir  /home/cto/zephyrproject/zephyr-course/twister-out
  root         /home/cto/zephyrproject/zephyr-course/app/modules/ring_buf
  starting_dir /home/cto/zephyrproject/zephyr-course
  obj_dir      /home/cto/zephyrproject/zephyr-course/twister-out
  gcda_fname   native_sim_native/host_gnu/zephyr-course/tests/ring_buf/homework.unit.ring_buf/zephyr/CMakeFiles/zephyr.dir/subsys/logging/log_output.c.gcda
  --> fname    /home/cto/zephyrproject/zephyr/subsys/logging/log_output.c
(DEBUG) Check if /home/cto/zephyrproject/zephyr/subsys/logging/log_output.c is included (source file)...
(DEBUG)   No filter matched.
(DEBUG) --> File is excluded.
(DEBUG) Check if /home/cto/zephyrproject/zephyr-course/twister-out/native_sim_native/host_gnu/zephyr-course/tests/ring_buf/homework.unit.ring_buf/zephyr/CMakeFiles/zephyr.dir/subsys/tracing/tracing_none.c.gcda is included (trace)...
(DEBUG)   No filter matched.
(DEBUG) --> File is excluded.
(DEBUG) Check if /home/cto/zephyrproject/zephyr-course/twister-out/native_sim_native/host_gnu/zephyr-course/tests/ring_buf/homework.unit.ring_buf/zephyr/CMakeFiles/zephyr.dir/subsys/tracing/tracing_none.c.gcda is included (trace)...
(DEBUG) --> File is excluded.
(DEBUG) Check if tracing_none.c##a1ffc40dcf073fa2c1f71527406dbfa2.gcov is included (gcov file)...
(DEBUG)   Filter AlwaysMatchFilter() matched.
(DEBUG) --> File is included.
(DEBUG) Check if /home/cto/zephyrproject/zephyr-course/twister-out/tracing_none.c##a1ffc40dcf073fa2c1f71527406dbfa2.gcov is included (trace)...
(DEBUG)   No filter matched.
(DEBUG) --> File is excluded.
(DEBUG) Finding source file corresponding to a gcov data file
  gcov_fname   /home/cto/zephyrproject/zephyr-course/twister-out/tracing_none.c##a1ffc40dcf073fa2c1f71527406dbfa2.gcov
  current_dir  /home/cto/zephyrproject/zephyr-course/twister-out
  root         /home/cto/zephyrproject/zephyr-course/app/modules/ring_buf
  starting_dir /home/cto/zephyrproject/zephyr-course
  obj_dir      /home/cto/zephyrproject/zephyr-course/twister-out
  gcda_fname   native_sim_native/host_gnu/zephyr-course/tests/ring_buf/homework.unit.ring_buf/zephyr/CMakeFiles/zephyr.dir/subsys/tracing/tracing_none.c.gcda
  --> fname    /home/cto/zephyrproject/zephyr/subsys/tracing/tracing_none.c
(DEBUG) Check if /home/cto/zephyrproject/zephyr/subsys/tracing/tracing_none.c is included (source file)...
(DEBUG)   No filter matched.
(DEBUG) --> File is excluded.
(DEBUG) Check if /home/cto/zephyrproject/zephyr-course/twister-out/native_sim_native/host_gnu/zephyr-course/tests/ring_buf/homework.unit.ring_buf/zephyr/CMakeFiles/zephyr_pre0.dir/misc/empty_file.c.gcno is included (trace)...
(DEBUG)   No filter matched.
(DEBUG) --> File is excluded.
(DEBUG) Check if /home/cto/zephyrproject/zephyr-course/twister-out/native_sim_native/host_gnu/zephyr-course/tests/ring_buf/homework.unit.ring_buf/zephyr/CMakeFiles/zephyr_pre0.dir/misc/empty_file.c.gcno is included (trace)...
(DEBUG) --> File is excluded.
(DEBUG) Check if /home/cto/zephyrproject/zephyr-course/twister-out/native_sim_native/host_gnu/zephyr-course/tests/ring_buf/homework.unit.ring_buf/zephyr/NSI/common/src/main.gcda is included (trace)...
(DEBUG)   No filter matched.
(DEBUG) --> File is excluded.
(DEBUG) Check if /home/cto/zephyrproject/zephyr-course/twister-out/native_sim_native/host_gnu/zephyr-course/tests/ring_buf/homework.unit.ring_buf/zephyr/NSI/common/src/main.gcda is included (trace)...
(DEBUG) --> File is excluded.
(DEBUG) Check if main.c##019b45428a70a6e33ca75f81f0f2c501.gcov is included (gcov file)...
(DEBUG)   Filter AlwaysMatchFilter() matched.
(DEBUG) --> File is included.
(DEBUG) Check if nsi_hw_scheduler.h##a046154de9a1bab0b4f2e5de828f65a7.gcov is included (gcov file)...
(DEBUG)   Filter AlwaysMatchFilter() matched.
(DEBUG) --> File is included.
(DEBUG) Check if /home/cto/zephyrproject/zephyr-course/twister-out/nsi_hw_scheduler.h##a046154de9a1bab0b4f2e5de828f65a7.gcov is included (trace)...
(DEBUG)   No filter matched.
(DEBUG) --> File is excluded.
(DEBUG) Finding source file corresponding to a gcov data file
  gcov_fname   /home/cto/zephyrproject/zephyr-course/twister-out/nsi_hw_scheduler.h##a046154de9a1bab0b4f2e5de828f65a7.gcov
  current_dir  /home/cto/zephyrproject/zephyr-course/twister-out
  root         /home/cto/zephyrproject/zephyr-course/app/modules/ring_buf
  starting_dir /home/cto/zephyrproject/zephyr-course
  obj_dir      /home/cto/zephyrproject/zephyr-course/twister-out
  gcda_fname   native_sim_native/host_gnu/zephyr-course/tests/ring_buf/homework.unit.ring_buf/zephyr/NSI/common/src/main.gcda
  --> fname    /home/cto/zephyrproject/zephyr/scripts/native_simulator/common/src/include/nsi_hw_scheduler.h
(DEBUG) Check if /home/cto/zephyrproject/zephyr/scripts/native_simulator/common/src/include/nsi_hw_scheduler.h is included (source file)...
(DEBUG)   No filter matched.
(DEBUG) --> File is excluded.
(DEBUG) Check if /home/cto/zephyrproject/zephyr-course/twister-out/main.c##019b45428a70a6e33ca75f81f0f2c501.gcov is included (trace)...
(DEBUG)   No filter matched.
(DEBUG) --> File is excluded.
(DEBUG) Finding source file corresponding to a gcov data file
  gcov_fname   /home/cto/zephyrproject/zephyr-course/twister-out/main.c##019b45428a70a6e33ca75f81f0f2c501.gcov
  current_dir  /home/cto/zephyrproject/zephyr-course/twister-out
  root         /home/cto/zephyrproject/zephyr-course/app/modules/ring_buf
  starting_dir /home/cto/zephyrproject/zephyr-course
  obj_dir      /home/cto/zephyrproject/zephyr-course/twister-out
  gcda_fname   native_sim_native/host_gnu/zephyr-course/tests/ring_buf/homework.unit.ring_buf/zephyr/NSI/common/src/main.gcda
  --> fname    /home/cto/zephyrproject/zephyr/scripts/native_simulator/common/src/main.c
(DEBUG) Check if /home/cto/zephyrproject/zephyr/scripts/native_simulator/common/src/main.c is included (source file)...
(DEBUG)   No filter matched.
(DEBUG) --> File is excluded.
(DEBUG) Check if /home/cto/zephyrproject/zephyr-course/twister-out/native_sim_native/host_gnu/zephyr-course/tests/ring_buf/homework.unit.ring_buf/zephyr/NSI/common/src/nce.gcda is included (trace)...
(DEBUG)   No filter matched.
(DEBUG) --> File is excluded.
(DEBUG) Check if /home/cto/zephyrproject/zephyr-course/twister-out/native_sim_native/host_gnu/zephyr-course/tests/ring_buf/homework.unit.ring_buf/zephyr/NSI/common/src/nce.gcda is included (trace)...
(DEBUG) --> File is excluded.
(DEBUG) Check if nce.c##64bad92ba0ae2ffc0bf6b8ea2424c689.gcov is included (gcov file)...
(DEBUG)   Filter AlwaysMatchFilter() matched.
(DEBUG) --> File is included.
(DEBUG) Check if nsi_safe_call.h##a1b3a0c9f3e2004284584594541f3a85.gcov is included (gcov file)...
(DEBUG)   Filter AlwaysMatchFilter() matched.
(DEBUG) --> File is included.
(DEBUG) Check if /home/cto/zephyrproject/zephyr-course/twister-out/nce.c##64bad92ba0ae2ffc0bf6b8ea2424c689.gcov is included (trace)...
(DEBUG)   No filter matched.
(DEBUG) --> File is excluded.
(DEBUG) Finding source file corresponding to a gcov data file
  gcov_fname   /home/cto/zephyrproject/zephyr-course/twister-out/nce.c##64bad92ba0ae2ffc0bf6b8ea2424c689.gcov
  current_dir  /home/cto/zephyrproject/zephyr-course/twister-out
  root         /home/cto/zephyrproject/zephyr-course/app/modules/ring_buf
  starting_dir /home/cto/zephyrproject/zephyr-course
  obj_dir      /home/cto/zephyrproject/zephyr-course/twister-out
  gcda_fname   native_sim_native/host_gnu/zephyr-course/tests/ring_buf/homework.unit.ring_buf/zephyr/NSI/common/src/nce.gcda
  --> fname    /home/cto/zephyrproject/zephyr/scripts/native_simulator/common/src/nce.c
(DEBUG) Check if /home/cto/zephyrproject/zephyr/scripts/native_simulator/common/src/nce.c is included (source file)...
(DEBUG)   No filter matched.
(DEBUG) --> File is excluded.
(DEBUG) Check if /home/cto/zephyrproject/zephyr-course/twister-out/nsi_safe_call.h##a1b3a0c9f3e2004284584594541f3a85.gcov is included (trace)...
(DEBUG)   No filter matched.
(DEBUG) --> File is excluded.
(DEBUG) Finding source file corresponding to a gcov data file
  gcov_fname   /home/cto/zephyrproject/zephyr-course/twister-out/nsi_safe_call.h##a1b3a0c9f3e2004284584594541f3a85.gcov
  current_dir  /home/cto/zephyrproject/zephyr-course/twister-out
  root         /home/cto/zephyrproject/zephyr-course/app/modules/ring_buf
  starting_dir /home/cto/zephyrproject/zephyr-course
  obj_dir      /home/cto/zephyrproject/zephyr-course/twister-out
  gcda_fname   native_sim_native/host_gnu/zephyr-course/tests/ring_buf/homework.unit.ring_buf/zephyr/NSI/common/src/nce.gcda
  --> fname    /home/cto/zephyrproject/zephyr/scripts/native_simulator/common/src/nsi_safe_call.h
(DEBUG) Check if /home/cto/zephyrproject/zephyr/scripts/native_simulator/common/src/nsi_safe_call.h is included (source file)...
(DEBUG)   No filter matched.
(DEBUG) --> File is excluded.
(DEBUG) Check if /home/cto/zephyrproject/zephyr-course/twister-out/native_sim_native/host_gnu/zephyr-course/tests/ring_buf/homework.unit.ring_buf/zephyr/NSI/common/src/nct.gcda is included (trace)...
(DEBUG)   No filter matched.
(DEBUG) --> File is excluded.
(DEBUG) Check if /home/cto/zephyrproject/zephyr-course/twister-out/native_sim_native/host_gnu/zephyr-course/tests/ring_buf/homework.unit.ring_buf/zephyr/NSI/common/src/nct.gcda is included (trace)...
(DEBUG) --> File is excluded.
(DEBUG) Check if nct.c##371d2bb35bc29a929397124a7854b2ec.gcov is included (gcov file)...
(DEBUG)   Filter AlwaysMatchFilter() matched.
(DEBUG) --> File is included.
(DEBUG) Check if nsi_safe_call.h##a1b3a0c9f3e2004284584594541f3a85.gcov is included (gcov file)...
(DEBUG) --> File is included.
(DEBUG) Check if /home/cto/zephyrproject/zephyr-course/twister-out/nct.c##371d2bb35bc29a929397124a7854b2ec.gcov is included (trace)...
(DEBUG)   No filter matched.
(DEBUG) --> File is excluded.
(DEBUG) Finding source file corresponding to a gcov data file
  gcov_fname   /home/cto/zephyrproject/zephyr-course/twister-out/nct.c##371d2bb35bc29a929397124a7854b2ec.gcov
  current_dir  /home/cto/zephyrproject/zephyr-course/twister-out
  root         /home/cto/zephyrproject/zephyr-course/app/modules/ring_buf
  starting_dir /home/cto/zephyrproject/zephyr-course
  obj_dir      /home/cto/zephyrproject/zephyr-course/twister-out
  gcda_fname   native_sim_native/host_gnu/zephyr-course/tests/ring_buf/homework.unit.ring_buf/zephyr/NSI/common/src/nct.gcda
  --> fname    /home/cto/zephyrproject/zephyr/scripts/native_simulator/common/src/nct.c
(DEBUG) Check if /home/cto/zephyrproject/zephyr/scripts/native_simulator/common/src/nct.c is included (source file)...
(DEBUG)   No filter matched.
(DEBUG) --> File is excluded.
(DEBUG) Check if /home/cto/zephyrproject/zephyr-course/twister-out/nsi_safe_call.h##a1b3a0c9f3e2004284584594541f3a85.gcov is included (trace)...
(DEBUG) --> File is excluded.
(DEBUG) Finding source file corresponding to a gcov data file
  gcov_fname   /home/cto/zephyrproject/zephyr-course/twister-out/nsi_safe_call.h##a1b3a0c9f3e2004284584594541f3a85.gcov
  current_dir  /home/cto/zephyrproject/zephyr-course/twister-out
  root         /home/cto/zephyrproject/zephyr-course/app/modules/ring_buf
  starting_dir /home/cto/zephyrproject/zephyr-course
  obj_dir      /home/cto/zephyrproject/zephyr-course/twister-out
  gcda_fname   native_sim_native/host_gnu/zephyr-course/tests/ring_buf/homework.unit.ring_buf/zephyr/NSI/common/src/nct.gcda
  --> fname    /home/cto/zephyrproject/zephyr/scripts/native_simulator/common/src/nsi_safe_call.h
(DEBUG) Check if /home/cto/zephyrproject/zephyr/scripts/native_simulator/common/src/nsi_safe_call.h is included (source file)...
(DEBUG) --> File is excluded.
(DEBUG) Check if /home/cto/zephyrproject/zephyr-course/twister-out/native_sim_native/host_gnu/zephyr-course/tests/ring_buf/homework.unit.ring_buf/zephyr/NSI/common/src/nsi_cpu_ctrl.gcda is included (trace)...
(DEBUG)   No filter matched.
(DEBUG) --> File is excluded.
(DEBUG) Check if /home/cto/zephyrproject/zephyr-course/twister-out/native_sim_native/host_gnu/zephyr-course/tests/ring_buf/homework.unit.ring_buf/zephyr/NSI/common/src/nsi_cpu_ctrl.gcda is included (trace)...
(DEBUG) --> File is excluded.
(DEBUG) Check if nsi_cpu_ctrl.c##e4e613511530f8b89ffabf9a4ffc7db9.gcov is included (gcov file)...
(DEBUG)   Filter AlwaysMatchFilter() matched.
(DEBUG) --> File is included.
(DEBUG) Check if /home/cto/zephyrproject/zephyr-course/twister-out/nsi_cpu_ctrl.c##e4e613511530f8b89ffabf9a4ffc7db9.gcov is included (trace)...
(DEBUG)   No filter matched.
(DEBUG) --> File is excluded.
(DEBUG) Finding source file corresponding to a gcov data file
  gcov_fname   /home/cto/zephyrproject/zephyr-course/twister-out/nsi_cpu_ctrl.c##e4e613511530f8b89ffabf9a4ffc7db9.gcov
  current_dir  /home/cto/zephyrproject/zephyr-course/twister-out
  root         /home/cto/zephyrproject/zephyr-course/app/modules/ring_buf
  starting_dir /home/cto/zephyrproject/zephyr-course
  obj_dir      /home/cto/zephyrproject/zephyr-course/twister-out
  gcda_fname   native_sim_native/host_gnu/zephyr-course/tests/ring_buf/homework.unit.ring_buf/zephyr/NSI/common/src/nsi_cpu_ctrl.gcda
  --> fname    /home/cto/zephyrproject/zephyr/scripts/native_simulator/common/src/nsi_cpu_ctrl.c
(DEBUG) Check if /home/cto/zephyrproject/zephyr/scripts/native_simulator/common/src/nsi_cpu_ctrl.c is included (source file)...
(DEBUG)   No filter matched.
(DEBUG) --> File is excluded.
(DEBUG) Check if /home/cto/zephyrproject/zephyr-course/twister-out/native_sim_native/host_gnu/zephyr-course/tests/ring_buf/homework.unit.ring_buf/zephyr/NSI/common/src/nsi_cpun_if.gcda is included (trace)...
(DEBUG)   No filter matched.
(DEBUG) --> File is excluded.
(DEBUG) Check if /home/cto/zephyrproject/zephyr-course/twister-out/native_sim_native/host_gnu/zephyr-course/tests/ring_buf/homework.unit.ring_buf/zephyr/NSI/common/src/nsi_cpun_if.gcda is included (trace)...
(DEBUG) --> File is excluded.
(DEBUG) Check if nsi_cpun_if.c##8c760168756b790a4aebb965422d1b70.gcov is included (gcov file)...
(DEBUG)   Filter AlwaysMatchFilter() matched.
(DEBUG) --> File is included.
(DEBUG) Check if /home/cto/zephyrproject/zephyr-course/twister-out/nsi_cpun_if.c##8c760168756b790a4aebb965422d1b70.gcov is included (trace)...
(DEBUG)   No filter matched.
(DEBUG) --> File is excluded.
(DEBUG) Finding source file corresponding to a gcov data file
  gcov_fname   /home/cto/zephyrproject/zephyr-course/twister-out/nsi_cpun_if.c##8c760168756b790a4aebb965422d1b70.gcov
  current_dir  /home/cto/zephyrproject/zephyr-course/twister-out
  root         /home/cto/zephyrproject/zephyr-course/app/modules/ring_buf
  starting_dir /home/cto/zephyrproject/zephyr-course
  obj_dir      /home/cto/zephyrproject/zephyr-course/twister-out
  gcda_fname   native_sim_native/host_gnu/zephyr-course/tests/ring_buf/homework.unit.ring_buf/zephyr/NSI/common/src/nsi_cpun_if.gcda
  --> fname    /home/cto/zephyrproject/zephyr/scripts/native_simulator/common/src/nsi_cpun_if.c
(DEBUG) Check if /home/cto/zephyrproject/zephyr/scripts/native_simulator/common/src/nsi_cpun_if.c is included (source file)...
(DEBUG)   No filter matched.
(DEBUG) --> File is excluded.
(DEBUG) Check if /home/cto/zephyrproject/zephyr-course/twister-out/native_sim_native/host_gnu/zephyr-course/tests/ring_buf/homework.unit.ring_buf/zephyr/NSI/common/src/nsi_errno.gcda is included (trace)...
(DEBUG)   No filter matched.
(DEBUG) --> File is excluded.
(DEBUG) Check if /home/cto/zephyrproject/zephyr-course/twister-out/native_sim_native/host_gnu/zephyr-course/tests/ring_buf/homework.unit.ring_buf/zephyr/NSI/common/src/nsi_errno.gcda is included (trace)...
(DEBUG) --> File is excluded.
(DEBUG) Check if nsi_errno.c##47dd577c26d93916b874764ccbebf9f0.gcov is included (gcov file)...
(DEBUG)   Filter AlwaysMatchFilter() matched.
(DEBUG) --> File is included.
(DEBUG) Check if /home/cto/zephyrproject/zephyr-course/twister-out/nsi_errno.c##47dd577c26d93916b874764ccbebf9f0.gcov is included (trace)...
(DEBUG)   No filter matched.
(DEBUG) --> File is excluded.
(DEBUG) Finding source file corresponding to a gcov data file
  gcov_fname   /home/cto/zephyrproject/zephyr-course/twister-out/nsi_errno.c##47dd577c26d93916b874764ccbebf9f0.gcov
  current_dir  /home/cto/zephyrproject/zephyr-course/twister-out
  root         /home/cto/zephyrproject/zephyr-course/app/modules/ring_buf
  starting_dir /home/cto/zephyrproject/zephyr-course
  obj_dir      /home/cto/zephyrproject/zephyr-course/twister-out
  gcda_fname   native_sim_native/host_gnu/zephyr-course/tests/ring_buf/homework.unit.ring_buf/zephyr/NSI/common/src/nsi_errno.gcda
  --> fname    /home/cto/zephyrproject/zephyr/scripts/native_simulator/common/src/nsi_errno.c
(DEBUG) Check if /home/cto/zephyrproject/zephyr/scripts/native_simulator/common/src/nsi_errno.c is included (source file)...
(DEBUG)   No filter matched.
(DEBUG) --> File is excluded.
(DEBUG) Check if /home/cto/zephyrproject/zephyr-course/twister-out/native_sim_native/host_gnu/zephyr-course/tests/ring_buf/homework.unit.ring_buf/zephyr/NSI/common/src/nsi_host_trampolines.gcda is included (trace)...
(DEBUG)   No filter matched.
(DEBUG) --> File is excluded.
(DEBUG) Check if /home/cto/zephyrproject/zephyr-course/twister-out/native_sim_native/host_gnu/zephyr-course/tests/ring_buf/homework.unit.ring_buf/zephyr/NSI/common/src/nsi_host_trampolines.gcda is included (trace)...
(DEBUG) --> File is excluded.
(DEBUG) Check if nsi_host_trampolines.c##4c663cd2a12ffe03ca38614760d37a6f.gcov is included (gcov file)...
(DEBUG)   Filter AlwaysMatchFilter() matched.
(DEBUG) --> File is included.
(DEBUG) Check if /home/cto/zephyrproject/zephyr-course/twister-out/nsi_host_trampolines.c##4c663cd2a12ffe03ca38614760d37a6f.gcov is included (trace)...
(DEBUG)   No filter matched.
(DEBUG) --> File is excluded.
(DEBUG) Finding source file corresponding to a gcov data file
  gcov_fname   /home/cto/zephyrproject/zephyr-course/twister-out/nsi_host_trampolines.c##4c663cd2a12ffe03ca38614760d37a6f.gcov
  current_dir  /home/cto/zephyrproject/zephyr-course/twister-out
  root         /home/cto/zephyrproject/zephyr-course/app/modules/ring_buf
  starting_dir /home/cto/zephyrproject/zephyr-course
  obj_dir      /home/cto/zephyrproject/zephyr-course/twister-out
  gcda_fname   native_sim_native/host_gnu/zephyr-course/tests/ring_buf/homework.unit.ring_buf/zephyr/NSI/common/src/nsi_host_trampolines.gcda
  --> fname    /home/cto/zephyrproject/zephyr/scripts/native_simulator/common/src/nsi_host_trampolines.c
(DEBUG) Check if /home/cto/zephyrproject/zephyr/scripts/native_simulator/common/src/nsi_host_trampolines.c is included (source file)...
(DEBUG)   No filter matched.
(DEBUG) --> File is excluded.
(DEBUG) Check if /home/cto/zephyrproject/zephyr-course/twister-out/native_sim_native/host_gnu/zephyr-course/tests/ring_buf/homework.unit.ring_buf/zephyr/NSI/common/src/nsi_hw_scheduler.gcda is included (trace)...
(DEBUG)   No filter matched.
(DEBUG) --> File is excluded.
(DEBUG) Check if /home/cto/zephyrproject/zephyr-course/twister-out/native_sim_native/host_gnu/zephyr-course/tests/ring_buf/homework.unit.ring_buf/zephyr/NSI/common/src/nsi_hw_scheduler.gcda is included (trace)...
(DEBUG) --> File is excluded.
(DEBUG) Check if nsi_hw_scheduler.c##c8fbbbee1a9c2e99fe83a95543494a67.gcov is included (gcov file)...
(DEBUG)   Filter AlwaysMatchFilter() matched.
(DEBUG) --> File is included.
(DEBUG) Check if nsi_safe_call.h##a1b3a0c9f3e2004284584594541f3a85.gcov is included (gcov file)...
(DEBUG) --> File is included.
(DEBUG) Check if /home/cto/zephyrproject/zephyr-course/twister-out/nsi_hw_scheduler.c##c8fbbbee1a9c2e99fe83a95543494a67.gcov is included (trace)...
(DEBUG)   No filter matched.
(DEBUG) --> File is excluded.
(DEBUG) Finding source file corresponding to a gcov data file
  gcov_fname   /home/cto/zephyrproject/zephyr-course/twister-out/nsi_hw_scheduler.c##c8fbbbee1a9c2e99fe83a95543494a67.gcov
  current_dir  /home/cto/zephyrproject/zephyr-course/twister-out
  root         /home/cto/zephyrproject/zephyr-course/app/modules/ring_buf
  starting_dir /home/cto/zephyrproject/zephyr-course
  obj_dir      /home/cto/zephyrproject/zephyr-course/twister-out
  gcda_fname   native_sim_native/host_gnu/zephyr-course/tests/ring_buf/homework.unit.ring_buf/zephyr/NSI/common/src/nsi_hw_scheduler.gcda
  --> fname    /home/cto/zephyrproject/zephyr/scripts/native_simulator/common/src/nsi_hw_scheduler.c
(DEBUG) Check if /home/cto/zephyrproject/zephyr/scripts/native_simulator/common/src/nsi_hw_scheduler.c is included (source file)...
(DEBUG)   No filter matched.
(DEBUG) --> File is excluded.
(DEBUG) Check if /home/cto/zephyrproject/zephyr-course/twister-out/nsi_safe_call.h##a1b3a0c9f3e2004284584594541f3a85.gcov is included (trace)...
(DEBUG) --> File is excluded.
(DEBUG) Finding source file corresponding to a gcov data file
  gcov_fname   /home/cto/zephyrproject/zephyr-course/twister-out/nsi_safe_call.h##a1b3a0c9f3e2004284584594541f3a85.gcov
  current_dir  /home/cto/zephyrproject/zephyr-course/twister-out
  root         /home/cto/zephyrproject/zephyr-course/app/modules/ring_buf
  starting_dir /home/cto/zephyrproject/zephyr-course
  obj_dir      /home/cto/zephyrproject/zephyr-course/twister-out
  gcda_fname   native_sim_native/host_gnu/zephyr-course/tests/ring_buf/homework.unit.ring_buf/zephyr/NSI/common/src/nsi_hw_scheduler.gcda
  --> fname    /home/cto/zephyrproject/zephyr/scripts/native_simulator/common/src/nsi_safe_call.h
(DEBUG) Check if /home/cto/zephyrproject/zephyr/scripts/native_simulator/common/src/nsi_safe_call.h is included (source file)...
(DEBUG) --> File is excluded.
(DEBUG) Check if /home/cto/zephyrproject/zephyr-course/twister-out/native_sim_native/host_gnu/zephyr-course/tests/ring_buf/homework.unit.ring_buf/zephyr/NSI/common/src/nsi_tasks.gcda is included (trace)...
(DEBUG)   No filter matched.
(DEBUG) --> File is excluded.
(DEBUG) Check if /home/cto/zephyrproject/zephyr-course/twister-out/native_sim_native/host_gnu/zephyr-course/tests/ring_buf/homework.unit.ring_buf/zephyr/NSI/common/src/nsi_tasks.gcda is included (trace)...
(DEBUG) --> File is excluded.
(DEBUG) Check if nsi_tasks.c##6ee37de015c99d357687157edbc82b50.gcov is included (gcov file)...
(DEBUG)   Filter AlwaysMatchFilter() matched.
(DEBUG) --> File is included.
(DEBUG) Check if /home/cto/zephyrproject/zephyr-course/twister-out/nsi_tasks.c##6ee37de015c99d357687157edbc82b50.gcov is included (trace)...
(DEBUG)   No filter matched.
(DEBUG) --> File is excluded.
(DEBUG) Finding source file corresponding to a gcov data file
  gcov_fname   /home/cto/zephyrproject/zephyr-course/twister-out/nsi_tasks.c##6ee37de015c99d357687157edbc82b50.gcov
  current_dir  /home/cto/zephyrproject/zephyr-course/twister-out
  root         /home/cto/zephyrproject/zephyr-course/app/modules/ring_buf
  starting_dir /home/cto/zephyrproject/zephyr-course
  obj_dir      /home/cto/zephyrproject/zephyr-course/twister-out
  gcda_fname   native_sim_native/host_gnu/zephyr-course/tests/ring_buf/homework.unit.ring_buf/zephyr/NSI/common/src/nsi_tasks.gcda
  --> fname    /home/cto/zephyrproject/zephyr/scripts/native_simulator/common/src/nsi_tasks.c
(DEBUG) Check if /home/cto/zephyrproject/zephyr/scripts/native_simulator/common/src/nsi_tasks.c is included (source file)...
(DEBUG)   No filter matched.
(DEBUG) --> File is excluded.
(DEBUG) Check if /home/cto/zephyrproject/zephyr-course/twister-out/native_sim_native/host_gnu/zephyr-course/tests/ring_buf/homework.unit.ring_buf/zephyr/NSI/common/src/nsi_trace_varg.gcda is included (trace)...
(DEBUG)   No filter matched.
(DEBUG) --> File is excluded.
(DEBUG) Check if /home/cto/zephyrproject/zephyr-course/twister-out/native_sim_native/host_gnu/zephyr-course/tests/ring_buf/homework.unit.ring_buf/zephyr/NSI/common/src/nsi_trace_varg.gcda is included (trace)...
(DEBUG) --> File is excluded.
(DEBUG) Check if nsi_trace_varg.c##a3e0d3caee72420c89583b2e4a22ade9.gcov is included (gcov file)...
(DEBUG)   Filter AlwaysMatchFilter() matched.
(DEBUG) --> File is included.
(DEBUG) Check if /home/cto/zephyrproject/zephyr-course/twister-out/nsi_trace_varg.c##a3e0d3caee72420c89583b2e4a22ade9.gcov is included (trace)...
(DEBUG)   No filter matched.
(DEBUG) --> File is excluded.
(DEBUG) Finding source file corresponding to a gcov data file
  gcov_fname   /home/cto/zephyrproject/zephyr-course/twister-out/nsi_trace_varg.c##a3e0d3caee72420c89583b2e4a22ade9.gcov
  current_dir  /home/cto/zephyrproject/zephyr-course/twister-out
  root         /home/cto/zephyrproject/zephyr-course/app/modules/ring_buf
  starting_dir /home/cto/zephyrproject/zephyr-course
  obj_dir      /home/cto/zephyrproject/zephyr-course/twister-out
  gcda_fname   native_sim_native/host_gnu/zephyr-course/tests/ring_buf/homework.unit.ring_buf/zephyr/NSI/common/src/nsi_trace_varg.gcda
  --> fname    /home/cto/zephyrproject/zephyr/scripts/native_simulator/common/src/nsi_trace_varg.c
(DEBUG) Check if /home/cto/zephyrproject/zephyr/scripts/native_simulator/common/src/nsi_trace_varg.c is included (source file)...
(DEBUG)   No filter matched.
(DEBUG) --> File is excluded.
(DEBUG) Check if /home/cto/zephyrproject/zephyr-course/twister-out/native_sim_native/host_gnu/zephyr-course/tests/ring_buf/homework.unit.ring_buf/zephyr/NSI/common/src/nsi_weak_stubs.gcda is included (trace)...
(DEBUG)   No filter matched.
(DEBUG) --> File is excluded.
(DEBUG) Check if /home/cto/zephyrproject/zephyr-course/twister-out/native_sim_native/host_gnu/zephyr-course/tests/ring_buf/homework.unit.ring_buf/zephyr/NSI/common/src/nsi_weak_stubs.gcda is included (trace)...
(DEBUG) --> File is excluded.
(DEBUG) Check if nsi_weak_stubs.c##fd31ffd2fa00e5427cd24b3947796984.gcov is included (gcov file)...
(DEBUG)   Filter AlwaysMatchFilter() matched.
(DEBUG) --> File is included.
(DEBUG) Check if /home/cto/zephyrproject/zephyr-course/twister-out/nsi_weak_stubs.c##fd31ffd2fa00e5427cd24b3947796984.gcov is included (trace)...
(DEBUG)   No filter matched.
(DEBUG) --> File is excluded.
(DEBUG) Finding source file corresponding to a gcov data file
  gcov_fname   /home/cto/zephyrproject/zephyr-course/twister-out/nsi_weak_stubs.c##fd31ffd2fa00e5427cd24b3947796984.gcov
  current_dir  /home/cto/zephyrproject/zephyr-course/twister-out
  root         /home/cto/zephyrproject/zephyr-course/app/modules/ring_buf
  starting_dir /home/cto/zephyrproject/zephyr-course
  obj_dir      /home/cto/zephyrproject/zephyr-course/twister-out
  gcda_fname   native_sim_native/host_gnu/zephyr-course/tests/ring_buf/homework.unit.ring_buf/zephyr/NSI/common/src/nsi_weak_stubs.gcda
  --> fname    /home/cto/zephyrproject/zephyr/scripts/native_simulator/common/src/nsi_weak_stubs.c
(DEBUG) Check if /home/cto/zephyrproject/zephyr/scripts/native_simulator/common/src/nsi_weak_stubs.c is included (source file)...
(DEBUG)   No filter matched.
(DEBUG) --> File is excluded.
(DEBUG) Check if /home/cto/zephyrproject/zephyr-course/twister-out/native_sim_native/host_gnu/zephyr-course/tests/ring_buf/homework.unit.ring_buf/zephyr/NSI/native/src/hw_counter.gcda is included (trace)...
(DEBUG)   No filter matched.
(DEBUG) --> File is excluded.
(DEBUG) Check if /home/cto/zephyrproject/zephyr-course/twister-out/native_sim_native/host_gnu/zephyr-course/tests/ring_buf/homework.unit.ring_buf/zephyr/NSI/native/src/hw_counter.gcda is included (trace)...
(DEBUG) --> File is excluded.
(DEBUG) Check if hw_counter.c##d184931a6e6a47356657f86fcacd6fb3.gcov is included (gcov file)...
(DEBUG)   Filter AlwaysMatchFilter() matched.
(DEBUG) --> File is included.
(DEBUG) Check if nsi_hw_scheduler.h##a046154de9a1bab0b4f2e5de828f65a7.gcov is included (gcov file)...
(DEBUG) --> File is included.
(DEBUG) Check if /home/cto/zephyrproject/zephyr-course/twister-out/nsi_hw_scheduler.h##a046154de9a1bab0b4f2e5de828f65a7.gcov is included (trace)...
(DEBUG) --> File is excluded.
(DEBUG) Finding source file corresponding to a gcov data file
  gcov_fname   /home/cto/zephyrproject/zephyr-course/twister-out/nsi_hw_scheduler.h##a046154de9a1bab0b4f2e5de828f65a7.gcov
  current_dir  /home/cto/zephyrproject/zephyr-course/twister-out
  root         /home/cto/zephyrproject/zephyr-course/app/modules/ring_buf
  starting_dir /home/cto/zephyrproject/zephyr-course
  obj_dir      /home/cto/zephyrproject/zephyr-course/twister-out
  gcda_fname   native_sim_native/host_gnu/zephyr-course/tests/ring_buf/homework.unit.ring_buf/zephyr/NSI/native/src/hw_counter.gcda
  --> fname    /home/cto/zephyrproject/zephyr/scripts/native_simulator/common/src/include/nsi_hw_scheduler.h
(DEBUG) Check if /home/cto/zephyrproject/zephyr/scripts/native_simulator/common/src/include/nsi_hw_scheduler.h is included (source file)...
(DEBUG) --> File is excluded.
(DEBUG) Check if /home/cto/zephyrproject/zephyr-course/twister-out/hw_counter.c##d184931a6e6a47356657f86fcacd6fb3.gcov is included (trace)...
(DEBUG)   No filter matched.
(DEBUG) --> File is excluded.
(DEBUG) Finding source file corresponding to a gcov data file
  gcov_fname   /home/cto/zephyrproject/zephyr-course/twister-out/hw_counter.c##d184931a6e6a47356657f86fcacd6fb3.gcov
  current_dir  /home/cto/zephyrproject/zephyr-course/twister-out
  root         /home/cto/zephyrproject/zephyr-course/app/modules/ring_buf
  starting_dir /home/cto/zephyrproject/zephyr-course
  obj_dir      /home/cto/zephyrproject/zephyr-course/twister-out
  gcda_fname   native_sim_native/host_gnu/zephyr-course/tests/ring_buf/homework.unit.ring_buf/zephyr/NSI/native/src/hw_counter.gcda
  --> fname    /home/cto/zephyrproject/zephyr/scripts/native_simulator/native/src/hw_counter.c
(DEBUG) Check if /home/cto/zephyrproject/zephyr/scripts/native_simulator/native/src/hw_counter.c is included (source file)...
(DEBUG)   No filter matched.
(DEBUG) --> File is excluded.
(DEBUG) Check if /home/cto/zephyrproject/zephyr-course/twister-out/native_sim_native/host_gnu/zephyr-course/tests/ring_buf/homework.unit.ring_buf/zephyr/NSI/native/src/irq_ctrl.gcda is included (trace)...
(DEBUG)   No filter matched.
(DEBUG) --> File is excluded.
(DEBUG) Check if /home/cto/zephyrproject/zephyr-course/twister-out/native_sim_native/host_gnu/zephyr-course/tests/ring_buf/homework.unit.ring_buf/zephyr/NSI/native/src/irq_ctrl.gcda is included (trace)...
(DEBUG) --> File is excluded.
(DEBUG) Check if irq_ctrl.c##49a4387765e792a27219ee0ef3f19460.gcov is included (gcov file)...
(DEBUG)   Filter AlwaysMatchFilter() matched.
(DEBUG) --> File is included.
(DEBUG) Check if nsi_internal.h##af37edb91cf4757046a7709e0e3df33d.gcov is included (gcov file)...
(DEBUG)   Filter AlwaysMatchFilter() matched.
(DEBUG) --> File is included.
(DEBUG) Check if nsi_hw_scheduler.h##a046154de9a1bab0b4f2e5de828f65a7.gcov is included (gcov file)...
(DEBUG) --> File is included.
(DEBUG) Check if /home/cto/zephyrproject/zephyr-course/twister-out/nsi_hw_scheduler.h##a046154de9a1bab0b4f2e5de828f65a7.gcov is included (trace)...
(DEBUG) --> File is excluded.
(DEBUG) Finding source file corresponding to a gcov data file
  gcov_fname   /home/cto/zephyrproject/zephyr-course/twister-out/nsi_hw_scheduler.h##a046154de9a1bab0b4f2e5de828f65a7.gcov
  current_dir  /home/cto/zephyrproject/zephyr-course/twister-out
  root         /home/cto/zephyrproject/zephyr-course/app/modules/ring_buf
  starting_dir /home/cto/zephyrproject/zephyr-course
  obj_dir      /home/cto/zephyrproject/zephyr-course/twister-out
  gcda_fname   native_sim_native/host_gnu/zephyr-course/tests/ring_buf/homework.unit.ring_buf/zephyr/NSI/native/src/irq_ctrl.gcda
  --> fname    /home/cto/zephyrproject/zephyr/scripts/native_simulator/common/src/include/nsi_hw_scheduler.h
(DEBUG) Check if /home/cto/zephyrproject/zephyr/scripts/native_simulator/common/src/include/nsi_hw_scheduler.h is included (source file)...
(DEBUG) --> File is excluded.
(DEBUG) Check if /home/cto/zephyrproject/zephyr-course/twister-out/nsi_internal.h##af37edb91cf4757046a7709e0e3df33d.gcov is included (trace)...
(DEBUG)   No filter matched.
(DEBUG) --> File is excluded.
(DEBUG) Finding source file corresponding to a gcov data file
  gcov_fname   /home/cto/zephyrproject/zephyr-course/twister-out/nsi_internal.h##af37edb91cf4757046a7709e0e3df33d.gcov
  current_dir  /home/cto/zephyrproject/zephyr-course/twister-out
  root         /home/cto/zephyrproject/zephyr-course/app/modules/ring_buf
  starting_dir /home/cto/zephyrproject/zephyr-course
  obj_dir      /home/cto/zephyrproject/zephyr-course/twister-out
  gcda_fname   native_sim_native/host_gnu/zephyr-course/tests/ring_buf/homework.unit.ring_buf/zephyr/NSI/native/src/irq_ctrl.gcda
  --> fname    /home/cto/zephyrproject/zephyr/scripts/native_simulator/common/src/nsi_internal.h
(DEBUG) Check if /home/cto/zephyrproject/zephyr/scripts/native_simulator/common/src/nsi_internal.h is included (source file)...
(DEBUG)   No filter matched.
(DEBUG) --> File is excluded.
(DEBUG) Check if /home/cto/zephyrproject/zephyr-course/twister-out/irq_ctrl.c##49a4387765e792a27219ee0ef3f19460.gcov is included (trace)...
(DEBUG)   No filter matched.
(DEBUG) --> File is excluded.
(DEBUG) Finding source file corresponding to a gcov data file
  gcov_fname   /home/cto/zephyrproject/zephyr-course/twister-out/irq_ctrl.c##49a4387765e792a27219ee0ef3f19460.gcov
  current_dir  /home/cto/zephyrproject/zephyr-course/twister-out
  root         /home/cto/zephyrproject/zephyr-course/app/modules/ring_buf
  starting_dir /home/cto/zephyrproject/zephyr-course
  obj_dir      /home/cto/zephyrproject/zephyr-course/twister-out
  gcda_fname   native_sim_native/host_gnu/zephyr-course/tests/ring_buf/homework.unit.ring_buf/zephyr/NSI/native/src/irq_ctrl.gcda
  --> fname    /home/cto/zephyrproject/zephyr/scripts/native_simulator/native/src/irq_ctrl.c
(DEBUG) Check if /home/cto/zephyrproject/zephyr/scripts/native_simulator/native/src/irq_ctrl.c is included (source file)...
(DEBUG)   No filter matched.
(DEBUG) --> File is excluded.
(DEBUG) Check if /home/cto/zephyrproject/zephyr-course/twister-out/native_sim_native/host_gnu/zephyr-course/tests/ring_buf/homework.unit.ring_buf/zephyr/NSI/native/src/native_rtc.gcda is included (trace)...
(DEBUG)   No filter matched.
(DEBUG) --> File is excluded.
(DEBUG) Check if /home/cto/zephyrproject/zephyr-course/twister-out/native_sim_native/host_gnu/zephyr-course/tests/ring_buf/homework.unit.ring_buf/zephyr/NSI/native/src/native_rtc.gcda is included (trace)...
(DEBUG) --> File is excluded.
(DEBUG) Check if native_rtc.c##ee685f465e470792f489f011624cf7bc.gcov is included (gcov file)...
(DEBUG)   Filter AlwaysMatchFilter() matched.
(DEBUG) --> File is included.
(DEBUG) Check if nsi_hw_scheduler.h##a046154de9a1bab0b4f2e5de828f65a7.gcov is included (gcov file)...
(DEBUG) --> File is included.
(DEBUG) Check if /home/cto/zephyrproject/zephyr-course/twister-out/nsi_hw_scheduler.h##a046154de9a1bab0b4f2e5de828f65a7.gcov is included (trace)...
(DEBUG) --> File is excluded.
(DEBUG) Finding source file corresponding to a gcov data file
  gcov_fname   /home/cto/zephyrproject/zephyr-course/twister-out/nsi_hw_scheduler.h##a046154de9a1bab0b4f2e5de828f65a7.gcov
  current_dir  /home/cto/zephyrproject/zephyr-course/twister-out
  root         /home/cto/zephyrproject/zephyr-course/app/modules/ring_buf
  starting_dir /home/cto/zephyrproject/zephyr-course
  obj_dir      /home/cto/zephyrproject/zephyr-course/twister-out
  gcda_fname   native_sim_native/host_gnu/zephyr-course/tests/ring_buf/homework.unit.ring_buf/zephyr/NSI/native/src/native_rtc.gcda
  --> fname    /home/cto/zephyrproject/zephyr/scripts/native_simulator/common/src/include/nsi_hw_scheduler.h
(DEBUG) Check if /home/cto/zephyrproject/zephyr/scripts/native_simulator/common/src/include/nsi_hw_scheduler.h is included (source file)...
(DEBUG) --> File is excluded.
(DEBUG) Check if /home/cto/zephyrproject/zephyr-course/twister-out/native_rtc.c##ee685f465e470792f489f011624cf7bc.gcov is included (trace)...
(DEBUG)   No filter matched.
(DEBUG) --> File is excluded.
(DEBUG) Finding source file corresponding to a gcov data file
  gcov_fname   /home/cto/zephyrproject/zephyr-course/twister-out/native_rtc.c##ee685f465e470792f489f011624cf7bc.gcov
  current_dir  /home/cto/zephyrproject/zephyr-course/twister-out
  root         /home/cto/zephyrproject/zephyr-course/app/modules/ring_buf
  starting_dir /home/cto/zephyrproject/zephyr-course
  obj_dir      /home/cto/zephyrproject/zephyr-course/twister-out
  gcda_fname   native_sim_native/host_gnu/zephyr-course/tests/ring_buf/homework.unit.ring_buf/zephyr/NSI/native/src/native_rtc.gcda
  --> fname    /home/cto/zephyrproject/zephyr/scripts/native_simulator/native/src/native_rtc.c
(DEBUG) Check if /home/cto/zephyrproject/zephyr/scripts/native_simulator/native/src/native_rtc.c is included (source file)...
(DEBUG)   No filter matched.
(DEBUG) --> File is excluded.
(DEBUG) Check if /home/cto/zephyrproject/zephyr-course/twister-out/native_sim_native/host_gnu/zephyr-course/tests/ring_buf/homework.unit.ring_buf/zephyr/NSI/native/src/nsi_cmdline.gcda is included (trace)...
(DEBUG)   No filter matched.
(DEBUG) --> File is excluded.
(DEBUG) Check if /home/cto/zephyrproject/zephyr-course/twister-out/native_sim_native/host_gnu/zephyr-course/tests/ring_buf/homework.unit.ring_buf/zephyr/NSI/native/src/nsi_cmdline.gcda is included (trace)...
(DEBUG) --> File is excluded.
(DEBUG) Check if nsi_cmdline.c##4efb54a697a76abb1509f217fba8a781.gcov is included (gcov file)...
(DEBUG)   Filter AlwaysMatchFilter() matched.
(DEBUG) --> File is included.
(DEBUG) Check if /home/cto/zephyrproject/zephyr-course/twister-out/nsi_cmdline.c##4efb54a697a76abb1509f217fba8a781.gcov is included (trace)...
(DEBUG)   No filter matched.
(DEBUG) --> File is excluded.
(DEBUG) Finding source file corresponding to a gcov data file
  gcov_fname   /home/cto/zephyrproject/zephyr-course/twister-out/nsi_cmdline.c##4efb54a697a76abb1509f217fba8a781.gcov
  current_dir  /home/cto/zephyrproject/zephyr-course/twister-out
  root         /home/cto/zephyrproject/zephyr-course/app/modules/ring_buf
  starting_dir /home/cto/zephyrproject/zephyr-course
  obj_dir      /home/cto/zephyrproject/zephyr-course/twister-out
  gcda_fname   native_sim_native/host_gnu/zephyr-course/tests/ring_buf/homework.unit.ring_buf/zephyr/NSI/native/src/nsi_cmdline.gcda
  --> fname    /home/cto/zephyrproject/zephyr/scripts/native_simulator/native/src/nsi_cmdline.c
(DEBUG) Check if /home/cto/zephyrproject/zephyr/scripts/native_simulator/native/src/nsi_cmdline.c is included (source file)...
(DEBUG)   No filter matched.
(DEBUG) --> File is excluded.
(DEBUG) Check if /home/cto/zephyrproject/zephyr-course/twister-out/native_sim_native/host_gnu/zephyr-course/tests/ring_buf/homework.unit.ring_buf/zephyr/NSI/native/src/nsi_cmdline_common.gcda is included (trace)...
(DEBUG)   No filter matched.
(DEBUG) --> File is excluded.
(DEBUG) Check if /home/cto/zephyrproject/zephyr-course/twister-out/native_sim_native/host_gnu/zephyr-course/tests/ring_buf/homework.unit.ring_buf/zephyr/NSI/native/src/nsi_cmdline_common.gcda is included (trace)...
(DEBUG) --> File is excluded.
(DEBUG) Check if nsi_cmdline_common.c##375f8f83538fe97d1ec3f16a5f7fa2c0.gcov is included (gcov file)...
(DEBUG)   Filter AlwaysMatchFilter() matched.
(DEBUG) --> File is included.
(DEBUG) Check if /home/cto/zephyrproject/zephyr-course/twister-out/nsi_cmdline_common.c##375f8f83538fe97d1ec3f16a5f7fa2c0.gcov is included (trace)...
(DEBUG)   No filter matched.
(DEBUG) --> File is excluded.
(DEBUG) Finding source file corresponding to a gcov data file
  gcov_fname   /home/cto/zephyrproject/zephyr-course/twister-out/nsi_cmdline_common.c##375f8f83538fe97d1ec3f16a5f7fa2c0.gcov
  current_dir  /home/cto/zephyrproject/zephyr-course/twister-out
  root         /home/cto/zephyrproject/zephyr-course/app/modules/ring_buf
  starting_dir /home/cto/zephyrproject/zephyr-course
  obj_dir      /home/cto/zephyrproject/zephyr-course/twister-out
  gcda_fname   native_sim_native/host_gnu/zephyr-course/tests/ring_buf/homework.unit.ring_buf/zephyr/NSI/native/src/nsi_cmdline_common.gcda
  --> fname    /home/cto/zephyrproject/zephyr/scripts/native_simulator/native/src/nsi_cmdline_common.c
(DEBUG) Check if /home/cto/zephyrproject/zephyr/scripts/native_simulator/native/src/nsi_cmdline_common.c is included (source file)...
(DEBUG)   No filter matched.
(DEBUG) --> File is excluded.
(DEBUG) Check if /home/cto/zephyrproject/zephyr-course/twister-out/native_sim_native/host_gnu/zephyr-course/tests/ring_buf/homework.unit.ring_buf/zephyr/NSI/native/src/nsi_trace.gcda is included (trace)...
(DEBUG)   No filter matched.
(DEBUG) --> File is excluded.
(DEBUG) Check if /home/cto/zephyrproject/zephyr-course/twister-out/native_sim_native/host_gnu/zephyr-course/tests/ring_buf/homework.unit.ring_buf/zephyr/NSI/native/src/nsi_trace.gcda is included (trace)...
(DEBUG) --> File is excluded.
(DEBUG) Check if nsi_trace.c##3b8390a17225c368e0212f156967315b.gcov is included (gcov file)...
(DEBUG)   Filter AlwaysMatchFilter() matched.
(DEBUG) --> File is included.
(DEBUG) Check if /home/cto/zephyrproject/zephyr-course/twister-out/nsi_trace.c##3b8390a17225c368e0212f156967315b.gcov is included (trace)...
(DEBUG)   No filter matched.
(DEBUG) --> File is excluded.
(DEBUG) Finding source file corresponding to a gcov data file
  gcov_fname   /home/cto/zephyrproject/zephyr-course/twister-out/nsi_trace.c##3b8390a17225c368e0212f156967315b.gcov
  current_dir  /home/cto/zephyrproject/zephyr-course/twister-out
  root         /home/cto/zephyrproject/zephyr-course/app/modules/ring_buf
  starting_dir /home/cto/zephyrproject/zephyr-course
  obj_dir      /home/cto/zephyrproject/zephyr-course/twister-out
  gcda_fname   native_sim_native/host_gnu/zephyr-course/tests/ring_buf/homework.unit.ring_buf/zephyr/NSI/native/src/nsi_trace.gcda
  --> fname    /home/cto/zephyrproject/zephyr/scripts/native_simulator/native/src/nsi_trace.c
(DEBUG) Check if /home/cto/zephyrproject/zephyr/scripts/native_simulator/native/src/nsi_trace.c is included (source file)...
(DEBUG)   No filter matched.
(DEBUG) --> File is excluded.
(DEBUG) Check if /home/cto/zephyrproject/zephyr-course/twister-out/native_sim_native/host_gnu/zephyr-course/tests/ring_buf/homework.unit.ring_buf/zephyr/NSI/native/src/timer_model.gcda is included (trace)...
(DEBUG)   No filter matched.
(DEBUG) --> File is excluded.
(DEBUG) Check if /home/cto/zephyrproject/zephyr-course/twister-out/native_sim_native/host_gnu/zephyr-course/tests/ring_buf/homework.unit.ring_buf/zephyr/NSI/native/src/timer_model.gcda is included (trace)...
(DEBUG) --> File is excluded.
(DEBUG) Check if timer_model.c##854d1be72e98835407c7f09768bc3507.gcov is included (gcov file)...
(DEBUG)   Filter AlwaysMatchFilter() matched.
(DEBUG) --> File is included.
(DEBUG) Check if nsi_hw_scheduler.h##a046154de9a1bab0b4f2e5de828f65a7.gcov is included (gcov file)...
(DEBUG) --> File is included.
(DEBUG) Check if /home/cto/zephyrproject/zephyr-course/twister-out/nsi_hw_scheduler.h##a046154de9a1bab0b4f2e5de828f65a7.gcov is included (trace)...
(DEBUG) --> File is excluded.
(DEBUG) Finding source file corresponding to a gcov data file
  gcov_fname   /home/cto/zephyrproject/zephyr-course/twister-out/nsi_hw_scheduler.h##a046154de9a1bab0b4f2e5de828f65a7.gcov
  current_dir  /home/cto/zephyrproject/zephyr-course/twister-out
  root         /home/cto/zephyrproject/zephyr-course/app/modules/ring_buf
  starting_dir /home/cto/zephyrproject/zephyr-course
  obj_dir      /home/cto/zephyrproject/zephyr-course/twister-out
  gcda_fname   native_sim_native/host_gnu/zephyr-course/tests/ring_buf/homework.unit.ring_buf/zephyr/NSI/native/src/timer_model.gcda
  --> fname    /home/cto/zephyrproject/zephyr/scripts/native_simulator/common/src/include/nsi_hw_scheduler.h
(DEBUG) Check if /home/cto/zephyrproject/zephyr/scripts/native_simulator/common/src/include/nsi_hw_scheduler.h is included (source file)...
(DEBUG) --> File is excluded.
(DEBUG) Check if /home/cto/zephyrproject/zephyr-course/twister-out/timer_model.c##854d1be72e98835407c7f09768bc3507.gcov is included (trace)...
(DEBUG)   No filter matched.
(DEBUG) --> File is excluded.
(DEBUG) Finding source file corresponding to a gcov data file
  gcov_fname   /home/cto/zephyrproject/zephyr-course/twister-out/timer_model.c##854d1be72e98835407c7f09768bc3507.gcov
  current_dir  /home/cto/zephyrproject/zephyr-course/twister-out
  root         /home/cto/zephyrproject/zephyr-course/app/modules/ring_buf
  starting_dir /home/cto/zephyrproject/zephyr-course
  obj_dir      /home/cto/zephyrproject/zephyr-course/twister-out
  gcda_fname   native_sim_native/host_gnu/zephyr-course/tests/ring_buf/homework.unit.ring_buf/zephyr/NSI/native/src/timer_model.gcda
  --> fname    /home/cto/zephyrproject/zephyr/scripts/native_simulator/native/src/timer_model.c
(DEBUG) Check if /home/cto/zephyrproject/zephyr/scripts/native_simulator/native/src/timer_model.c is included (source file)...
(DEBUG)   No filter matched.
(DEBUG) --> File is excluded.
(DEBUG) Check if /home/cto/zephyrproject/zephyr-course/twister-out/native_sim_native/host_gnu/zephyr-course/tests/ring_buf/homework.unit.ring_buf/zephyr/arch/arch/posix/core/CMakeFiles/arch__posix__core.dir/cpuhalt.c.gcda is included (trace)...
(DEBUG)   No filter matched.
(DEBUG) --> File is excluded.
(DEBUG) Check if /home/cto/zephyrproject/zephyr-course/twister-out/native_sim_native/host_gnu/zephyr-course/tests/ring_buf/homework.unit.ring_buf/zephyr/arch/arch/posix/core/CMakeFiles/arch__posix__core.dir/cpuhalt.c.gcda is included (trace)...
(DEBUG) --> File is excluded.
(DEBUG) Check if cpuhalt.c##a7dc0c608c3ffe0007e0958e1dd19cfa.gcov is included (gcov file)...
(DEBUG)   Filter AlwaysMatchFilter() matched.
(DEBUG) --> File is included.
(DEBUG) Check if /home/cto/zephyrproject/zephyr-course/twister-out/cpuhalt.c##a7dc0c608c3ffe0007e0958e1dd19cfa.gcov is included (trace)...
(DEBUG)   No filter matched.
(DEBUG) --> File is excluded.
(DEBUG) Finding source file corresponding to a gcov data file
  gcov_fname   /home/cto/zephyrproject/zephyr-course/twister-out/cpuhalt.c##a7dc0c608c3ffe0007e0958e1dd19cfa.gcov
  current_dir  /home/cto/zephyrproject/zephyr-course/twister-out
  root         /home/cto/zephyrproject/zephyr-course/app/modules/ring_buf
  starting_dir /home/cto/zephyrproject/zephyr-course
  obj_dir      /home/cto/zephyrproject/zephyr-course/twister-out
  gcda_fname   native_sim_native/host_gnu/zephyr-course/tests/ring_buf/homework.unit.ring_buf/zephyr/arch/arch/posix/core/CMakeFiles/arch__posix__core.dir/cpuhalt.c.gcda
  --> fname    /home/cto/zephyrproject/zephyr/arch/posix/core/cpuhalt.c
(DEBUG) Check if /home/cto/zephyrproject/zephyr/arch/posix/core/cpuhalt.c is included (source file)...
(DEBUG)   No filter matched.
(DEBUG) --> File is excluded.
(DEBUG) Check if /home/cto/zephyrproject/zephyr-course/twister-out/native_sim_native/host_gnu/zephyr-course/tests/ring_buf/homework.unit.ring_buf/zephyr/arch/arch/posix/core/CMakeFiles/arch__posix__core.dir/fatal.c.gcda is included (trace)...
(DEBUG)   No filter matched.
(DEBUG) --> File is excluded.
(DEBUG) Check if /home/cto/zephyrproject/zephyr-course/twister-out/native_sim_native/host_gnu/zephyr-course/tests/ring_buf/homework.unit.ring_buf/zephyr/arch/arch/posix/core/CMakeFiles/arch__posix__core.dir/fatal.c.gcda is included (trace)...
(DEBUG) --> File is excluded.
(DEBUG) Check if fatal.c##3c49646110bc2c45f16e9b720ad2d38b.gcov is included (gcov file)...
(DEBUG)   Filter AlwaysMatchFilter() matched.
(DEBUG) --> File is included.
(DEBUG) Check if /home/cto/zephyrproject/zephyr-course/twister-out/fatal.c##3c49646110bc2c45f16e9b720ad2d38b.gcov is included (trace)...
(DEBUG)   No filter matched.
(DEBUG) --> File is excluded.
(DEBUG) Finding source file corresponding to a gcov data file
  gcov_fname   /home/cto/zephyrproject/zephyr-course/twister-out/fatal.c##3c49646110bc2c45f16e9b720ad2d38b.gcov
  current_dir  /home/cto/zephyrproject/zephyr-course/twister-out
  root         /home/cto/zephyrproject/zephyr-course/app/modules/ring_buf
  starting_dir /home/cto/zephyrproject/zephyr-course
  obj_dir      /home/cto/zephyrproject/zephyr-course/twister-out
  gcda_fname   native_sim_native/host_gnu/zephyr-course/tests/ring_buf/homework.unit.ring_buf/zephyr/arch/arch/posix/core/CMakeFiles/arch__posix__core.dir/fatal.c.gcda
  --> fname    /home/cto/zephyrproject/zephyr/arch/posix/core/fatal.c
(DEBUG) Check if /home/cto/zephyrproject/zephyr/arch/posix/core/fatal.c is included (source file)...
(DEBUG)   No filter matched.
(DEBUG) --> File is excluded.
(DEBUG) Check if /home/cto/zephyrproject/zephyr-course/twister-out/native_sim_native/host_gnu/zephyr-course/tests/ring_buf/homework.unit.ring_buf/zephyr/arch/arch/posix/core/CMakeFiles/arch__posix__core.dir/irq.c.gcda is included (trace)...
(DEBUG)   No filter matched.
(DEBUG) --> File is excluded.
(DEBUG) Check if /home/cto/zephyrproject/zephyr-course/twister-out/native_sim_native/host_gnu/zephyr-course/tests/ring_buf/homework.unit.ring_buf/zephyr/arch/arch/posix/core/CMakeFiles/arch__posix__core.dir/irq.c.gcda is included (trace)...
(DEBUG) --> File is excluded.
(DEBUG) Check if irq.c##f0b8b51d37c0c1ac778aed353f98666a.gcov is included (gcov file)...
(DEBUG)   Filter AlwaysMatchFilter() matched.
(DEBUG) --> File is included.
(DEBUG) Check if /home/cto/zephyrproject/zephyr-course/twister-out/irq.c##f0b8b51d37c0c1ac778aed353f98666a.gcov is included (trace)...
(DEBUG)   No filter matched.
(DEBUG) --> File is excluded.
(DEBUG) Finding source file corresponding to a gcov data file
  gcov_fname   /home/cto/zephyrproject/zephyr-course/twister-out/irq.c##f0b8b51d37c0c1ac778aed353f98666a.gcov
  current_dir  /home/cto/zephyrproject/zephyr-course/twister-out
  root         /home/cto/zephyrproject/zephyr-course/app/modules/ring_buf
  starting_dir /home/cto/zephyrproject/zephyr-course
  obj_dir      /home/cto/zephyrproject/zephyr-course/twister-out
  gcda_fname   native_sim_native/host_gnu/zephyr-course/tests/ring_buf/homework.unit.ring_buf/zephyr/arch/arch/posix/core/CMakeFiles/arch__posix__core.dir/irq.c.gcda
  --> fname    /home/cto/zephyrproject/zephyr/arch/posix/core/irq.c
(DEBUG) Check if /home/cto/zephyrproject/zephyr/arch/posix/core/irq.c is included (source file)...
(DEBUG)   No filter matched.
(DEBUG) --> File is excluded.
(DEBUG) Check if /home/cto/zephyrproject/zephyr-course/twister-out/native_sim_native/host_gnu/zephyr-course/tests/ring_buf/homework.unit.ring_buf/zephyr/arch/arch/posix/core/CMakeFiles/arch__posix__core.dir/posix_core_nsi.c.gcda is included (trace)...
(DEBUG)   No filter matched.
(DEBUG) --> File is excluded.
(DEBUG) Check if /home/cto/zephyrproject/zephyr-course/twister-out/native_sim_native/host_gnu/zephyr-course/tests/ring_buf/homework.unit.ring_buf/zephyr/arch/arch/posix/core/CMakeFiles/arch__posix__core.dir/posix_core_nsi.c.gcda is included (trace)...
(DEBUG) --> File is excluded.
(DEBUG) Check if posix_core_nsi.c##d1ad55fd10e2914a0b19c5d7e40985d4.gcov is included (gcov file)...
(DEBUG)   Filter AlwaysMatchFilter() matched.
(DEBUG) --> File is included.
(DEBUG) Check if /home/cto/zephyrproject/zephyr-course/twister-out/posix_core_nsi.c##d1ad55fd10e2914a0b19c5d7e40985d4.gcov is included (trace)...
(DEBUG)   No filter matched.
(DEBUG) --> File is excluded.
(DEBUG) Finding source file corresponding to a gcov data file
  gcov_fname   /home/cto/zephyrproject/zephyr-course/twister-out/posix_core_nsi.c##d1ad55fd10e2914a0b19c5d7e40985d4.gcov
  current_dir  /home/cto/zephyrproject/zephyr-course/twister-out
  root         /home/cto/zephyrproject/zephyr-course/app/modules/ring_buf
  starting_dir /home/cto/zephyrproject/zephyr-course
  obj_dir      /home/cto/zephyrproject/zephyr-course/twister-out
  gcda_fname   native_sim_native/host_gnu/zephyr-course/tests/ring_buf/homework.unit.ring_buf/zephyr/arch/arch/posix/core/CMakeFiles/arch__posix__core.dir/posix_core_nsi.c.gcda
  --> fname    /home/cto/zephyrproject/zephyr/arch/posix/core/posix_core_nsi.c
(DEBUG) Check if /home/cto/zephyrproject/zephyr/arch/posix/core/posix_core_nsi.c is included (source file)...
(DEBUG)   No filter matched.
(DEBUG) --> File is excluded.
(DEBUG) Check if /home/cto/zephyrproject/zephyr-course/twister-out/native_sim_native/host_gnu/zephyr-course/tests/ring_buf/homework.unit.ring_buf/zephyr/arch/arch/posix/core/CMakeFiles/arch__posix__core.dir/swap.c.gcda is included (trace)...
(DEBUG)   No filter matched.
(DEBUG) --> File is excluded.
(DEBUG) Check if /home/cto/zephyrproject/zephyr-course/twister-out/native_sim_native/host_gnu/zephyr-course/tests/ring_buf/homework.unit.ring_buf/zephyr/arch/arch/posix/core/CMakeFiles/arch__posix__core.dir/swap.c.gcda is included (trace)...
(DEBUG) --> File is excluded.
(DEBUG) Check if swap.c##e023570b3fddf91535eeecd6be190d89.gcov is included (gcov file)...
(DEBUG)   Filter AlwaysMatchFilter() matched.
(DEBUG) --> File is included.
(DEBUG) Check if arch.h##cd3ec459a8a675a723e815b63d40d361.gcov is included (gcov file)...
(DEBUG) --> File is included.
(DEBUG) Check if /home/cto/zephyrproject/zephyr-course/twister-out/swap.c##e023570b3fddf91535eeecd6be190d89.gcov is included (trace)...
(DEBUG)   No filter matched.
(DEBUG) --> File is excluded.
(DEBUG) Finding source file corresponding to a gcov data file
  gcov_fname   /home/cto/zephyrproject/zephyr-course/twister-out/swap.c##e023570b3fddf91535eeecd6be190d89.gcov
  current_dir  /home/cto/zephyrproject/zephyr-course/twister-out
  root         /home/cto/zephyrproject/zephyr-course/app/modules/ring_buf
  starting_dir /home/cto/zephyrproject/zephyr-course
  obj_dir      /home/cto/zephyrproject/zephyr-course/twister-out
  gcda_fname   native_sim_native/host_gnu/zephyr-course/tests/ring_buf/homework.unit.ring_buf/zephyr/arch/arch/posix/core/CMakeFiles/arch__posix__core.dir/swap.c.gcda
  --> fname    /home/cto/zephyrproject/zephyr/arch/posix/core/swap.c
(DEBUG) Check if /home/cto/zephyrproject/zephyr/arch/posix/core/swap.c is included (source file)...
(DEBUG)   No filter matched.
(DEBUG) --> File is excluded.
(DEBUG) Check if /home/cto/zephyrproject/zephyr-course/twister-out/arch.h##cd3ec459a8a675a723e815b63d40d361.gcov is included (trace)...
(DEBUG) --> File is excluded.
(DEBUG) Finding source file corresponding to a gcov data file
  gcov_fname   /home/cto/zephyrproject/zephyr-course/twister-out/arch.h##cd3ec459a8a675a723e815b63d40d361.gcov
  current_dir  /home/cto/zephyrproject/zephyr-course/twister-out
  root         /home/cto/zephyrproject/zephyr-course/app/modules/ring_buf
  starting_dir /home/cto/zephyrproject/zephyr-course
  obj_dir      /home/cto/zephyrproject/zephyr-course/twister-out
  gcda_fname   native_sim_native/host_gnu/zephyr-course/tests/ring_buf/homework.unit.ring_buf/zephyr/arch/arch/posix/core/CMakeFiles/arch__posix__core.dir/swap.c.gcda
  --> fname    /home/cto/zephyrproject/zephyr/include/zephyr/arch/posix/arch.h
(DEBUG) Check if /home/cto/zephyrproject/zephyr/include/zephyr/arch/posix/arch.h is included (source file)...
(DEBUG) --> File is excluded.
(DEBUG) Check if /home/cto/zephyrproject/zephyr-course/twister-out/native_sim_native/host_gnu/zephyr-course/tests/ring_buf/homework.unit.ring_buf/zephyr/arch/arch/posix/core/CMakeFiles/arch__posix__core.dir/thread.c.gcda is included (trace)...
(DEBUG)   No filter matched.
(DEBUG) --> File is excluded.
(DEBUG) Check if /home/cto/zephyrproject/zephyr-course/twister-out/native_sim_native/host_gnu/zephyr-course/tests/ring_buf/homework.unit.ring_buf/zephyr/arch/arch/posix/core/CMakeFiles/arch__posix__core.dir/thread.c.gcda is included (trace)...
(DEBUG) --> File is excluded.
(DEBUG) Check if thread.c##affcfc0dd52c819ad2d22066f134272f.gcov is included (gcov file)...
(DEBUG)   Filter AlwaysMatchFilter() matched.
(DEBUG) --> File is included.
(DEBUG) Check if arch.h##cd3ec459a8a675a723e815b63d40d361.gcov is included (gcov file)...
(DEBUG) --> File is included.
(DEBUG) Check if /home/cto/zephyrproject/zephyr-course/twister-out/arch.h##cd3ec459a8a675a723e815b63d40d361.gcov is included (trace)...
(DEBUG) --> File is excluded.
(DEBUG) Finding source file corresponding to a gcov data file
  gcov_fname   /home/cto/zephyrproject/zephyr-course/twister-out/arch.h##cd3ec459a8a675a723e815b63d40d361.gcov
  current_dir  /home/cto/zephyrproject/zephyr-course/twister-out
  root         /home/cto/zephyrproject/zephyr-course/app/modules/ring_buf
  starting_dir /home/cto/zephyrproject/zephyr-course
  obj_dir      /home/cto/zephyrproject/zephyr-course/twister-out
  gcda_fname   native_sim_native/host_gnu/zephyr-course/tests/ring_buf/homework.unit.ring_buf/zephyr/arch/arch/posix/core/CMakeFiles/arch__posix__core.dir/thread.c.gcda
  --> fname    /home/cto/zephyrproject/zephyr/include/zephyr/arch/posix/arch.h
(DEBUG) Check if /home/cto/zephyrproject/zephyr/include/zephyr/arch/posix/arch.h is included (source file)...
(DEBUG) --> File is excluded.
(DEBUG) Check if /home/cto/zephyrproject/zephyr-course/twister-out/thread.c##affcfc0dd52c819ad2d22066f134272f.gcov is included (trace)...
(DEBUG)   No filter matched.
(DEBUG) --> File is excluded.
(DEBUG) Finding source file corresponding to a gcov data file
  gcov_fname   /home/cto/zephyrproject/zephyr-course/twister-out/thread.c##affcfc0dd52c819ad2d22066f134272f.gcov
  current_dir  /home/cto/zephyrproject/zephyr-course/twister-out
  root         /home/cto/zephyrproject/zephyr-course/app/modules/ring_buf
  starting_dir /home/cto/zephyrproject/zephyr-course
  obj_dir      /home/cto/zephyrproject/zephyr-course/twister-out
  gcda_fname   native_sim_native/host_gnu/zephyr-course/tests/ring_buf/homework.unit.ring_buf/zephyr/arch/arch/posix/core/CMakeFiles/arch__posix__core.dir/thread.c.gcda
  --> fname    /home/cto/zephyrproject/zephyr/arch/posix/core/thread.c
(DEBUG) Check if /home/cto/zephyrproject/zephyr/arch/posix/core/thread.c is included (source file)...
(DEBUG)   No filter matched.
(DEBUG) --> File is excluded.
(DEBUG) Check if /home/cto/zephyrproject/zephyr-course/twister-out/native_sim_native/host_gnu/zephyr-course/tests/ring_buf/homework.unit.ring_buf/zephyr/arch/common/CMakeFiles/arch__common.dir/init.c.gcda is included (trace)...
(DEBUG)   No filter matched.
(DEBUG) --> File is excluded.
(DEBUG) Check if /home/cto/zephyrproject/zephyr-course/twister-out/native_sim_native/host_gnu/zephyr-course/tests/ring_buf/homework.unit.ring_buf/zephyr/arch/common/CMakeFiles/arch__common.dir/init.c.gcda is included (trace)...
(DEBUG) --> File is excluded.
(DEBUG) Check if init.c##86aca68868969af9e235b16a41670f85.gcov is included (gcov file)...
(DEBUG)   Filter AlwaysMatchFilter() matched.
(DEBUG) --> File is included.
(DEBUG) Check if /home/cto/zephyrproject/zephyr-course/twister-out/init.c##86aca68868969af9e235b16a41670f85.gcov is included (trace)...
(DEBUG)   No filter matched.
(DEBUG) --> File is excluded.
(DEBUG) Finding source file corresponding to a gcov data file
  gcov_fname   /home/cto/zephyrproject/zephyr-course/twister-out/init.c##86aca68868969af9e235b16a41670f85.gcov
  current_dir  /home/cto/zephyrproject/zephyr-course/twister-out
  root         /home/cto/zephyrproject/zephyr-course/app/modules/ring_buf
  starting_dir /home/cto/zephyrproject/zephyr-course
  obj_dir      /home/cto/zephyrproject/zephyr-course/twister-out
  gcda_fname   native_sim_native/host_gnu/zephyr-course/tests/ring_buf/homework.unit.ring_buf/zephyr/arch/common/CMakeFiles/arch__common.dir/init.c.gcda
  --> fname    /home/cto/zephyrproject/zephyr/arch/common/init.c
(DEBUG) Check if /home/cto/zephyrproject/zephyr/arch/common/init.c is included (source file)...
(DEBUG)   No filter matched.
(DEBUG) --> File is excluded.
(DEBUG) Check if /home/cto/zephyrproject/zephyr-course/twister-out/native_sim_native/host_gnu/zephyr-course/tests/ring_buf/homework.unit.ring_buf/zephyr/boards/native/native_sim/CMakeFiles/boards__native__native_sim.dir/cmdline.c.gcda is included (trace)...
(DEBUG)   No filter matched.
(DEBUG) --> File is excluded.
(DEBUG) Check if /home/cto/zephyrproject/zephyr-course/twister-out/native_sim_native/host_gnu/zephyr-course/tests/ring_buf/homework.unit.ring_buf/zephyr/boards/native/native_sim/CMakeFiles/boards__native__native_sim.dir/cmdline.c.gcda is included (trace)...
(DEBUG) --> File is excluded.
(DEBUG) Check if cmdline.c##535a2e14b399e06d178e1079fb7aabd8.gcov is included (gcov file)...
(DEBUG)   Filter AlwaysMatchFilter() matched.
(DEBUG) --> File is included.
(DEBUG) Check if /home/cto/zephyrproject/zephyr-course/twister-out/cmdline.c##535a2e14b399e06d178e1079fb7aabd8.gcov is included (trace)...
(DEBUG)   No filter matched.
(DEBUG) --> File is excluded.
(DEBUG) Finding source file corresponding to a gcov data file
  gcov_fname   /home/cto/zephyrproject/zephyr-course/twister-out/cmdline.c##535a2e14b399e06d178e1079fb7aabd8.gcov
  current_dir  /home/cto/zephyrproject/zephyr-course/twister-out
  root         /home/cto/zephyrproject/zephyr-course/app/modules/ring_buf
  starting_dir /home/cto/zephyrproject/zephyr-course
  obj_dir      /home/cto/zephyrproject/zephyr-course/twister-out
  gcda_fname   native_sim_native/host_gnu/zephyr-course/tests/ring_buf/homework.unit.ring_buf/zephyr/boards/native/native_sim/CMakeFiles/boards__native__native_sim.dir/cmdline.c.gcda
  --> fname    /home/cto/zephyrproject/zephyr/boards/native/native_sim/cmdline.c
(DEBUG) Check if /home/cto/zephyrproject/zephyr/boards/native/native_sim/cmdline.c is included (source file)...
(DEBUG)   No filter matched.
(DEBUG) --> File is excluded.
(DEBUG) Check if /home/cto/zephyrproject/zephyr-course/twister-out/native_sim_native/host_gnu/zephyr-course/tests/ring_buf/homework.unit.ring_buf/zephyr/boards/native/native_sim/CMakeFiles/boards__native__native_sim.dir/cpu_wait.c.gcda is included (trace)...
(DEBUG)   No filter matched.
(DEBUG) --> File is excluded.
(DEBUG) Check if /home/cto/zephyrproject/zephyr-course/twister-out/native_sim_native/host_gnu/zephyr-course/tests/ring_buf/homework.unit.ring_buf/zephyr/boards/native/native_sim/CMakeFiles/boards__native__native_sim.dir/cpu_wait.c.gcda is included (trace)...
(DEBUG) --> File is excluded.
(DEBUG) Check if cpu_wait.c##f1e086f890f60f141d03dfff49606b89.gcov is included (gcov file)...
(DEBUG)   Filter AlwaysMatchFilter() matched.
(DEBUG) --> File is included.
(DEBUG) Check if nsi_hw_scheduler.h##a046154de9a1bab0b4f2e5de828f65a7.gcov is included (gcov file)...
(DEBUG) --> File is included.
(DEBUG) Check if /home/cto/zephyrproject/zephyr-course/twister-out/cpu_wait.c##f1e086f890f60f141d03dfff49606b89.gcov is included (trace)...
(DEBUG)   No filter matched.
(DEBUG) --> File is excluded.
(DEBUG) Finding source file corresponding to a gcov data file
  gcov_fname   /home/cto/zephyrproject/zephyr-course/twister-out/cpu_wait.c##f1e086f890f60f141d03dfff49606b89.gcov
  current_dir  /home/cto/zephyrproject/zephyr-course/twister-out
  root         /home/cto/zephyrproject/zephyr-course/app/modules/ring_buf
  starting_dir /home/cto/zephyrproject/zephyr-course
  obj_dir      /home/cto/zephyrproject/zephyr-course/twister-out
  gcda_fname   native_sim_native/host_gnu/zephyr-course/tests/ring_buf/homework.unit.ring_buf/zephyr/boards/native/native_sim/CMakeFiles/boards__native__native_sim.dir/cpu_wait.c.gcda
  --> fname    /home/cto/zephyrproject/zephyr/boards/native/native_sim/cpu_wait.c
(DEBUG) Check if /home/cto/zephyrproject/zephyr/boards/native/native_sim/cpu_wait.c is included (source file)...
(DEBUG)   No filter matched.
(DEBUG) --> File is excluded.
(DEBUG) Check if /home/cto/zephyrproject/zephyr-course/twister-out/nsi_hw_scheduler.h##a046154de9a1bab0b4f2e5de828f65a7.gcov is included (trace)...
(DEBUG) --> File is excluded.
(DEBUG) Finding source file corresponding to a gcov data file
  gcov_fname   /home/cto/zephyrproject/zephyr-course/twister-out/nsi_hw_scheduler.h##a046154de9a1bab0b4f2e5de828f65a7.gcov
  current_dir  /home/cto/zephyrproject/zephyr-course/twister-out
  root         /home/cto/zephyrproject/zephyr-course/app/modules/ring_buf
  starting_dir /home/cto/zephyrproject/zephyr-course
  obj_dir      /home/cto/zephyrproject/zephyr-course/twister-out
  gcda_fname   native_sim_native/host_gnu/zephyr-course/tests/ring_buf/homework.unit.ring_buf/zephyr/boards/native/native_sim/CMakeFiles/boards__native__native_sim.dir/cpu_wait.c.gcda
  --> fname    /home/cto/zephyrproject/zephyr/scripts/native_simulator/common/src/include/nsi_hw_scheduler.h
(DEBUG) Check if /home/cto/zephyrproject/zephyr/scripts/native_simulator/common/src/include/nsi_hw_scheduler.h is included (source file)...
(DEBUG) --> File is excluded.
(DEBUG) Check if /home/cto/zephyrproject/zephyr-course/twister-out/native_sim_native/host_gnu/zephyr-course/tests/ring_buf/homework.unit.ring_buf/zephyr/boards/native/native_sim/CMakeFiles/boards__native__native_sim.dir/irq_handler.c.gcda is included (trace)...
(DEBUG)   No filter matched.
(DEBUG) --> File is excluded.
(DEBUG) Check if /home/cto/zephyrproject/zephyr-course/twister-out/native_sim_native/host_gnu/zephyr-course/tests/ring_buf/homework.unit.ring_buf/zephyr/boards/native/native_sim/CMakeFiles/boards__native__native_sim.dir/irq_handler.c.gcda is included (trace)...
(DEBUG) --> File is excluded.
(DEBUG) Check if irq_handler.c##c6870b7a8194dd23abf607d989c3af0e.gcov is included (gcov file)...
(DEBUG)   Filter AlwaysMatchFilter() matched.
(DEBUG) --> File is included.
(DEBUG) Check if kswap.h##5ea47f75ed4ca178f401838b12636485.gcov is included (gcov file)...
(DEBUG)   Filter AlwaysMatchFilter() matched.
(DEBUG) --> File is included.
(DEBUG) Check if arch.h##cd3ec459a8a675a723e815b63d40d361.gcov is included (gcov file)...
(DEBUG) --> File is included.
(DEBUG) Check if /home/cto/zephyrproject/zephyr-course/twister-out/irq_handler.c##c6870b7a8194dd23abf607d989c3af0e.gcov is included (trace)...
(DEBUG)   No filter matched.
(DEBUG) --> File is excluded.
(DEBUG) Finding source file corresponding to a gcov data file
  gcov_fname   /home/cto/zephyrproject/zephyr-course/twister-out/irq_handler.c##c6870b7a8194dd23abf607d989c3af0e.gcov
  current_dir  /home/cto/zephyrproject/zephyr-course/twister-out
  root         /home/cto/zephyrproject/zephyr-course/app/modules/ring_buf
  starting_dir /home/cto/zephyrproject/zephyr-course
  obj_dir      /home/cto/zephyrproject/zephyr-course/twister-out
  gcda_fname   native_sim_native/host_gnu/zephyr-course/tests/ring_buf/homework.unit.ring_buf/zephyr/boards/native/native_sim/CMakeFiles/boards__native__native_sim.dir/irq_handler.c.gcda
  --> fname    /home/cto/zephyrproject/zephyr/boards/native/native_sim/irq_handler.c
(DEBUG) Check if /home/cto/zephyrproject/zephyr/boards/native/native_sim/irq_handler.c is included (source file)...
(DEBUG)   No filter matched.
(DEBUG) --> File is excluded.
(DEBUG) Check if /home/cto/zephyrproject/zephyr-course/twister-out/kswap.h##5ea47f75ed4ca178f401838b12636485.gcov is included (trace)...
(DEBUG)   No filter matched.
(DEBUG) --> File is excluded.
(DEBUG) Finding source file corresponding to a gcov data file
  gcov_fname   /home/cto/zephyrproject/zephyr-course/twister-out/kswap.h##5ea47f75ed4ca178f401838b12636485.gcov
  current_dir  /home/cto/zephyrproject/zephyr-course/twister-out
  root         /home/cto/zephyrproject/zephyr-course/app/modules/ring_buf
  starting_dir /home/cto/zephyrproject/zephyr-course
  obj_dir      /home/cto/zephyrproject/zephyr-course/twister-out
  gcda_fname   native_sim_native/host_gnu/zephyr-course/tests/ring_buf/homework.unit.ring_buf/zephyr/boards/native/native_sim/CMakeFiles/boards__native__native_sim.dir/irq_handler.c.gcda
  --> fname    /home/cto/zephyrproject/zephyr/kernel/include/kswap.h
(DEBUG) Check if /home/cto/zephyrproject/zephyr/kernel/include/kswap.h is included (source file)...
(DEBUG)   No filter matched.
(DEBUG) --> File is excluded.
(DEBUG) Check if /home/cto/zephyrproject/zephyr-course/twister-out/arch.h##cd3ec459a8a675a723e815b63d40d361.gcov is included (trace)...
(DEBUG) --> File is excluded.
(DEBUG) Finding source file corresponding to a gcov data file
  gcov_fname   /home/cto/zephyrproject/zephyr-course/twister-out/arch.h##cd3ec459a8a675a723e815b63d40d361.gcov
  current_dir  /home/cto/zephyrproject/zephyr-course/twister-out
  root         /home/cto/zephyrproject/zephyr-course/app/modules/ring_buf
  starting_dir /home/cto/zephyrproject/zephyr-course
  obj_dir      /home/cto/zephyrproject/zephyr-course/twister-out
  gcda_fname   native_sim_native/host_gnu/zephyr-course/tests/ring_buf/homework.unit.ring_buf/zephyr/boards/native/native_sim/CMakeFiles/boards__native__native_sim.dir/irq_handler.c.gcda
  --> fname    /home/cto/zephyrproject/zephyr/include/zephyr/arch/posix/arch.h
(DEBUG) Check if /home/cto/zephyrproject/zephyr/include/zephyr/arch/posix/arch.h is included (source file)...
(DEBUG) --> File is excluded.
(DEBUG) Check if /home/cto/zephyrproject/zephyr-course/twister-out/native_sim_native/host_gnu/zephyr-course/tests/ring_buf/homework.unit.ring_buf/zephyr/boards/native/native_sim/CMakeFiles/boards__native__native_sim.dir/misc.c.gcno is included (trace)...
(DEBUG)   No filter matched.
(DEBUG) --> File is excluded.
(DEBUG) Check if /home/cto/zephyrproject/zephyr-course/twister-out/native_sim_native/host_gnu/zephyr-course/tests/ring_buf/homework.unit.ring_buf/zephyr/boards/native/native_sim/CMakeFiles/boards__native__native_sim.dir/misc.c.gcno is included (trace)...
(DEBUG) --> File is excluded.
(DEBUG) Check if /home/cto/zephyrproject/zephyr-course/twister-out/native_sim_native/host_gnu/zephyr-course/tests/ring_buf/homework.unit.ring_buf/zephyr/boards/native/native_sim/CMakeFiles/boards__native__native_sim.dir/nsi_if.c.gcda is included (trace)...
(DEBUG)   No filter matched.
(DEBUG) --> File is excluded.
(DEBUG) Check if /home/cto/zephyrproject/zephyr-course/twister-out/native_sim_native/host_gnu/zephyr-course/tests/ring_buf/homework.unit.ring_buf/zephyr/boards/native/native_sim/CMakeFiles/boards__native__native_sim.dir/nsi_if.c.gcda is included (trace)...
(DEBUG) --> File is excluded.
(DEBUG) Check if nsi_if.c##3c5275fe15643e4ef1cb3801f6cb384f.gcov is included (gcov file)...
(DEBUG)   Filter AlwaysMatchFilter() matched.
(DEBUG) --> File is included.
(DEBUG) Check if /home/cto/zephyrproject/zephyr-course/twister-out/nsi_if.c##3c5275fe15643e4ef1cb3801f6cb384f.gcov is included (trace)...
(DEBUG)   No filter matched.
(DEBUG) --> File is excluded.
(DEBUG) Finding source file corresponding to a gcov data file
  gcov_fname   /home/cto/zephyrproject/zephyr-course/twister-out/nsi_if.c##3c5275fe15643e4ef1cb3801f6cb384f.gcov
  current_dir  /home/cto/zephyrproject/zephyr-course/twister-out
  root         /home/cto/zephyrproject/zephyr-course/app/modules/ring_buf
  starting_dir /home/cto/zephyrproject/zephyr-course
  obj_dir      /home/cto/zephyrproject/zephyr-course/twister-out
  gcda_fname   native_sim_native/host_gnu/zephyr-course/tests/ring_buf/homework.unit.ring_buf/zephyr/boards/native/native_sim/CMakeFiles/boards__native__native_sim.dir/nsi_if.c.gcda
  --> fname    /home/cto/zephyrproject/zephyr/boards/native/native_sim/nsi_if.c
(DEBUG) Check if /home/cto/zephyrproject/zephyr/boards/native/native_sim/nsi_if.c is included (source file)...
(DEBUG)   No filter matched.
(DEBUG) --> File is excluded.
(DEBUG) Check if /home/cto/zephyrproject/zephyr-course/twister-out/native_sim_native/host_gnu/zephyr-course/tests/ring_buf/homework.unit.ring_buf/zephyr/boards/native/native_sim/CMakeFiles/boards__native__native_sim.dir/posix_arch_if.c.gcda is included (trace)...
(DEBUG)   No filter matched.
(DEBUG) --> File is excluded.
(DEBUG) Check if /home/cto/zephyrproject/zephyr-course/twister-out/native_sim_native/host_gnu/zephyr-course/tests/ring_buf/homework.unit.ring_buf/zephyr/boards/native/native_sim/CMakeFiles/boards__native__native_sim.dir/posix_arch_if.c.gcda is included (trace)...
(DEBUG) --> File is excluded.
(DEBUG) Check if posix_arch_if.c##963127a2b472209e61b3ebe7ed99dadf.gcov is included (gcov file)...
(DEBUG)   Filter AlwaysMatchFilter() matched.
(DEBUG) --> File is included.
(DEBUG) Check if nsi_hw_scheduler.h##a046154de9a1bab0b4f2e5de828f65a7.gcov is included (gcov file)...
(DEBUG) --> File is included.
(DEBUG) Check if /home/cto/zephyrproject/zephyr-course/twister-out/nsi_hw_scheduler.h##a046154de9a1bab0b4f2e5de828f65a7.gcov is included (trace)...
(DEBUG) --> File is excluded.
(DEBUG) Finding source file corresponding to a gcov data file
  gcov_fname   /home/cto/zephyrproject/zephyr-course/twister-out/nsi_hw_scheduler.h##a046154de9a1bab0b4f2e5de828f65a7.gcov
  current_dir  /home/cto/zephyrproject/zephyr-course/twister-out
  root         /home/cto/zephyrproject/zephyr-course/app/modules/ring_buf
  starting_dir /home/cto/zephyrproject/zephyr-course
  obj_dir      /home/cto/zephyrproject/zephyr-course/twister-out
  gcda_fname   native_sim_native/host_gnu/zephyr-course/tests/ring_buf/homework.unit.ring_buf/zephyr/boards/native/native_sim/CMakeFiles/boards__native__native_sim.dir/posix_arch_if.c.gcda
  --> fname    /home/cto/zephyrproject/zephyr/scripts/native_simulator/common/src/include/nsi_hw_scheduler.h
(DEBUG) Check if /home/cto/zephyrproject/zephyr/scripts/native_simulator/common/src/include/nsi_hw_scheduler.h is included (source file)...
(DEBUG) --> File is excluded.
(DEBUG) Check if /home/cto/zephyrproject/zephyr-course/twister-out/posix_arch_if.c##963127a2b472209e61b3ebe7ed99dadf.gcov is included (trace)...
(DEBUG)   No filter matched.
(DEBUG) --> File is excluded.
(DEBUG) Finding source file corresponding to a gcov data file
  gcov_fname   /home/cto/zephyrproject/zephyr-course/twister-out/posix_arch_if.c##963127a2b472209e61b3ebe7ed99dadf.gcov
  current_dir  /home/cto/zephyrproject/zephyr-course/twister-out
  root         /home/cto/zephyrproject/zephyr-course/app/modules/ring_buf
  starting_dir /home/cto/zephyrproject/zephyr-course
  obj_dir      /home/cto/zephyrproject/zephyr-course/twister-out
  gcda_fname   native_sim_native/host_gnu/zephyr-course/tests/ring_buf/homework.unit.ring_buf/zephyr/boards/native/native_sim/CMakeFiles/boards__native__native_sim.dir/posix_arch_if.c.gcda
  --> fname    /home/cto/zephyrproject/zephyr/boards/native/native_sim/posix_arch_if.c
(DEBUG) Check if /home/cto/zephyrproject/zephyr/boards/native/native_sim/posix_arch_if.c is included (source file)...
(DEBUG)   No filter matched.
(DEBUG) --> File is excluded.
(DEBUG) Check if /home/cto/zephyrproject/zephyr-course/twister-out/native_sim_native/host_gnu/zephyr-course/tests/ring_buf/homework.unit.ring_buf/zephyr/drivers/console/CMakeFiles/drivers__console.dir/posix_arch_console.c.gcda is included (trace)...
(DEBUG)   No filter matched.
(DEBUG) --> File is excluded.
(DEBUG) Check if /home/cto/zephyrproject/zephyr-course/twister-out/native_sim_native/host_gnu/zephyr-course/tests/ring_buf/homework.unit.ring_buf/zephyr/drivers/console/CMakeFiles/drivers__console.dir/posix_arch_console.c.gcda is included (trace)...
(DEBUG) --> File is excluded.
(DEBUG) Check if posix_arch_console.c##cbe70947e342c1648d5fca1c19307613.gcov is included (gcov file)...
(DEBUG)   Filter AlwaysMatchFilter() matched.
(DEBUG) --> File is included.
(DEBUG) Check if /home/cto/zephyrproject/zephyr-course/twister-out/posix_arch_console.c##cbe70947e342c1648d5fca1c19307613.gcov is included (trace)...
(DEBUG)   No filter matched.
(DEBUG) --> File is excluded.
(DEBUG) Finding source file corresponding to a gcov data file
  gcov_fname   /home/cto/zephyrproject/zephyr-course/twister-out/posix_arch_console.c##cbe70947e342c1648d5fca1c19307613.gcov
  current_dir  /home/cto/zephyrproject/zephyr-course/twister-out
  root         /home/cto/zephyrproject/zephyr-course/app/modules/ring_buf
  starting_dir /home/cto/zephyrproject/zephyr-course
  obj_dir      /home/cto/zephyrproject/zephyr-course/twister-out
  gcda_fname   native_sim_native/host_gnu/zephyr-course/tests/ring_buf/homework.unit.ring_buf/zephyr/drivers/console/CMakeFiles/drivers__console.dir/posix_arch_console.c.gcda
  --> fname    /home/cto/zephyrproject/zephyr/drivers/console/posix_arch_console.c
(DEBUG) Check if /home/cto/zephyrproject/zephyr/drivers/console/posix_arch_console.c is included (source file)...
(DEBUG)   No filter matched.
(DEBUG) --> File is excluded.
(DEBUG) Check if /home/cto/zephyrproject/zephyr-course/twister-out/native_sim_native/host_gnu/zephyr-course/tests/ring_buf/homework.unit.ring_buf/zephyr/drivers/timer/CMakeFiles/drivers__timer.dir/native_sim_timer.c.gcda is included (trace)...
(DEBUG)   No filter matched.
(DEBUG) --> File is excluded.
(DEBUG) Check if /home/cto/zephyrproject/zephyr-course/twister-out/native_sim_native/host_gnu/zephyr-course/tests/ring_buf/homework.unit.ring_buf/zephyr/drivers/timer/CMakeFiles/drivers__timer.dir/native_sim_timer.c.gcda is included (trace)...
(DEBUG) --> File is excluded.
(DEBUG) Check if native_sim_timer.c##c329897055ddc93e95065126ed2a4eb8.gcov is included (gcov file)...
(DEBUG)   Filter AlwaysMatchFilter() matched.
(DEBUG) --> File is included.
(DEBUG) Check if nsi_hw_scheduler.h##a046154de9a1bab0b4f2e5de828f65a7.gcov is included (gcov file)...
(DEBUG) --> File is included.
(DEBUG) Check if /home/cto/zephyrproject/zephyr-course/twister-out/native_sim_timer.c##c329897055ddc93e95065126ed2a4eb8.gcov is included (trace)...
(DEBUG)   No filter matched.
(DEBUG) --> File is excluded.
(DEBUG) Finding source file corresponding to a gcov data file
  gcov_fname   /home/cto/zephyrproject/zephyr-course/twister-out/native_sim_timer.c##c329897055ddc93e95065126ed2a4eb8.gcov
  current_dir  /home/cto/zephyrproject/zephyr-course/twister-out
  root         /home/cto/zephyrproject/zephyr-course/app/modules/ring_buf
  starting_dir /home/cto/zephyrproject/zephyr-course
  obj_dir      /home/cto/zephyrproject/zephyr-course/twister-out
  gcda_fname   native_sim_native/host_gnu/zephyr-course/tests/ring_buf/homework.unit.ring_buf/zephyr/drivers/timer/CMakeFiles/drivers__timer.dir/native_sim_timer.c.gcda
  --> fname    /home/cto/zephyrproject/zephyr/drivers/timer/native_sim_timer.c
(DEBUG) Check if /home/cto/zephyrproject/zephyr/drivers/timer/native_sim_timer.c is included (source file)...
(DEBUG)   No filter matched.
(DEBUG) --> File is excluded.
(DEBUG) Check if /home/cto/zephyrproject/zephyr-course/twister-out/nsi_hw_scheduler.h##a046154de9a1bab0b4f2e5de828f65a7.gcov is included (trace)...
(DEBUG) --> File is excluded.
(DEBUG) Finding source file corresponding to a gcov data file
  gcov_fname   /home/cto/zephyrproject/zephyr-course/twister-out/nsi_hw_scheduler.h##a046154de9a1bab0b4f2e5de828f65a7.gcov
  current_dir  /home/cto/zephyrproject/zephyr-course/twister-out
  root         /home/cto/zephyrproject/zephyr-course/app/modules/ring_buf
  starting_dir /home/cto/zephyrproject/zephyr-course
  obj_dir      /home/cto/zephyrproject/zephyr-course/twister-out
  gcda_fname   native_sim_native/host_gnu/zephyr-course/tests/ring_buf/homework.unit.ring_buf/zephyr/drivers/timer/CMakeFiles/drivers__timer.dir/native_sim_timer.c.gcda
  --> fname    /home/cto/zephyrproject/zephyr/scripts/native_simulator/common/src/include/nsi_hw_scheduler.h
(DEBUG) Check if /home/cto/zephyrproject/zephyr/scripts/native_simulator/common/src/include/nsi_hw_scheduler.h is included (source file)...
(DEBUG) --> File is excluded.
(DEBUG) Check if /home/cto/zephyrproject/zephyr-course/twister-out/native_sim_native/host_gnu/zephyr-course/tests/ring_buf/homework.unit.ring_buf/zephyr/drivers/timer/CMakeFiles/drivers__timer.dir/sys_clock_init.c.gcda is included (trace)...
(DEBUG)   No filter matched.
(DEBUG) --> File is excluded.
(DEBUG) Check if /home/cto/zephyrproject/zephyr-course/twister-out/native_sim_native/host_gnu/zephyr-course/tests/ring_buf/homework.unit.ring_buf/zephyr/drivers/timer/CMakeFiles/drivers__timer.dir/sys_clock_init.c.gcda is included (trace)...
(DEBUG) --> File is excluded.
(DEBUG) Check if sys_clock_init.c##3e723ea36ab7ff9c1126380fda1a10f9.gcov is included (gcov file)...
(DEBUG)   Filter AlwaysMatchFilter() matched.
(DEBUG) --> File is included.
(DEBUG) Check if /home/cto/zephyrproject/zephyr-course/twister-out/sys_clock_init.c##3e723ea36ab7ff9c1126380fda1a10f9.gcov is included (trace)...
(DEBUG)   No filter matched.
(DEBUG) --> File is excluded.
(DEBUG) Finding source file corresponding to a gcov data file
  gcov_fname   /home/cto/zephyrproject/zephyr-course/twister-out/sys_clock_init.c##3e723ea36ab7ff9c1126380fda1a10f9.gcov
  current_dir  /home/cto/zephyrproject/zephyr-course/twister-out
  root         /home/cto/zephyrproject/zephyr-course/app/modules/ring_buf
  starting_dir /home/cto/zephyrproject/zephyr-course
  obj_dir      /home/cto/zephyrproject/zephyr-course/twister-out
  gcda_fname   native_sim_native/host_gnu/zephyr-course/tests/ring_buf/homework.unit.ring_buf/zephyr/drivers/timer/CMakeFiles/drivers__timer.dir/sys_clock_init.c.gcda
  --> fname    /home/cto/zephyrproject/zephyr/drivers/timer/sys_clock_init.c
(DEBUG) Check if /home/cto/zephyrproject/zephyr/drivers/timer/sys_clock_init.c is included (source file)...
(DEBUG)   No filter matched.
(DEBUG) --> File is excluded.
(DEBUG) Check if /home/cto/zephyrproject/zephyr-course/twister-out/native_sim_native/host_gnu/zephyr-course/tests/ring_buf/homework.unit.ring_buf/zephyr/kernel/CMakeFiles/kernel.dir/banner.c.gcda is included (trace)...
(DEBUG)   No filter matched.
(DEBUG) --> File is excluded.
(DEBUG) Check if /home/cto/zephyrproject/zephyr-course/twister-out/native_sim_native/host_gnu/zephyr-course/tests/ring_buf/homework.unit.ring_buf/zephyr/kernel/CMakeFiles/kernel.dir/banner.c.gcda is included (trace)...
(DEBUG) --> File is excluded.
(DEBUG) Check if banner.c##1c688b917af0c76e01cd9d717f1f7d05.gcov is included (gcov file)...
(DEBUG)   Filter AlwaysMatchFilter() matched.
(DEBUG) --> File is included.
(DEBUG) Check if /home/cto/zephyrproject/zephyr-course/twister-out/banner.c##1c688b917af0c76e01cd9d717f1f7d05.gcov is included (trace)...
(DEBUG)   No filter matched.
(DEBUG) --> File is excluded.
(DEBUG) Finding source file corresponding to a gcov data file
  gcov_fname   /home/cto/zephyrproject/zephyr-course/twister-out/banner.c##1c688b917af0c76e01cd9d717f1f7d05.gcov
  current_dir  /home/cto/zephyrproject/zephyr-course/twister-out
  root         /home/cto/zephyrproject/zephyr-course/app/modules/ring_buf
  starting_dir /home/cto/zephyrproject/zephyr-course
  obj_dir      /home/cto/zephyrproject/zephyr-course/twister-out
  gcda_fname   native_sim_native/host_gnu/zephyr-course/tests/ring_buf/homework.unit.ring_buf/zephyr/kernel/CMakeFiles/kernel.dir/banner.c.gcda
  --> fname    /home/cto/zephyrproject/zephyr/kernel/banner.c
(DEBUG) Check if /home/cto/zephyrproject/zephyr/kernel/banner.c is included (source file)...
(DEBUG)   No filter matched.
(DEBUG) --> File is excluded.
(DEBUG) Check if /home/cto/zephyrproject/zephyr-course/twister-out/native_sim_native/host_gnu/zephyr-course/tests/ring_buf/homework.unit.ring_buf/zephyr/kernel/CMakeFiles/kernel.dir/busy_wait.c.gcno is included (trace)...
(DEBUG)   No filter matched.
(DEBUG) --> File is excluded.
(DEBUG) Check if /home/cto/zephyrproject/zephyr-course/twister-out/native_sim_native/host_gnu/zephyr-course/tests/ring_buf/homework.unit.ring_buf/zephyr/kernel/CMakeFiles/kernel.dir/busy_wait.c.gcno is included (trace)...
(DEBUG) --> File is excluded.
(DEBUG) Check if busy_wait.c##83b0b29df72837bcbf8479c2c7a1ae49.gcov is included (gcov file)...
(DEBUG)   Filter AlwaysMatchFilter() matched.
(DEBUG) --> File is included.
(DEBUG) Check if /home/cto/zephyrproject/zephyr-course/twister-out/busy_wait.c##83b0b29df72837bcbf8479c2c7a1ae49.gcov is included (trace)...
(DEBUG)   No filter matched.
(DEBUG) --> File is excluded.
(DEBUG) Finding source file corresponding to a gcov data file
  gcov_fname   /home/cto/zephyrproject/zephyr-course/twister-out/busy_wait.c##83b0b29df72837bcbf8479c2c7a1ae49.gcov
  current_dir  /home/cto/zephyrproject/zephyr-course/twister-out
  root         /home/cto/zephyrproject/zephyr-course/app/modules/ring_buf
  starting_dir /home/cto/zephyrproject/zephyr-course
  obj_dir      /home/cto/zephyrproject/zephyr-course/twister-out
  gcda_fname   native_sim_native/host_gnu/zephyr-course/tests/ring_buf/homework.unit.ring_buf/zephyr/kernel/CMakeFiles/kernel.dir/busy_wait.c.gcno
  --> fname    /home/cto/zephyrproject/zephyr/kernel/busy_wait.c
(DEBUG) Check if /home/cto/zephyrproject/zephyr/kernel/busy_wait.c is included (source file)...
(DEBUG)   No filter matched.
(DEBUG) --> File is excluded.
(DEBUG) Check if /home/cto/zephyrproject/zephyr-course/twister-out/native_sim_native/host_gnu/zephyr-course/tests/ring_buf/homework.unit.ring_buf/zephyr/kernel/CMakeFiles/kernel.dir/condvar.c.gcno is included (trace)...
(DEBUG)   No filter matched.
(DEBUG) --> File is excluded.
(DEBUG) Check if /home/cto/zephyrproject/zephyr-course/twister-out/native_sim_native/host_gnu/zephyr-course/tests/ring_buf/homework.unit.ring_buf/zephyr/kernel/CMakeFiles/kernel.dir/condvar.c.gcno is included (trace)...
(DEBUG) --> File is excluded.
(DEBUG) Check if condvar.c##dba0e38e696e211ba71a91077545c6f8.gcov is included (gcov file)...
(DEBUG)   Filter AlwaysMatchFilter() matched.
(DEBUG) --> File is included.
(DEBUG) Check if wait_q.h##ded2ae2822159b780ea75cb59b2ee9ab.gcov is included (gcov file)...
(DEBUG)   Filter AlwaysMatchFilter() matched.
(DEBUG) --> File is included.
(DEBUG) Check if ksched.h##ed05a602fa65c69cb6663bf196ec30da.gcov is included (gcov file)...
(DEBUG)   Filter AlwaysMatchFilter() matched.
(DEBUG) --> File is included.
(DEBUG) Check if priority_q.h##9623d6fc9d5156abfc198d9641ba6225.gcov is included (gcov file)...
(DEBUG)   Filter AlwaysMatchFilter() matched.
(DEBUG) --> File is included.
(DEBUG) Check if kthread.h##dd2da6b097956e25ca6725b2474a3e43.gcov is included (gcov file)...
(DEBUG)   Filter AlwaysMatchFilter() matched.
(DEBUG) --> File is included.
(DEBUG) Check if timeout_q.h##a95b2b01f7e434a2400daebfad8ed345.gcov is included (gcov file)...
(DEBUG)   Filter AlwaysMatchFilter() matched.
(DEBUG) --> File is included.
(DEBUG) Check if kernel_arch_func.h##abfef9e7d3ad40b2d908e530356295bd.gcov is included (gcov file)...
(DEBUG)   Filter AlwaysMatchFilter() matched.
(DEBUG) --> File is included.
(DEBUG) Check if kernel.h##a43b07f35530a2575a8767c959abd1d5.gcov is included (gcov file)...
(DEBUG) --> File is included.
(DEBUG) Check if kobject_internal.h##c80d72ddd75e3dc86bbda9d3af962332.gcov is included (gcov file)...
(DEBUG)   Filter AlwaysMatchFilter() matched.
(DEBUG) --> File is included.
(DEBUG) Check if spinlock.h##7a9625cd30eeacafc44455d74d611b1c.gcov is included (gcov file)...
(DEBUG) --> File is included.
(DEBUG) Check if arch.h##cd3ec459a8a675a723e815b63d40d361.gcov is included (gcov file)...
(DEBUG) --> File is included.
(DEBUG) Check if dlist.h##433b9b986dcbf92abddbed41f2b435fa.gcov is included (gcov file)...
(DEBUG)   Filter AlwaysMatchFilter() matched.
(DEBUG) --> File is included.
(DEBUG) Check if /home/cto/zephyrproject/zephyr-course/twister-out/dlist.h##433b9b986dcbf92abddbed41f2b435fa.gcov is included (trace)...
(DEBUG)   No filter matched.
(DEBUG) --> File is excluded.
(DEBUG) Finding source file corresponding to a gcov data file
  gcov_fname   /home/cto/zephyrproject/zephyr-course/twister-out/dlist.h##433b9b986dcbf92abddbed41f2b435fa.gcov
  current_dir  /home/cto/zephyrproject/zephyr-course/twister-out
  root         /home/cto/zephyrproject/zephyr-course/app/modules/ring_buf
  starting_dir /home/cto/zephyrproject/zephyr-course
  obj_dir      /home/cto/zephyrproject/zephyr-course/twister-out
  gcda_fname   native_sim_native/host_gnu/zephyr-course/tests/ring_buf/homework.unit.ring_buf/zephyr/kernel/CMakeFiles/kernel.dir/condvar.c.gcno
  --> fname    /home/cto/zephyrproject/zephyr/include/zephyr/sys/dlist.h
(DEBUG) Check if /home/cto/zephyrproject/zephyr/include/zephyr/sys/dlist.h is included (source file)...
(DEBUG)   No filter matched.
(DEBUG) --> File is excluded.
(DEBUG) Check if /home/cto/zephyrproject/zephyr-course/twister-out/timeout_q.h##a95b2b01f7e434a2400daebfad8ed345.gcov is included (trace)...
(DEBUG)   No filter matched.
(DEBUG) --> File is excluded.
(DEBUG) Finding source file corresponding to a gcov data file
  gcov_fname   /home/cto/zephyrproject/zephyr-course/twister-out/timeout_q.h##a95b2b01f7e434a2400daebfad8ed345.gcov
  current_dir  /home/cto/zephyrproject/zephyr-course/twister-out
  root         /home/cto/zephyrproject/zephyr-course/app/modules/ring_buf
  starting_dir /home/cto/zephyrproject/zephyr-course
  obj_dir      /home/cto/zephyrproject/zephyr-course/twister-out
  gcda_fname   native_sim_native/host_gnu/zephyr-course/tests/ring_buf/homework.unit.ring_buf/zephyr/kernel/CMakeFiles/kernel.dir/condvar.c.gcno
  --> fname    /home/cto/zephyrproject/zephyr/kernel/include/timeout_q.h
(DEBUG) Check if /home/cto/zephyrproject/zephyr/kernel/include/timeout_q.h is included (source file)...
(DEBUG)   No filter matched.
(DEBUG) --> File is excluded.
(DEBUG) Check if /home/cto/zephyrproject/zephyr-course/twister-out/kthread.h##dd2da6b097956e25ca6725b2474a3e43.gcov is included (trace)...
(DEBUG)   No filter matched.
(DEBUG) --> File is excluded.
(DEBUG) Finding source file corresponding to a gcov data file
  gcov_fname   /home/cto/zephyrproject/zephyr-course/twister-out/kthread.h##dd2da6b097956e25ca6725b2474a3e43.gcov
  current_dir  /home/cto/zephyrproject/zephyr-course/twister-out
  root         /home/cto/zephyrproject/zephyr-course/app/modules/ring_buf
  starting_dir /home/cto/zephyrproject/zephyr-course
  obj_dir      /home/cto/zephyrproject/zephyr-course/twister-out
  gcda_fname   native_sim_native/host_gnu/zephyr-course/tests/ring_buf/homework.unit.ring_buf/zephyr/kernel/CMakeFiles/kernel.dir/condvar.c.gcno
  --> fname    /home/cto/zephyrproject/zephyr/kernel/include/kthread.h
(DEBUG) Check if /home/cto/zephyrproject/zephyr/kernel/include/kthread.h is included (source file)...
(DEBUG)   No filter matched.
(DEBUG) --> File is excluded.
(DEBUG) Check if /home/cto/zephyrproject/zephyr-course/twister-out/kobject_internal.h##c80d72ddd75e3dc86bbda9d3af962332.gcov is included (trace)...
(DEBUG)   No filter matched.
(DEBUG) --> File is excluded.
(DEBUG) Finding source file corresponding to a gcov data file
  gcov_fname   /home/cto/zephyrproject/zephyr-course/twister-out/kobject_internal.h##c80d72ddd75e3dc86bbda9d3af962332.gcov
  current_dir  /home/cto/zephyrproject/zephyr-course/twister-out
  root         /home/cto/zephyrproject/zephyr-course/app/modules/ring_buf
  starting_dir /home/cto/zephyrproject/zephyr-course
  obj_dir      /home/cto/zephyrproject/zephyr-course/twister-out
  gcda_fname   native_sim_native/host_gnu/zephyr-course/tests/ring_buf/homework.unit.ring_buf/zephyr/kernel/CMakeFiles/kernel.dir/condvar.c.gcno
  --> fname    /home/cto/zephyrproject/zephyr/include/zephyr/sys/internal/kobject_internal.h
(DEBUG) Check if /home/cto/zephyrproject/zephyr/include/zephyr/sys/internal/kobject_internal.h is included (source file)...
(DEBUG)   No filter matched.
(DEBUG) --> File is excluded.
(DEBUG) Check if /home/cto/zephyrproject/zephyr-course/twister-out/condvar.c##dba0e38e696e211ba71a91077545c6f8.gcov is included (trace)...
(DEBUG)   No filter matched.
(DEBUG) --> File is excluded.
(DEBUG) Finding source file corresponding to a gcov data file
  gcov_fname   /home/cto/zephyrproject/zephyr-course/twister-out/condvar.c##dba0e38e696e211ba71a91077545c6f8.gcov
  current_dir  /home/cto/zephyrproject/zephyr-course/twister-out
  root         /home/cto/zephyrproject/zephyr-course/app/modules/ring_buf
  starting_dir /home/cto/zephyrproject/zephyr-course
  obj_dir      /home/cto/zephyrproject/zephyr-course/twister-out
  gcda_fname   native_sim_native/host_gnu/zephyr-course/tests/ring_buf/homework.unit.ring_buf/zephyr/kernel/CMakeFiles/kernel.dir/condvar.c.gcno
  --> fname    /home/cto/zephyrproject/zephyr/kernel/condvar.c
(DEBUG) Check if /home/cto/zephyrproject/zephyr/kernel/condvar.c is included (source file)...
(DEBUG)   No filter matched.
(DEBUG) --> File is excluded.
(DEBUG) Check if /home/cto/zephyrproject/zephyr-course/twister-out/kernel_arch_func.h##abfef9e7d3ad40b2d908e530356295bd.gcov is included (trace)...
(DEBUG)   No filter matched.
(DEBUG) --> File is excluded.
(DEBUG) Finding source file corresponding to a gcov data file
  gcov_fname   /home/cto/zephyrproject/zephyr-course/twister-out/kernel_arch_func.h##abfef9e7d3ad40b2d908e530356295bd.gcov
  current_dir  /home/cto/zephyrproject/zephyr-course/twister-out
  root         /home/cto/zephyrproject/zephyr-course/app/modules/ring_buf
  starting_dir /home/cto/zephyrproject/zephyr-course
  obj_dir      /home/cto/zephyrproject/zephyr-course/twister-out
  gcda_fname   native_sim_native/host_gnu/zephyr-course/tests/ring_buf/homework.unit.ring_buf/zephyr/kernel/CMakeFiles/kernel.dir/condvar.c.gcno
  --> fname    /home/cto/zephyrproject/zephyr/arch/posix/include/kernel_arch_func.h
(DEBUG) Check if /home/cto/zephyrproject/zephyr/arch/posix/include/kernel_arch_func.h is included (source file)...
(DEBUG)   No filter matched.
(DEBUG) --> File is excluded.
(DEBUG) Check if /home/cto/zephyrproject/zephyr-course/twister-out/priority_q.h##9623d6fc9d5156abfc198d9641ba6225.gcov is included (trace)...
(DEBUG)   No filter matched.
(DEBUG) --> File is excluded.
(DEBUG) Finding source file corresponding to a gcov data file
  gcov_fname   /home/cto/zephyrproject/zephyr-course/twister-out/priority_q.h##9623d6fc9d5156abfc198d9641ba6225.gcov
  current_dir  /home/cto/zephyrproject/zephyr-course/twister-out
  root         /home/cto/zephyrproject/zephyr-course/app/modules/ring_buf
  starting_dir /home/cto/zephyrproject/zephyr-course
  obj_dir      /home/cto/zephyrproject/zephyr-course/twister-out
  gcda_fname   native_sim_native/host_gnu/zephyr-course/tests/ring_buf/homework.unit.ring_buf/zephyr/kernel/CMakeFiles/kernel.dir/condvar.c.gcno
  --> fname    /home/cto/zephyrproject/zephyr/kernel/include/priority_q.h
(DEBUG) Check if /home/cto/zephyrproject/zephyr/kernel/include/priority_q.h is included (source file)...
(DEBUG)   No filter matched.
(DEBUG) --> File is excluded.
(DEBUG) Check if /home/cto/zephyrproject/zephyr-course/twister-out/ksched.h##ed05a602fa65c69cb6663bf196ec30da.gcov is included (trace)...
(DEBUG)   No filter matched.
(DEBUG) --> File is excluded.
(DEBUG) Finding source file corresponding to a gcov data file
  gcov_fname   /home/cto/zephyrproject/zephyr-course/twister-out/ksched.h##ed05a602fa65c69cb6663bf196ec30da.gcov
  current_dir  /home/cto/zephyrproject/zephyr-course/twister-out
  root         /home/cto/zephyrproject/zephyr-course/app/modules/ring_buf
  starting_dir /home/cto/zephyrproject/zephyr-course
  obj_dir      /home/cto/zephyrproject/zephyr-course/twister-out
  gcda_fname   native_sim_native/host_gnu/zephyr-course/tests/ring_buf/homework.unit.ring_buf/zephyr/kernel/CMakeFiles/kernel.dir/condvar.c.gcno
  --> fname    /home/cto/zephyrproject/zephyr/kernel/include/ksched.h
(DEBUG) Check if /home/cto/zephyrproject/zephyr/kernel/include/ksched.h is included (source file)...
(DEBUG)   No filter matched.
(DEBUG) --> File is excluded.
(DEBUG) Check if /home/cto/zephyrproject/zephyr-course/twister-out/wait_q.h##ded2ae2822159b780ea75cb59b2ee9ab.gcov is included (trace)...
(DEBUG)   No filter matched.
(DEBUG) --> File is excluded.
(DEBUG) Finding source file corresponding to a gcov data file
  gcov_fname   /home/cto/zephyrproject/zephyr-course/twister-out/wait_q.h##ded2ae2822159b780ea75cb59b2ee9ab.gcov
  current_dir  /home/cto/zephyrproject/zephyr-course/twister-out
  root         /home/cto/zephyrproject/zephyr-course/app/modules/ring_buf
  starting_dir /home/cto/zephyrproject/zephyr-course
  obj_dir      /home/cto/zephyrproject/zephyr-course/twister-out
  gcda_fname   native_sim_native/host_gnu/zephyr-course/tests/ring_buf/homework.unit.ring_buf/zephyr/kernel/CMakeFiles/kernel.dir/condvar.c.gcno
  --> fname    /home/cto/zephyrproject/zephyr/kernel/include/wait_q.h
(DEBUG) Check if /home/cto/zephyrproject/zephyr/kernel/include/wait_q.h is included (source file)...
(DEBUG)   No filter matched.
(DEBUG) --> File is excluded.
(DEBUG) Check if /home/cto/zephyrproject/zephyr-course/twister-out/spinlock.h##7a9625cd30eeacafc44455d74d611b1c.gcov is included (trace)...
(DEBUG) --> File is excluded.
(DEBUG) Finding source file corresponding to a gcov data file
  gcov_fname   /home/cto/zephyrproject/zephyr-course/twister-out/spinlock.h##7a9625cd30eeacafc44455d74d611b1c.gcov
  current_dir  /home/cto/zephyrproject/zephyr-course/twister-out
  root         /home/cto/zephyrproject/zephyr-course/app/modules/ring_buf
  starting_dir /home/cto/zephyrproject/zephyr-course
  obj_dir      /home/cto/zephyrproject/zephyr-course/twister-out
  gcda_fname   native_sim_native/host_gnu/zephyr-course/tests/ring_buf/homework.unit.ring_buf/zephyr/kernel/CMakeFiles/kernel.dir/condvar.c.gcno
  --> fname    /home/cto/zephyrproject/zephyr/include/zephyr/spinlock.h
(DEBUG) Check if /home/cto/zephyrproject/zephyr/include/zephyr/spinlock.h is included (source file)...
(DEBUG) --> File is excluded.
(DEBUG) Check if /home/cto/zephyrproject/zephyr-course/twister-out/arch.h##cd3ec459a8a675a723e815b63d40d361.gcov is included (trace)...
(DEBUG) --> File is excluded.
(DEBUG) Finding source file corresponding to a gcov data file
  gcov_fname   /home/cto/zephyrproject/zephyr-course/twister-out/arch.h##cd3ec459a8a675a723e815b63d40d361.gcov
  current_dir  /home/cto/zephyrproject/zephyr-course/twister-out
  root         /home/cto/zephyrproject/zephyr-course/app/modules/ring_buf
  starting_dir /home/cto/zephyrproject/zephyr-course
  obj_dir      /home/cto/zephyrproject/zephyr-course/twister-out
  gcda_fname   native_sim_native/host_gnu/zephyr-course/tests/ring_buf/homework.unit.ring_buf/zephyr/kernel/CMakeFiles/kernel.dir/condvar.c.gcno
  --> fname    /home/cto/zephyrproject/zephyr/include/zephyr/arch/posix/arch.h
(DEBUG) Check if /home/cto/zephyrproject/zephyr/include/zephyr/arch/posix/arch.h is included (source file)...
(DEBUG) --> File is excluded.
(DEBUG) Check if /home/cto/zephyrproject/zephyr-course/twister-out/kernel.h##a43b07f35530a2575a8767c959abd1d5.gcov is included (trace)...
(DEBUG) --> File is excluded.
(DEBUG) Finding source file corresponding to a gcov data file
  gcov_fname   /home/cto/zephyrproject/zephyr-course/twister-out/kernel.h##a43b07f35530a2575a8767c959abd1d5.gcov
  current_dir  /home/cto/zephyrproject/zephyr-course/twister-out
  root         /home/cto/zephyrproject/zephyr-course/app/modules/ring_buf
  starting_dir /home/cto/zephyrproject/zephyr-course
  obj_dir      /home/cto/zephyrproject/zephyr-course/twister-out
  gcda_fname   native_sim_native/host_gnu/zephyr-course/tests/ring_buf/homework.unit.ring_buf/zephyr/kernel/CMakeFiles/kernel.dir/condvar.c.gcno
  --> fname    /home/cto/zephyrproject/zephyr-course/twister-out/native_sim_native/host_gnu/zephyr-course/tests/ring_buf/homework.unit.ring_buf/zephyr/include/generated/zephyr/syscalls/kernel.h
(DEBUG) Check if /home/cto/zephyrproject/zephyr-course/twister-out/native_sim_native/host_gnu/zephyr-course/tests/ring_buf/homework.unit.ring_buf/zephyr/include/generated/zephyr/syscalls/kernel.h is included (source file)...
(DEBUG) --> File is excluded.
(DEBUG) Check if /home/cto/zephyrproject/zephyr-course/twister-out/native_sim_native/host_gnu/zephyr-course/tests/ring_buf/homework.unit.ring_buf/zephyr/kernel/CMakeFiles/kernel.dir/device.c.gcda is included (trace)...
(DEBUG)   No filter matched.
(DEBUG) --> File is excluded.
(DEBUG) Check if /home/cto/zephyrproject/zephyr-course/twister-out/native_sim_native/host_gnu/zephyr-course/tests/ring_buf/homework.unit.ring_buf/zephyr/kernel/CMakeFiles/kernel.dir/device.c.gcda is included (trace)...
(DEBUG) --> File is excluded.
(DEBUG) Check if device.c##c5fa791b276f33a1d17456b39cc5ff8f.gcov is included (gcov file)...
(DEBUG)   Filter AlwaysMatchFilter() matched.
(DEBUG) --> File is included.
(DEBUG) Check if device_runtime.h##99f464435bff16bfdea936265930fb30.gcov is included (gcov file)...
(DEBUG)   Filter AlwaysMatchFilter() matched.
(DEBUG) --> File is included.
(DEBUG) Check if /home/cto/zephyrproject/zephyr-course/twister-out/device.c##c5fa791b276f33a1d17456b39cc5ff8f.gcov is included (trace)...
(DEBUG)   No filter matched.
(DEBUG) --> File is excluded.
(DEBUG) Finding source file corresponding to a gcov data file
  gcov_fname   /home/cto/zephyrproject/zephyr-course/twister-out/device.c##c5fa791b276f33a1d17456b39cc5ff8f.gcov
  current_dir  /home/cto/zephyrproject/zephyr-course/twister-out
  root         /home/cto/zephyrproject/zephyr-course/app/modules/ring_buf
  starting_dir /home/cto/zephyrproject/zephyr-course
  obj_dir      /home/cto/zephyrproject/zephyr-course/twister-out
  gcda_fname   native_sim_native/host_gnu/zephyr-course/tests/ring_buf/homework.unit.ring_buf/zephyr/kernel/CMakeFiles/kernel.dir/device.c.gcda
  --> fname    /home/cto/zephyrproject/zephyr/kernel/device.c
(DEBUG) Check if /home/cto/zephyrproject/zephyr/kernel/device.c is included (source file)...
(DEBUG)   No filter matched.
(DEBUG) --> File is excluded.
(DEBUG) Check if /home/cto/zephyrproject/zephyr-course/twister-out/device_runtime.h##99f464435bff16bfdea936265930fb30.gcov is included (trace)...
(DEBUG)   No filter matched.
(DEBUG) --> File is excluded.
(DEBUG) Finding source file corresponding to a gcov data file
  gcov_fname   /home/cto/zephyrproject/zephyr-course/twister-out/device_runtime.h##99f464435bff16bfdea936265930fb30.gcov
  current_dir  /home/cto/zephyrproject/zephyr-course/twister-out
  root         /home/cto/zephyrproject/zephyr-course/app/modules/ring_buf
  starting_dir /home/cto/zephyrproject/zephyr-course
  obj_dir      /home/cto/zephyrproject/zephyr-course/twister-out
  gcda_fname   native_sim_native/host_gnu/zephyr-course/tests/ring_buf/homework.unit.ring_buf/zephyr/kernel/CMakeFiles/kernel.dir/device.c.gcda
  --> fname    /home/cto/zephyrproject/zephyr/include/zephyr/pm/device_runtime.h
(DEBUG) Check if /home/cto/zephyrproject/zephyr/include/zephyr/pm/device_runtime.h is included (source file)...
(DEBUG)   No filter matched.
(DEBUG) --> File is excluded.
(DEBUG) Check if /home/cto/zephyrproject/zephyr-course/twister-out/native_sim_native/host_gnu/zephyr-course/tests/ring_buf/homework.unit.ring_buf/zephyr/kernel/CMakeFiles/kernel.dir/dynamic_disabled.c.gcno is included (trace)...
(DEBUG)   No filter matched.
(DEBUG) --> File is excluded.
(DEBUG) Check if /home/cto/zephyrproject/zephyr-course/twister-out/native_sim_native/host_gnu/zephyr-course/tests/ring_buf/homework.unit.ring_buf/zephyr/kernel/CMakeFiles/kernel.dir/dynamic_disabled.c.gcno is included (trace)...
(DEBUG) --> File is excluded.
(DEBUG) Check if dynamic_disabled.c##bd89f72ddcd34478b89950ec34df67df.gcov is included (gcov file)...
(DEBUG)   Filter AlwaysMatchFilter() matched.
(DEBUG) --> File is included.
(DEBUG) Check if /home/cto/zephyrproject/zephyr-course/twister-out/dynamic_disabled.c##bd89f72ddcd34478b89950ec34df67df.gcov is included (trace)...
(DEBUG)   No filter matched.
(DEBUG) --> File is excluded.
(DEBUG) Finding source file corresponding to a gcov data file
  gcov_fname   /home/cto/zephyrproject/zephyr-course/twister-out/dynamic_disabled.c##bd89f72ddcd34478b89950ec34df67df.gcov
  current_dir  /home/cto/zephyrproject/zephyr-course/twister-out
  root         /home/cto/zephyrproject/zephyr-course/app/modules/ring_buf
  starting_dir /home/cto/zephyrproject/zephyr-course
  obj_dir      /home/cto/zephyrproject/zephyr-course/twister-out
  gcda_fname   native_sim_native/host_gnu/zephyr-course/tests/ring_buf/homework.unit.ring_buf/zephyr/kernel/CMakeFiles/kernel.dir/dynamic_disabled.c.gcno
  --> fname    /home/cto/zephyrproject/zephyr/kernel/dynamic_disabled.c
(DEBUG) Check if /home/cto/zephyrproject/zephyr/kernel/dynamic_disabled.c is included (source file)...
(DEBUG)   No filter matched.
(DEBUG) --> File is excluded.
(DEBUG) Check if /home/cto/zephyrproject/zephyr-course/twister-out/native_sim_native/host_gnu/zephyr-course/tests/ring_buf/homework.unit.ring_buf/zephyr/kernel/CMakeFiles/kernel.dir/errno.c.gcno is included (trace)...
(DEBUG)   No filter matched.
(DEBUG) --> File is excluded.
(DEBUG) Check if /home/cto/zephyrproject/zephyr-course/twister-out/native_sim_native/host_gnu/zephyr-course/tests/ring_buf/homework.unit.ring_buf/zephyr/kernel/CMakeFiles/kernel.dir/errno.c.gcno is included (trace)...
(DEBUG) --> File is excluded.
(DEBUG) Check if errno.c##3f365bf4329430e56f4b7fa041c277b8.gcov is included (gcov file)...
(DEBUG)   Filter AlwaysMatchFilter() matched.
(DEBUG) --> File is included.
(DEBUG) Check if /home/cto/zephyrproject/zephyr-course/twister-out/errno.c##3f365bf4329430e56f4b7fa041c277b8.gcov is included (trace)...
(DEBUG)   No filter matched.
(DEBUG) --> File is excluded.
(DEBUG) Finding source file corresponding to a gcov data file
  gcov_fname   /home/cto/zephyrproject/zephyr-course/twister-out/errno.c##3f365bf4329430e56f4b7fa041c277b8.gcov
  current_dir  /home/cto/zephyrproject/zephyr-course/twister-out
  root         /home/cto/zephyrproject/zephyr-course/app/modules/ring_buf
  starting_dir /home/cto/zephyrproject/zephyr-course
  obj_dir      /home/cto/zephyrproject/zephyr-course/twister-out
  gcda_fname   native_sim_native/host_gnu/zephyr-course/tests/ring_buf/homework.unit.ring_buf/zephyr/kernel/CMakeFiles/kernel.dir/errno.c.gcno
  --> fname    /home/cto/zephyrproject/zephyr/kernel/errno.c
(DEBUG) Check if /home/cto/zephyrproject/zephyr/kernel/errno.c is included (source file)...
(DEBUG)   No filter matched.
(DEBUG) --> File is excluded.
(DEBUG) Check if /home/cto/zephyrproject/zephyr-course/twister-out/native_sim_native/host_gnu/zephyr-course/tests/ring_buf/homework.unit.ring_buf/zephyr/kernel/CMakeFiles/kernel.dir/fatal.c.gcda is included (trace)...
(DEBUG)   No filter matched.
(DEBUG) --> File is excluded.
(DEBUG) Check if /home/cto/zephyrproject/zephyr-course/twister-out/native_sim_native/host_gnu/zephyr-course/tests/ring_buf/homework.unit.ring_buf/zephyr/kernel/CMakeFiles/kernel.dir/fatal.c.gcda is included (trace)...
(DEBUG) --> File is excluded.
(DEBUG) Check if fatal.c##025421ee412a73b6a1a98348b93f649b.gcov is included (gcov file)...
(DEBUG)   Filter AlwaysMatchFilter() matched.
(DEBUG) --> File is included.
(DEBUG) Check if coredump.h##d6dde5c1c3080008d73c68a3ad0760f6.gcov is included (gcov file)...
(DEBUG)   Filter AlwaysMatchFilter() matched.
(DEBUG) --> File is included.
(DEBUG) Check if log_ctrl.h##1808f1c718a8e219f354e30a1a0343ff.gcov is included (gcov file)...
(DEBUG) --> File is included.
(DEBUG) Check if log_msg.h##59cc7ac9dd0b18efa24d51419b863a43.gcov is included (gcov file)...
(DEBUG) --> File is included.
(DEBUG) Check if kernel.h##a43b07f35530a2575a8767c959abd1d5.gcov is included (gcov file)...
(DEBUG) --> File is included.
(DEBUG) Check if arch.h##cd3ec459a8a675a723e815b63d40d361.gcov is included (gcov file)...
(DEBUG) --> File is included.
(DEBUG) Check if /home/cto/zephyrproject/zephyr-course/twister-out/coredump.h##d6dde5c1c3080008d73c68a3ad0760f6.gcov is included (trace)...
(DEBUG)   No filter matched.
(DEBUG) --> File is excluded.
(DEBUG) Finding source file corresponding to a gcov data file
  gcov_fname   /home/cto/zephyrproject/zephyr-course/twister-out/coredump.h##d6dde5c1c3080008d73c68a3ad0760f6.gcov
  current_dir  /home/cto/zephyrproject/zephyr-course/twister-out
  root         /home/cto/zephyrproject/zephyr-course/app/modules/ring_buf
  starting_dir /home/cto/zephyrproject/zephyr-course
  obj_dir      /home/cto/zephyrproject/zephyr-course/twister-out
  gcda_fname   native_sim_native/host_gnu/zephyr-course/tests/ring_buf/homework.unit.ring_buf/zephyr/kernel/CMakeFiles/kernel.dir/fatal.c.gcda
  --> fname    /home/cto/zephyrproject/zephyr/include/zephyr/debug/coredump.h
(DEBUG) Check if /home/cto/zephyrproject/zephyr/include/zephyr/debug/coredump.h is included (source file)...
(DEBUG)   No filter matched.
(DEBUG) --> File is excluded.
(DEBUG) Check if /home/cto/zephyrproject/zephyr-course/twister-out/fatal.c##025421ee412a73b6a1a98348b93f649b.gcov is included (trace)...
(DEBUG)   No filter matched.
(DEBUG) --> File is excluded.
(DEBUG) Finding source file corresponding to a gcov data file
  gcov_fname   /home/cto/zephyrproject/zephyr-course/twister-out/fatal.c##025421ee412a73b6a1a98348b93f649b.gcov
  current_dir  /home/cto/zephyrproject/zephyr-course/twister-out
  root         /home/cto/zephyrproject/zephyr-course/app/modules/ring_buf
  starting_dir /home/cto/zephyrproject/zephyr-course
  obj_dir      /home/cto/zephyrproject/zephyr-course/twister-out
  gcda_fname   native_sim_native/host_gnu/zephyr-course/tests/ring_buf/homework.unit.ring_buf/zephyr/kernel/CMakeFiles/kernel.dir/fatal.c.gcda
  --> fname    /home/cto/zephyrproject/zephyr/kernel/fatal.c
(DEBUG) Check if /home/cto/zephyrproject/zephyr/kernel/fatal.c is included (source file)...
(DEBUG)   No filter matched.
(DEBUG) --> File is excluded.
(DEBUG) Check if /home/cto/zephyrproject/zephyr-course/twister-out/log_msg.h##59cc7ac9dd0b18efa24d51419b863a43.gcov is included (trace)...
(DEBUG) --> File is excluded.
(DEBUG) Finding source file corresponding to a gcov data file
  gcov_fname   /home/cto/zephyrproject/zephyr-course/twister-out/log_msg.h##59cc7ac9dd0b18efa24d51419b863a43.gcov
  current_dir  /home/cto/zephyrproject/zephyr-course/twister-out
  root         /home/cto/zephyrproject/zephyr-course/app/modules/ring_buf
  starting_dir /home/cto/zephyrproject/zephyr-course
  obj_dir      /home/cto/zephyrproject/zephyr-course/twister-out
  gcda_fname   native_sim_native/host_gnu/zephyr-course/tests/ring_buf/homework.unit.ring_buf/zephyr/kernel/CMakeFiles/kernel.dir/fatal.c.gcda
  --> fname    /home/cto/zephyrproject/zephyr/include/zephyr/logging/log_msg.h
(DEBUG) Check if /home/cto/zephyrproject/zephyr/include/zephyr/logging/log_msg.h is included (source file)...
(DEBUG) --> File is excluded.
(DEBUG) Check if /home/cto/zephyrproject/zephyr-course/twister-out/log_ctrl.h##1808f1c718a8e219f354e30a1a0343ff.gcov is included (trace)...
(DEBUG) --> File is excluded.
(DEBUG) Finding source file corresponding to a gcov data file
  gcov_fname   /home/cto/zephyrproject/zephyr-course/twister-out/log_ctrl.h##1808f1c718a8e219f354e30a1a0343ff.gcov
  current_dir  /home/cto/zephyrproject/zephyr-course/twister-out
  root         /home/cto/zephyrproject/zephyr-course/app/modules/ring_buf
  starting_dir /home/cto/zephyrproject/zephyr-course
  obj_dir      /home/cto/zephyrproject/zephyr-course/twister-out
  gcda_fname   native_sim_native/host_gnu/zephyr-course/tests/ring_buf/homework.unit.ring_buf/zephyr/kernel/CMakeFiles/kernel.dir/fatal.c.gcda
  --> fname    /home/cto/zephyrproject/zephyr-course/twister-out/native_sim_native/host_gnu/zephyr-course/tests/ring_buf/homework.unit.ring_buf/zephyr/include/generated/zephyr/syscalls/log_ctrl.h
(DEBUG) Check if /home/cto/zephyrproject/zephyr-course/twister-out/native_sim_native/host_gnu/zephyr-course/tests/ring_buf/homework.unit.ring_buf/zephyr/include/generated/zephyr/syscalls/log_ctrl.h is included (source file)...
(DEBUG) --> File is excluded.
(DEBUG) Check if /home/cto/zephyrproject/zephyr-course/twister-out/kernel.h##a43b07f35530a2575a8767c959abd1d5.gcov is included (trace)...
(DEBUG) --> File is excluded.
(DEBUG) Finding source file corresponding to a gcov data file
  gcov_fname   /home/cto/zephyrproject/zephyr-course/twister-out/kernel.h##a43b07f35530a2575a8767c959abd1d5.gcov
  current_dir  /home/cto/zephyrproject/zephyr-course/twister-out
  root         /home/cto/zephyrproject/zephyr-course/app/modules/ring_buf
  starting_dir /home/cto/zephyrproject/zephyr-course
  obj_dir      /home/cto/zephyrproject/zephyr-course/twister-out
  gcda_fname   native_sim_native/host_gnu/zephyr-course/tests/ring_buf/homework.unit.ring_buf/zephyr/kernel/CMakeFiles/kernel.dir/fatal.c.gcda
  --> fname    /home/cto/zephyrproject/zephyr-course/twister-out/native_sim_native/host_gnu/zephyr-course/tests/ring_buf/homework.unit.ring_buf/zephyr/include/generated/zephyr/syscalls/kernel.h
(DEBUG) Check if /home/cto/zephyrproject/zephyr-course/twister-out/native_sim_native/host_gnu/zephyr-course/tests/ring_buf/homework.unit.ring_buf/zephyr/include/generated/zephyr/syscalls/kernel.h is included (source file)...
(DEBUG) --> File is excluded.
(DEBUG) Check if /home/cto/zephyrproject/zephyr-course/twister-out/arch.h##cd3ec459a8a675a723e815b63d40d361.gcov is included (trace)...
(DEBUG) --> File is excluded.
(DEBUG) Finding source file corresponding to a gcov data file
  gcov_fname   /home/cto/zephyrproject/zephyr-course/twister-out/arch.h##cd3ec459a8a675a723e815b63d40d361.gcov
  current_dir  /home/cto/zephyrproject/zephyr-course/twister-out
  root         /home/cto/zephyrproject/zephyr-course/app/modules/ring_buf
  starting_dir /home/cto/zephyrproject/zephyr-course
  obj_dir      /home/cto/zephyrproject/zephyr-course/twister-out
  gcda_fname   native_sim_native/host_gnu/zephyr-course/tests/ring_buf/homework.unit.ring_buf/zephyr/kernel/CMakeFiles/kernel.dir/fatal.c.gcda
  --> fname    /home/cto/zephyrproject/zephyr/include/zephyr/arch/posix/arch.h
(DEBUG) Check if /home/cto/zephyrproject/zephyr/include/zephyr/arch/posix/arch.h is included (source file)...
(DEBUG) --> File is excluded.
(DEBUG) Check if /home/cto/zephyrproject/zephyr-course/twister-out/native_sim_native/host_gnu/zephyr-course/tests/ring_buf/homework.unit.ring_buf/zephyr/kernel/CMakeFiles/kernel.dir/float.c.gcno is included (trace)...
(DEBUG)   No filter matched.
(DEBUG) --> File is excluded.
(DEBUG) Check if /home/cto/zephyrproject/zephyr-course/twister-out/native_sim_native/host_gnu/zephyr-course/tests/ring_buf/homework.unit.ring_buf/zephyr/kernel/CMakeFiles/kernel.dir/float.c.gcno is included (trace)...
(DEBUG) --> File is excluded.
(DEBUG) Check if float.c##bbf0cc18a6395bfbc9a0b5d520be0c23.gcov is included (gcov file)...
(DEBUG)   Filter AlwaysMatchFilter() matched.
(DEBUG) --> File is included.
(DEBUG) Check if /home/cto/zephyrproject/zephyr-course/twister-out/float.c##bbf0cc18a6395bfbc9a0b5d520be0c23.gcov is included (trace)...
(DEBUG)   No filter matched.
(DEBUG) --> File is excluded.
(DEBUG) Finding source file corresponding to a gcov data file
  gcov_fname   /home/cto/zephyrproject/zephyr-course/twister-out/float.c##bbf0cc18a6395bfbc9a0b5d520be0c23.gcov
  current_dir  /home/cto/zephyrproject/zephyr-course/twister-out
  root         /home/cto/zephyrproject/zephyr-course/app/modules/ring_buf
  starting_dir /home/cto/zephyrproject/zephyr-course
  obj_dir      /home/cto/zephyrproject/zephyr-course/twister-out
  gcda_fname   native_sim_native/host_gnu/zephyr-course/tests/ring_buf/homework.unit.ring_buf/zephyr/kernel/CMakeFiles/kernel.dir/float.c.gcno
  --> fname    /home/cto/zephyrproject/zephyr/kernel/float.c
(DEBUG) Check if /home/cto/zephyrproject/zephyr/kernel/float.c is included (source file)...
(DEBUG)   No filter matched.
(DEBUG) --> File is excluded.
(DEBUG) Check if /home/cto/zephyrproject/zephyr-course/twister-out/native_sim_native/host_gnu/zephyr-course/tests/ring_buf/homework.unit.ring_buf/zephyr/kernel/CMakeFiles/kernel.dir/idle.c.gcda is included (trace)...
(DEBUG)   No filter matched.
(DEBUG) --> File is excluded.
(DEBUG) Check if /home/cto/zephyrproject/zephyr-course/twister-out/native_sim_native/host_gnu/zephyr-course/tests/ring_buf/homework.unit.ring_buf/zephyr/kernel/CMakeFiles/kernel.dir/idle.c.gcda is included (trace)...
(DEBUG) --> File is excluded.
(DEBUG) Check if idle.c##0eec7d4006fcbe2de559448916096938.gcov is included (gcov file)...
(DEBUG)   Filter AlwaysMatchFilter() matched.
(DEBUG) --> File is included.
(DEBUG) Check if kernel.h##3d600634decb40355467717e98cbaefe.gcov is included (gcov file)...
(DEBUG) --> File is included.
(DEBUG) Check if arch.h##cd3ec459a8a675a723e815b63d40d361.gcov is included (gcov file)...
(DEBUG) --> File is included.
(DEBUG) Check if /home/cto/zephyrproject/zephyr-course/twister-out/kernel.h##3d600634decb40355467717e98cbaefe.gcov is included (trace)...
(DEBUG) --> File is excluded.
(DEBUG) Finding source file corresponding to a gcov data file
  gcov_fname   /home/cto/zephyrproject/zephyr-course/twister-out/kernel.h##3d600634decb40355467717e98cbaefe.gcov
  current_dir  /home/cto/zephyrproject/zephyr-course/twister-out
  root         /home/cto/zephyrproject/zephyr-course/app/modules/ring_buf
  starting_dir /home/cto/zephyrproject/zephyr-course
  obj_dir      /home/cto/zephyrproject/zephyr-course/twister-out
  gcda_fname   native_sim_native/host_gnu/zephyr-course/tests/ring_buf/homework.unit.ring_buf/zephyr/kernel/CMakeFiles/kernel.dir/idle.c.gcda
  --> fname    /home/cto/zephyrproject/zephyr/include/zephyr/kernel.h
(DEBUG) Check if /home/cto/zephyrproject/zephyr/include/zephyr/kernel.h is included (source file)...
(DEBUG) --> File is excluded.
(DEBUG) Check if /home/cto/zephyrproject/zephyr-course/twister-out/arch.h##cd3ec459a8a675a723e815b63d40d361.gcov is included (trace)...
(DEBUG) --> File is excluded.
(DEBUG) Finding source file corresponding to a gcov data file
  gcov_fname   /home/cto/zephyrproject/zephyr-course/twister-out/arch.h##cd3ec459a8a675a723e815b63d40d361.gcov
  current_dir  /home/cto/zephyrproject/zephyr-course/twister-out
  root         /home/cto/zephyrproject/zephyr-course/app/modules/ring_buf
  starting_dir /home/cto/zephyrproject/zephyr-course
  obj_dir      /home/cto/zephyrproject/zephyr-course/twister-out
  gcda_fname   native_sim_native/host_gnu/zephyr-course/tests/ring_buf/homework.unit.ring_buf/zephyr/kernel/CMakeFiles/kernel.dir/idle.c.gcda
  --> fname    /home/cto/zephyrproject/zephyr/include/zephyr/arch/posix/arch.h
(DEBUG) Check if /home/cto/zephyrproject/zephyr/include/zephyr/arch/posix/arch.h is included (source file)...
(DEBUG) --> File is excluded.
(DEBUG) Check if /home/cto/zephyrproject/zephyr-course/twister-out/idle.c##0eec7d4006fcbe2de559448916096938.gcov is included (trace)...
(DEBUG)   No filter matched.
(DEBUG) --> File is excluded.
(DEBUG) Finding source file corresponding to a gcov data file
  gcov_fname   /home/cto/zephyrproject/zephyr-course/twister-out/idle.c##0eec7d4006fcbe2de559448916096938.gcov
  current_dir  /home/cto/zephyrproject/zephyr-course/twister-out
  root         /home/cto/zephyrproject/zephyr-course/app/modules/ring_buf
  starting_dir /home/cto/zephyrproject/zephyr-course
  obj_dir      /home/cto/zephyrproject/zephyr-course/twister-out
  gcda_fname   native_sim_native/host_gnu/zephyr-course/tests/ring_buf/homework.unit.ring_buf/zephyr/kernel/CMakeFiles/kernel.dir/idle.c.gcda
  --> fname    /home/cto/zephyrproject/zephyr/kernel/idle.c
(DEBUG) Check if /home/cto/zephyrproject/zephyr/kernel/idle.c is included (source file)...
(DEBUG)   No filter matched.
(DEBUG) --> File is excluded.
(DEBUG) Check if /home/cto/zephyrproject/zephyr-course/twister-out/native_sim_native/host_gnu/zephyr-course/tests/ring_buf/homework.unit.ring_buf/zephyr/kernel/CMakeFiles/kernel.dir/init.c.gcda is included (trace)...
(DEBUG)   No filter matched.
(DEBUG) --> File is excluded.
(DEBUG) Check if /home/cto/zephyrproject/zephyr-course/twister-out/native_sim_native/host_gnu/zephyr-course/tests/ring_buf/homework.unit.ring_buf/zephyr/kernel/CMakeFiles/kernel.dir/init.c.gcda is included (trace)...
(DEBUG) --> File is excluded.
(DEBUG) Check if init.c##c7f11599e7c41ac5a3c8e09f6ae75392.gcov is included (gcov file)...
(DEBUG)   Filter AlwaysMatchFilter() matched.
(DEBUG) --> File is included.
(DEBUG) Check if gcov.h##73c959630649e42605a89cfa7edf9997.gcov is included (gcov file)...
(DEBUG)   Filter AlwaysMatchFilter() matched.
(DEBUG) --> File is included.
(DEBUG) Check if kthread.h##dd2da6b097956e25ca6725b2474a3e43.gcov is included (gcov file)...
(DEBUG) --> File is included.
(DEBUG) Check if timeout_q.h##a95b2b01f7e434a2400daebfad8ed345.gcov is included (gcov file)...
(DEBUG) --> File is included.
(DEBUG) Check if kernel_arch_func.h##abfef9e7d3ad40b2d908e530356295bd.gcov is included (gcov file)...
(DEBUG) --> File is included.
(DEBUG) Check if kernel.h##a43b07f35530a2575a8767c959abd1d5.gcov is included (gcov file)...
(DEBUG) --> File is included.
(DEBUG) Check if kernel.h##3d600634decb40355467717e98cbaefe.gcov is included (gcov file)...
(DEBUG) --> File is included.
(DEBUG) Check if kobject_internal.h##c80d72ddd75e3dc86bbda9d3af962332.gcov is included (gcov file)...
(DEBUG) --> File is included.
(DEBUG) Check if thread_stack.h##d3361197028b71256d4d5420f7e2cdd6.gcov is included (gcov file)...
(DEBUG)   Filter AlwaysMatchFilter() matched.
(DEBUG) --> File is included.
(DEBUG) Check if arch.h##cd3ec459a8a675a723e815b63d40d361.gcov is included (gcov file)...
(DEBUG) --> File is included.
(DEBUG) Check if /home/cto/zephyrproject/zephyr-course/twister-out/timeout_q.h##a95b2b01f7e434a2400daebfad8ed345.gcov is included (trace)...
(DEBUG) --> File is excluded.
(DEBUG) Finding source file corresponding to a gcov data file
  gcov_fname   /home/cto/zephyrproject/zephyr-course/twister-out/timeout_q.h##a95b2b01f7e434a2400daebfad8ed345.gcov
  current_dir  /home/cto/zephyrproject/zephyr-course/twister-out
  root         /home/cto/zephyrproject/zephyr-course/app/modules/ring_buf
  starting_dir /home/cto/zephyrproject/zephyr-course
  obj_dir      /home/cto/zephyrproject/zephyr-course/twister-out
  gcda_fname   native_sim_native/host_gnu/zephyr-course/tests/ring_buf/homework.unit.ring_buf/zephyr/kernel/CMakeFiles/kernel.dir/init.c.gcda
  --> fname    /home/cto/zephyrproject/zephyr/kernel/include/timeout_q.h
(DEBUG) Check if /home/cto/zephyrproject/zephyr/kernel/include/timeout_q.h is included (source file)...
(DEBUG) --> File is excluded.
(DEBUG) Check if /home/cto/zephyrproject/zephyr-course/twister-out/kthread.h##dd2da6b097956e25ca6725b2474a3e43.gcov is included (trace)...
(DEBUG) --> File is excluded.
(DEBUG) Finding source file corresponding to a gcov data file
  gcov_fname   /home/cto/zephyrproject/zephyr-course/twister-out/kthread.h##dd2da6b097956e25ca6725b2474a3e43.gcov
  current_dir  /home/cto/zephyrproject/zephyr-course/twister-out
  root         /home/cto/zephyrproject/zephyr-course/app/modules/ring_buf
  starting_dir /home/cto/zephyrproject/zephyr-course
  obj_dir      /home/cto/zephyrproject/zephyr-course/twister-out
  gcda_fname   native_sim_native/host_gnu/zephyr-course/tests/ring_buf/homework.unit.ring_buf/zephyr/kernel/CMakeFiles/kernel.dir/init.c.gcda
  --> fname    /home/cto/zephyrproject/zephyr/kernel/include/kthread.h
(DEBUG) Check if /home/cto/zephyrproject/zephyr/kernel/include/kthread.h is included (source file)...
(DEBUG) --> File is excluded.
(DEBUG) Check if /home/cto/zephyrproject/zephyr-course/twister-out/kobject_internal.h##c80d72ddd75e3dc86bbda9d3af962332.gcov is included (trace)...
(DEBUG) --> File is excluded.
(DEBUG) Finding source file corresponding to a gcov data file
  gcov_fname   /home/cto/zephyrproject/zephyr-course/twister-out/kobject_internal.h##c80d72ddd75e3dc86bbda9d3af962332.gcov
  current_dir  /home/cto/zephyrproject/zephyr-course/twister-out
  root         /home/cto/zephyrproject/zephyr-course/app/modules/ring_buf
  starting_dir /home/cto/zephyrproject/zephyr-course
  obj_dir      /home/cto/zephyrproject/zephyr-course/twister-out
  gcda_fname   native_sim_native/host_gnu/zephyr-course/tests/ring_buf/homework.unit.ring_buf/zephyr/kernel/CMakeFiles/kernel.dir/init.c.gcda
  --> fname    /home/cto/zephyrproject/zephyr/include/zephyr/sys/internal/kobject_internal.h
(DEBUG) Check if /home/cto/zephyrproject/zephyr/include/zephyr/sys/internal/kobject_internal.h is included (source file)...
(DEBUG) --> File is excluded.
(DEBUG) Check if /home/cto/zephyrproject/zephyr-course/twister-out/kernel_arch_func.h##abfef9e7d3ad40b2d908e530356295bd.gcov is included (trace)...
(DEBUG) --> File is excluded.
(DEBUG) Finding source file corresponding to a gcov data file
  gcov_fname   /home/cto/zephyrproject/zephyr-course/twister-out/kernel_arch_func.h##abfef9e7d3ad40b2d908e530356295bd.gcov
  current_dir  /home/cto/zephyrproject/zephyr-course/twister-out
  root         /home/cto/zephyrproject/zephyr-course/app/modules/ring_buf
  starting_dir /home/cto/zephyrproject/zephyr-course
  obj_dir      /home/cto/zephyrproject/zephyr-course/twister-out
  gcda_fname   native_sim_native/host_gnu/zephyr-course/tests/ring_buf/homework.unit.ring_buf/zephyr/kernel/CMakeFiles/kernel.dir/init.c.gcda
  --> fname    /home/cto/zephyrproject/zephyr/arch/posix/include/kernel_arch_func.h
(DEBUG) Check if /home/cto/zephyrproject/zephyr/arch/posix/include/kernel_arch_func.h is included (source file)...
(DEBUG) --> File is excluded.
(DEBUG) Check if /home/cto/zephyrproject/zephyr-course/twister-out/init.c##c7f11599e7c41ac5a3c8e09f6ae75392.gcov is included (trace)...
(DEBUG)   No filter matched.
(DEBUG) --> File is excluded.
(DEBUG) Finding source file corresponding to a gcov data file
  gcov_fname   /home/cto/zephyrproject/zephyr-course/twister-out/init.c##c7f11599e7c41ac5a3c8e09f6ae75392.gcov
  current_dir  /home/cto/zephyrproject/zephyr-course/twister-out
  root         /home/cto/zephyrproject/zephyr-course/app/modules/ring_buf
  starting_dir /home/cto/zephyrproject/zephyr-course
  obj_dir      /home/cto/zephyrproject/zephyr-course/twister-out
  gcda_fname   native_sim_native/host_gnu/zephyr-course/tests/ring_buf/homework.unit.ring_buf/zephyr/kernel/CMakeFiles/kernel.dir/init.c.gcda
  --> fname    /home/cto/zephyrproject/zephyr/kernel/init.c
(DEBUG) Check if /home/cto/zephyrproject/zephyr/kernel/init.c is included (source file)...
(DEBUG)   No filter matched.
(DEBUG) --> File is excluded.
(DEBUG) Check if /home/cto/zephyrproject/zephyr-course/twister-out/gcov.h##73c959630649e42605a89cfa7edf9997.gcov is included (trace)...
(DEBUG)   No filter matched.
(DEBUG) --> File is excluded.
(DEBUG) Finding source file corresponding to a gcov data file
  gcov_fname   /home/cto/zephyrproject/zephyr-course/twister-out/gcov.h##73c959630649e42605a89cfa7edf9997.gcov
  current_dir  /home/cto/zephyrproject/zephyr-course/twister-out
  root         /home/cto/zephyrproject/zephyr-course/app/modules/ring_buf
  starting_dir /home/cto/zephyrproject/zephyr-course
  obj_dir      /home/cto/zephyrproject/zephyr-course/twister-out
  gcda_fname   native_sim_native/host_gnu/zephyr-course/tests/ring_buf/homework.unit.ring_buf/zephyr/kernel/CMakeFiles/kernel.dir/init.c.gcda
  --> fname    /home/cto/zephyrproject/zephyr/include/zephyr/debug/gcov.h
(DEBUG) Check if /home/cto/zephyrproject/zephyr/include/zephyr/debug/gcov.h is included (source file)...
(DEBUG)   No filter matched.
(DEBUG) --> File is excluded.
(DEBUG) Check if /home/cto/zephyrproject/zephyr-course/twister-out/arch.h##cd3ec459a8a675a723e815b63d40d361.gcov is included (trace)...
(DEBUG) --> File is excluded.
(DEBUG) Finding source file corresponding to a gcov data file
  gcov_fname   /home/cto/zephyrproject/zephyr-course/twister-out/arch.h##cd3ec459a8a675a723e815b63d40d361.gcov
  current_dir  /home/cto/zephyrproject/zephyr-course/twister-out
  root         /home/cto/zephyrproject/zephyr-course/app/modules/ring_buf
  starting_dir /home/cto/zephyrproject/zephyr-course
  obj_dir      /home/cto/zephyrproject/zephyr-course/twister-out
  gcda_fname   native_sim_native/host_gnu/zephyr-course/tests/ring_buf/homework.unit.ring_buf/zephyr/kernel/CMakeFiles/kernel.dir/init.c.gcda
  --> fname    /home/cto/zephyrproject/zephyr/include/zephyr/arch/posix/arch.h
(DEBUG) Check if /home/cto/zephyrproject/zephyr/include/zephyr/arch/posix/arch.h is included (source file)...
(DEBUG) --> File is excluded.
(DEBUG) Check if /home/cto/zephyrproject/zephyr-course/twister-out/kernel.h##a43b07f35530a2575a8767c959abd1d5.gcov is included (trace)...
(DEBUG) --> File is excluded.
(DEBUG) Finding source file corresponding to a gcov data file
  gcov_fname   /home/cto/zephyrproject/zephyr-course/twister-out/kernel.h##a43b07f35530a2575a8767c959abd1d5.gcov
  current_dir  /home/cto/zephyrproject/zephyr-course/twister-out
  root         /home/cto/zephyrproject/zephyr-course/app/modules/ring_buf
  starting_dir /home/cto/zephyrproject/zephyr-course
  obj_dir      /home/cto/zephyrproject/zephyr-course/twister-out
  gcda_fname   native_sim_native/host_gnu/zephyr-course/tests/ring_buf/homework.unit.ring_buf/zephyr/kernel/CMakeFiles/kernel.dir/init.c.gcda
  --> fname    /home/cto/zephyrproject/zephyr-course/twister-out/native_sim_native/host_gnu/zephyr-course/tests/ring_buf/homework.unit.ring_buf/zephyr/include/generated/zephyr/syscalls/kernel.h
(DEBUG) Check if /home/cto/zephyrproject/zephyr-course/twister-out/native_sim_native/host_gnu/zephyr-course/tests/ring_buf/homework.unit.ring_buf/zephyr/include/generated/zephyr/syscalls/kernel.h is included (source file)...
(DEBUG) --> File is excluded.
(DEBUG) Check if /home/cto/zephyrproject/zephyr-course/twister-out/thread_stack.h##d3361197028b71256d4d5420f7e2cdd6.gcov is included (trace)...
(DEBUG)   No filter matched.
(DEBUG) --> File is excluded.
(DEBUG) Finding source file corresponding to a gcov data file
  gcov_fname   /home/cto/zephyrproject/zephyr-course/twister-out/thread_stack.h##d3361197028b71256d4d5420f7e2cdd6.gcov
  current_dir  /home/cto/zephyrproject/zephyr-course/twister-out
  root         /home/cto/zephyrproject/zephyr-course/app/modules/ring_buf
  starting_dir /home/cto/zephyrproject/zephyr-course
  obj_dir      /home/cto/zephyrproject/zephyr-course/twister-out
  gcda_fname   native_sim_native/host_gnu/zephyr-course/tests/ring_buf/homework.unit.ring_buf/zephyr/kernel/CMakeFiles/kernel.dir/init.c.gcda
  --> fname    /home/cto/zephyrproject/zephyr/include/zephyr/kernel/thread_stack.h
(DEBUG) Check if /home/cto/zephyrproject/zephyr/include/zephyr/kernel/thread_stack.h is included (source file)...
(DEBUG)   No filter matched.
(DEBUG) --> File is excluded.
(DEBUG) Check if /home/cto/zephyrproject/zephyr-course/twister-out/kernel.h##3d600634decb40355467717e98cbaefe.gcov is included (trace)...
(DEBUG) --> File is excluded.
(DEBUG) Finding source file corresponding to a gcov data file
  gcov_fname   /home/cto/zephyrproject/zephyr-course/twister-out/kernel.h##3d600634decb40355467717e98cbaefe.gcov
  current_dir  /home/cto/zephyrproject/zephyr-course/twister-out
  root         /home/cto/zephyrproject/zephyr-course/app/modules/ring_buf
  starting_dir /home/cto/zephyrproject/zephyr-course
  obj_dir      /home/cto/zephyrproject/zephyr-course/twister-out
  gcda_fname   native_sim_native/host_gnu/zephyr-course/tests/ring_buf/homework.unit.ring_buf/zephyr/kernel/CMakeFiles/kernel.dir/init.c.gcda
  --> fname    /home/cto/zephyrproject/zephyr/include/zephyr/kernel.h
(DEBUG) Check if /home/cto/zephyrproject/zephyr/include/zephyr/kernel.h is included (source file)...
(DEBUG) --> File is excluded.
(DEBUG) Check if /home/cto/zephyrproject/zephyr-course/twister-out/native_sim_native/host_gnu/zephyr-course/tests/ring_buf/homework.unit.ring_buf/zephyr/kernel/CMakeFiles/kernel.dir/kheap.c.gcno is included (trace)...
(DEBUG)   No filter matched.
(DEBUG) --> File is excluded.
(DEBUG) Check if /home/cto/zephyrproject/zephyr-course/twister-out/native_sim_native/host_gnu/zephyr-course/tests/ring_buf/homework.unit.ring_buf/zephyr/kernel/CMakeFiles/kernel.dir/kheap.c.gcno is included (trace)...
(DEBUG) --> File is excluded.
(DEBUG) Check if kheap.c##84bc5915058feaa83911973bc56475f5.gcov is included (gcov file)...
(DEBUG)   Filter AlwaysMatchFilter() matched.
(DEBUG) --> File is included.
(DEBUG) Check if wait_q.h##ded2ae2822159b780ea75cb59b2ee9ab.gcov is included (gcov file)...
(DEBUG) --> File is included.
(DEBUG) Check if math_extras_impl.h##d9e03954427d447f1d73b273349b4860.gcov is included (gcov file)...
(DEBUG) --> File is included.
(DEBUG) Check if kernel_arch_func.h##abfef9e7d3ad40b2d908e530356295bd.gcov is included (gcov file)...
(DEBUG) --> File is included.
(DEBUG) Check if spinlock.h##7a9625cd30eeacafc44455d74d611b1c.gcov is included (gcov file)...
(DEBUG) --> File is included.
(DEBUG) Check if arch.h##cd3ec459a8a675a723e815b63d40d361.gcov is included (gcov file)...
(DEBUG) --> File is included.
(DEBUG) Check if dlist.h##433b9b986dcbf92abddbed41f2b435fa.gcov is included (gcov file)...
(DEBUG) --> File is included.
(DEBUG) Check if /home/cto/zephyrproject/zephyr-course/twister-out/dlist.h##433b9b986dcbf92abddbed41f2b435fa.gcov is included (trace)...
(DEBUG) --> File is excluded.
(DEBUG) Finding source file corresponding to a gcov data file
  gcov_fname   /home/cto/zephyrproject/zephyr-course/twister-out/dlist.h##433b9b986dcbf92abddbed41f2b435fa.gcov
  current_dir  /home/cto/zephyrproject/zephyr-course/twister-out
  root         /home/cto/zephyrproject/zephyr-course/app/modules/ring_buf
  starting_dir /home/cto/zephyrproject/zephyr-course
  obj_dir      /home/cto/zephyrproject/zephyr-course/twister-out
  gcda_fname   native_sim_native/host_gnu/zephyr-course/tests/ring_buf/homework.unit.ring_buf/zephyr/kernel/CMakeFiles/kernel.dir/kheap.c.gcno
  --> fname    /home/cto/zephyrproject/zephyr/include/zephyr/sys/dlist.h
(DEBUG) Check if /home/cto/zephyrproject/zephyr/include/zephyr/sys/dlist.h is included (source file)...
(DEBUG) --> File is excluded.
(DEBUG) Check if /home/cto/zephyrproject/zephyr-course/twister-out/math_extras_impl.h##d9e03954427d447f1d73b273349b4860.gcov is included (trace)...
(DEBUG) --> File is excluded.
(DEBUG) Finding source file corresponding to a gcov data file
  gcov_fname   /home/cto/zephyrproject/zephyr-course/twister-out/math_extras_impl.h##d9e03954427d447f1d73b273349b4860.gcov
  current_dir  /home/cto/zephyrproject/zephyr-course/twister-out
  root         /home/cto/zephyrproject/zephyr-course/app/modules/ring_buf
  starting_dir /home/cto/zephyrproject/zephyr-course
  obj_dir      /home/cto/zephyrproject/zephyr-course/twister-out
  gcda_fname   native_sim_native/host_gnu/zephyr-course/tests/ring_buf/homework.unit.ring_buf/zephyr/kernel/CMakeFiles/kernel.dir/kheap.c.gcno
  --> fname    /home/cto/zephyrproject/zephyr/include/zephyr/sys/math_extras_impl.h
(DEBUG) Check if /home/cto/zephyrproject/zephyr/include/zephyr/sys/math_extras_impl.h is included (source file)...
(DEBUG) --> File is excluded.
(DEBUG) Check if /home/cto/zephyrproject/zephyr-course/twister-out/kernel_arch_func.h##abfef9e7d3ad40b2d908e530356295bd.gcov is included (trace)...
(DEBUG) --> File is excluded.
(DEBUG) Finding source file corresponding to a gcov data file
  gcov_fname   /home/cto/zephyrproject/zephyr-course/twister-out/kernel_arch_func.h##abfef9e7d3ad40b2d908e530356295bd.gcov
  current_dir  /home/cto/zephyrproject/zephyr-course/twister-out
  root         /home/cto/zephyrproject/zephyr-course/app/modules/ring_buf
  starting_dir /home/cto/zephyrproject/zephyr-course
  obj_dir      /home/cto/zephyrproject/zephyr-course/twister-out
  gcda_fname   native_sim_native/host_gnu/zephyr-course/tests/ring_buf/homework.unit.ring_buf/zephyr/kernel/CMakeFiles/kernel.dir/kheap.c.gcno
  --> fname    /home/cto/zephyrproject/zephyr/arch/posix/include/kernel_arch_func.h
(DEBUG) Check if /home/cto/zephyrproject/zephyr/arch/posix/include/kernel_arch_func.h is included (source file)...
(DEBUG) --> File is excluded.
(DEBUG) Check if /home/cto/zephyrproject/zephyr-course/twister-out/wait_q.h##ded2ae2822159b780ea75cb59b2ee9ab.gcov is included (trace)...
(DEBUG) --> File is excluded.
(DEBUG) Finding source file corresponding to a gcov data file
  gcov_fname   /home/cto/zephyrproject/zephyr-course/twister-out/wait_q.h##ded2ae2822159b780ea75cb59b2ee9ab.gcov
  current_dir  /home/cto/zephyrproject/zephyr-course/twister-out
  root         /home/cto/zephyrproject/zephyr-course/app/modules/ring_buf
  starting_dir /home/cto/zephyrproject/zephyr-course
  obj_dir      /home/cto/zephyrproject/zephyr-course/twister-out
  gcda_fname   native_sim_native/host_gnu/zephyr-course/tests/ring_buf/homework.unit.ring_buf/zephyr/kernel/CMakeFiles/kernel.dir/kheap.c.gcno
  --> fname    /home/cto/zephyrproject/zephyr/kernel/include/wait_q.h
(DEBUG) Check if /home/cto/zephyrproject/zephyr/kernel/include/wait_q.h is included (source file)...
(DEBUG) --> File is excluded.
(DEBUG) Check if /home/cto/zephyrproject/zephyr-course/twister-out/spinlock.h##7a9625cd30eeacafc44455d74d611b1c.gcov is included (trace)...
(DEBUG) --> File is excluded.
(DEBUG) Finding source file corresponding to a gcov data file
  gcov_fname   /home/cto/zephyrproject/zephyr-course/twister-out/spinlock.h##7a9625cd30eeacafc44455d74d611b1c.gcov
  current_dir  /home/cto/zephyrproject/zephyr-course/twister-out
  root         /home/cto/zephyrproject/zephyr-course/app/modules/ring_buf
  starting_dir /home/cto/zephyrproject/zephyr-course
  obj_dir      /home/cto/zephyrproject/zephyr-course/twister-out
  gcda_fname   native_sim_native/host_gnu/zephyr-course/tests/ring_buf/homework.unit.ring_buf/zephyr/kernel/CMakeFiles/kernel.dir/kheap.c.gcno
  --> fname    /home/cto/zephyrproject/zephyr/include/zephyr/spinlock.h
(DEBUG) Check if /home/cto/zephyrproject/zephyr/include/zephyr/spinlock.h is included (source file)...
(DEBUG) --> File is excluded.
(DEBUG) Check if /home/cto/zephyrproject/zephyr-course/twister-out/kheap.c##84bc5915058feaa83911973bc56475f5.gcov is included (trace)...
(DEBUG)   No filter matched.
(DEBUG) --> File is excluded.
(DEBUG) Finding source file corresponding to a gcov data file
  gcov_fname   /home/cto/zephyrproject/zephyr-course/twister-out/kheap.c##84bc5915058feaa83911973bc56475f5.gcov
  current_dir  /home/cto/zephyrproject/zephyr-course/twister-out
  root         /home/cto/zephyrproject/zephyr-course/app/modules/ring_buf
  starting_dir /home/cto/zephyrproject/zephyr-course
  obj_dir      /home/cto/zephyrproject/zephyr-course/twister-out
  gcda_fname   native_sim_native/host_gnu/zephyr-course/tests/ring_buf/homework.unit.ring_buf/zephyr/kernel/CMakeFiles/kernel.dir/kheap.c.gcno
  --> fname    /home/cto/zephyrproject/zephyr/kernel/kheap.c
(DEBUG) Check if /home/cto/zephyrproject/zephyr/kernel/kheap.c is included (source file)...
(DEBUG)   No filter matched.
(DEBUG) --> File is excluded.
(DEBUG) Check if /home/cto/zephyrproject/zephyr-course/twister-out/arch.h##cd3ec459a8a675a723e815b63d40d361.gcov is included (trace)...
(DEBUG) --> File is excluded.
(DEBUG) Finding source file corresponding to a gcov data file
  gcov_fname   /home/cto/zephyrproject/zephyr-course/twister-out/arch.h##cd3ec459a8a675a723e815b63d40d361.gcov
  current_dir  /home/cto/zephyrproject/zephyr-course/twister-out
  root         /home/cto/zephyrproject/zephyr-course/app/modules/ring_buf
  starting_dir /home/cto/zephyrproject/zephyr-course
  obj_dir      /home/cto/zephyrproject/zephyr-course/twister-out
  gcda_fname   native_sim_native/host_gnu/zephyr-course/tests/ring_buf/homework.unit.ring_buf/zephyr/kernel/CMakeFiles/kernel.dir/kheap.c.gcno
  --> fname    /home/cto/zephyrproject/zephyr/include/zephyr/arch/posix/arch.h
(DEBUG) Check if /home/cto/zephyrproject/zephyr/include/zephyr/arch/posix/arch.h is included (source file)...
(DEBUG) --> File is excluded.
(DEBUG) Check if /home/cto/zephyrproject/zephyr-course/twister-out/native_sim_native/host_gnu/zephyr-course/tests/ring_buf/homework.unit.ring_buf/zephyr/kernel/CMakeFiles/kernel.dir/mailbox.c.gcno is included (trace)...
(DEBUG)   No filter matched.
(DEBUG) --> File is excluded.
(DEBUG) Check if /home/cto/zephyrproject/zephyr-course/twister-out/native_sim_native/host_gnu/zephyr-course/tests/ring_buf/homework.unit.ring_buf/zephyr/kernel/CMakeFiles/kernel.dir/mailbox.c.gcno is included (trace)...
(DEBUG) --> File is excluded.
(DEBUG) Check if mailbox.c##f70be6eae33e2757e67610d79bd75a31.gcov is included (gcov file)...
(DEBUG)   Filter AlwaysMatchFilter() matched.
(DEBUG) --> File is included.
(DEBUG) Check if wait_q.h##ded2ae2822159b780ea75cb59b2ee9ab.gcov is included (gcov file)...
(DEBUG) --> File is included.
(DEBUG) Check if ksched.h##ed05a602fa65c69cb6663bf196ec30da.gcov is included (gcov file)...
(DEBUG) --> File is included.
(DEBUG) Check if kthread.h##dd2da6b097956e25ca6725b2474a3e43.gcov is included (gcov file)...
(DEBUG) --> File is included.
(DEBUG) Check if kernel_arch_func.h##abfef9e7d3ad40b2d908e530356295bd.gcov is included (gcov file)...
(DEBUG) --> File is included.
(DEBUG) Check if kernel.h##a43b07f35530a2575a8767c959abd1d5.gcov is included (gcov file)...
(DEBUG) --> File is included.
(DEBUG) Check if spinlock.h##7a9625cd30eeacafc44455d74d611b1c.gcov is included (gcov file)...
(DEBUG) --> File is included.
(DEBUG) Check if arch.h##cd3ec459a8a675a723e815b63d40d361.gcov is included (gcov file)...
(DEBUG) --> File is included.
(DEBUG) Check if dlist.h##433b9b986dcbf92abddbed41f2b435fa.gcov is included (gcov file)...
(DEBUG) --> File is included.
(DEBUG) Check if /home/cto/zephyrproject/zephyr-course/twister-out/dlist.h##433b9b986dcbf92abddbed41f2b435fa.gcov is included (trace)...
(DEBUG) --> File is excluded.
(DEBUG) Finding source file corresponding to a gcov data file
  gcov_fname   /home/cto/zephyrproject/zephyr-course/twister-out/dlist.h##433b9b986dcbf92abddbed41f2b435fa.gcov
  current_dir  /home/cto/zephyrproject/zephyr-course/twister-out
  root         /home/cto/zephyrproject/zephyr-course/app/modules/ring_buf
  starting_dir /home/cto/zephyrproject/zephyr-course
  obj_dir      /home/cto/zephyrproject/zephyr-course/twister-out
  gcda_fname   native_sim_native/host_gnu/zephyr-course/tests/ring_buf/homework.unit.ring_buf/zephyr/kernel/CMakeFiles/kernel.dir/mailbox.c.gcno
  --> fname    /home/cto/zephyrproject/zephyr/include/zephyr/sys/dlist.h
(DEBUG) Check if /home/cto/zephyrproject/zephyr/include/zephyr/sys/dlist.h is included (source file)...
(DEBUG) --> File is excluded.
(DEBUG) Check if /home/cto/zephyrproject/zephyr-course/twister-out/kthread.h##dd2da6b097956e25ca6725b2474a3e43.gcov is included (trace)...
(DEBUG) --> File is excluded.
(DEBUG) Finding source file corresponding to a gcov data file
  gcov_fname   /home/cto/zephyrproject/zephyr-course/twister-out/kthread.h##dd2da6b097956e25ca6725b2474a3e43.gcov
  current_dir  /home/cto/zephyrproject/zephyr-course/twister-out
  root         /home/cto/zephyrproject/zephyr-course/app/modules/ring_buf
  starting_dir /home/cto/zephyrproject/zephyr-course
  obj_dir      /home/cto/zephyrproject/zephyr-course/twister-out
  gcda_fname   native_sim_native/host_gnu/zephyr-course/tests/ring_buf/homework.unit.ring_buf/zephyr/kernel/CMakeFiles/kernel.dir/mailbox.c.gcno
  --> fname    /home/cto/zephyrproject/zephyr/kernel/include/kthread.h
(DEBUG) Check if /home/cto/zephyrproject/zephyr/kernel/include/kthread.h is included (source file)...
(DEBUG) --> File is excluded.
(DEBUG) Check if /home/cto/zephyrproject/zephyr-course/twister-out/kernel_arch_func.h##abfef9e7d3ad40b2d908e530356295bd.gcov is included (trace)...
(DEBUG) --> File is excluded.
(DEBUG) Finding source file corresponding to a gcov data file
  gcov_fname   /home/cto/zephyrproject/zephyr-course/twister-out/kernel_arch_func.h##abfef9e7d3ad40b2d908e530356295bd.gcov
  current_dir  /home/cto/zephyrproject/zephyr-course/twister-out
  root         /home/cto/zephyrproject/zephyr-course/app/modules/ring_buf
  starting_dir /home/cto/zephyrproject/zephyr-course
  obj_dir      /home/cto/zephyrproject/zephyr-course/twister-out
  gcda_fname   native_sim_native/host_gnu/zephyr-course/tests/ring_buf/homework.unit.ring_buf/zephyr/kernel/CMakeFiles/kernel.dir/mailbox.c.gcno
  --> fname    /home/cto/zephyrproject/zephyr/arch/posix/include/kernel_arch_func.h
(DEBUG) Check if /home/cto/zephyrproject/zephyr/arch/posix/include/kernel_arch_func.h is included (source file)...
(DEBUG) --> File is excluded.
(DEBUG) Check if /home/cto/zephyrproject/zephyr-course/twister-out/ksched.h##ed05a602fa65c69cb6663bf196ec30da.gcov is included (trace)...
(DEBUG) --> File is excluded.
(DEBUG) Finding source file corresponding to a gcov data file
  gcov_fname   /home/cto/zephyrproject/zephyr-course/twister-out/ksched.h##ed05a602fa65c69cb6663bf196ec30da.gcov
  current_dir  /home/cto/zephyrproject/zephyr-course/twister-out
  root         /home/cto/zephyrproject/zephyr-course/app/modules/ring_buf
  starting_dir /home/cto/zephyrproject/zephyr-course
  obj_dir      /home/cto/zephyrproject/zephyr-course/twister-out
  gcda_fname   native_sim_native/host_gnu/zephyr-course/tests/ring_buf/homework.unit.ring_buf/zephyr/kernel/CMakeFiles/kernel.dir/mailbox.c.gcno
  --> fname    /home/cto/zephyrproject/zephyr/kernel/include/ksched.h
(DEBUG) Check if /home/cto/zephyrproject/zephyr/kernel/include/ksched.h is included (source file)...
(DEBUG) --> File is excluded.
(DEBUG) Check if /home/cto/zephyrproject/zephyr-course/twister-out/wait_q.h##ded2ae2822159b780ea75cb59b2ee9ab.gcov is included (trace)...
(DEBUG) --> File is excluded.
(DEBUG) Finding source file corresponding to a gcov data file
  gcov_fname   /home/cto/zephyrproject/zephyr-course/twister-out/wait_q.h##ded2ae2822159b780ea75cb59b2ee9ab.gcov
  current_dir  /home/cto/zephyrproject/zephyr-course/twister-out
  root         /home/cto/zephyrproject/zephyr-course/app/modules/ring_buf
  starting_dir /home/cto/zephyrproject/zephyr-course
  obj_dir      /home/cto/zephyrproject/zephyr-course/twister-out
  gcda_fname   native_sim_native/host_gnu/zephyr-course/tests/ring_buf/homework.unit.ring_buf/zephyr/kernel/CMakeFiles/kernel.dir/mailbox.c.gcno
  --> fname    /home/cto/zephyrproject/zephyr/kernel/include/wait_q.h
(DEBUG) Check if /home/cto/zephyrproject/zephyr/kernel/include/wait_q.h is included (source file)...
(DEBUG) --> File is excluded.
(DEBUG) Check if /home/cto/zephyrproject/zephyr-course/twister-out/spinlock.h##7a9625cd30eeacafc44455d74d611b1c.gcov is included (trace)...
(DEBUG) --> File is excluded.
(DEBUG) Finding source file corresponding to a gcov data file
  gcov_fname   /home/cto/zephyrproject/zephyr-course/twister-out/spinlock.h##7a9625cd30eeacafc44455d74d611b1c.gcov
  current_dir  /home/cto/zephyrproject/zephyr-course/twister-out
  root         /home/cto/zephyrproject/zephyr-course/app/modules/ring_buf
  starting_dir /home/cto/zephyrproject/zephyr-course
  obj_dir      /home/cto/zephyrproject/zephyr-course/twister-out
  gcda_fname   native_sim_native/host_gnu/zephyr-course/tests/ring_buf/homework.unit.ring_buf/zephyr/kernel/CMakeFiles/kernel.dir/mailbox.c.gcno
  --> fname    /home/cto/zephyrproject/zephyr/include/zephyr/spinlock.h
(DEBUG) Check if /home/cto/zephyrproject/zephyr/include/zephyr/spinlock.h is included (source file)...
(DEBUG) --> File is excluded.
(DEBUG) Check if /home/cto/zephyrproject/zephyr-course/twister-out/arch.h##cd3ec459a8a675a723e815b63d40d361.gcov is included (trace)...
(DEBUG) --> File is excluded.
(DEBUG) Finding source file corresponding to a gcov data file
  gcov_fname   /home/cto/zephyrproject/zephyr-course/twister-out/arch.h##cd3ec459a8a675a723e815b63d40d361.gcov
  current_dir  /home/cto/zephyrproject/zephyr-course/twister-out
  root         /home/cto/zephyrproject/zephyr-course/app/modules/ring_buf
  starting_dir /home/cto/zephyrproject/zephyr-course
  obj_dir      /home/cto/zephyrproject/zephyr-course/twister-out
  gcda_fname   native_sim_native/host_gnu/zephyr-course/tests/ring_buf/homework.unit.ring_buf/zephyr/kernel/CMakeFiles/kernel.dir/mailbox.c.gcno
  --> fname    /home/cto/zephyrproject/zephyr/include/zephyr/arch/posix/arch.h
(DEBUG) Check if /home/cto/zephyrproject/zephyr/include/zephyr/arch/posix/arch.h is included (source file)...
(DEBUG) --> File is excluded.
(DEBUG) Check if /home/cto/zephyrproject/zephyr-course/twister-out/kernel.h##a43b07f35530a2575a8767c959abd1d5.gcov is included (trace)...
(DEBUG) --> File is excluded.
(DEBUG) Finding source file corresponding to a gcov data file
  gcov_fname   /home/cto/zephyrproject/zephyr-course/twister-out/kernel.h##a43b07f35530a2575a8767c959abd1d5.gcov
  current_dir  /home/cto/zephyrproject/zephyr-course/twister-out
  root         /home/cto/zephyrproject/zephyr-course/app/modules/ring_buf
  starting_dir /home/cto/zephyrproject/zephyr-course
  obj_dir      /home/cto/zephyrproject/zephyr-course/twister-out
  gcda_fname   native_sim_native/host_gnu/zephyr-course/tests/ring_buf/homework.unit.ring_buf/zephyr/kernel/CMakeFiles/kernel.dir/mailbox.c.gcno
  --> fname    /home/cto/zephyrproject/zephyr-course/twister-out/native_sim_native/host_gnu/zephyr-course/tests/ring_buf/homework.unit.ring_buf/zephyr/include/generated/zephyr/syscalls/kernel.h
(DEBUG) Check if /home/cto/zephyrproject/zephyr-course/twister-out/native_sim_native/host_gnu/zephyr-course/tests/ring_buf/homework.unit.ring_buf/zephyr/include/generated/zephyr/syscalls/kernel.h is included (source file)...
(DEBUG) --> File is excluded.
(DEBUG) Check if /home/cto/zephyrproject/zephyr-course/twister-out/mailbox.c##f70be6eae33e2757e67610d79bd75a31.gcov is included (trace)...
(DEBUG)   No filter matched.
(DEBUG) --> File is excluded.
(DEBUG) Finding source file corresponding to a gcov data file
  gcov_fname   /home/cto/zephyrproject/zephyr-course/twister-out/mailbox.c##f70be6eae33e2757e67610d79bd75a31.gcov
  current_dir  /home/cto/zephyrproject/zephyr-course/twister-out
  root         /home/cto/zephyrproject/zephyr-course/app/modules/ring_buf
  starting_dir /home/cto/zephyrproject/zephyr-course
  obj_dir      /home/cto/zephyrproject/zephyr-course/twister-out
  gcda_fname   native_sim_native/host_gnu/zephyr-course/tests/ring_buf/homework.unit.ring_buf/zephyr/kernel/CMakeFiles/kernel.dir/mailbox.c.gcno
  --> fname    /home/cto/zephyrproject/zephyr/kernel/mailbox.c
(DEBUG) Check if /home/cto/zephyrproject/zephyr/kernel/mailbox.c is included (source file)...
(DEBUG)   No filter matched.
(DEBUG) --> File is excluded.
(DEBUG) Check if /home/cto/zephyrproject/zephyr-course/twister-out/native_sim_native/host_gnu/zephyr-course/tests/ring_buf/homework.unit.ring_buf/zephyr/kernel/CMakeFiles/kernel.dir/main_weak.c.gcno is included (trace)...
(DEBUG)   No filter matched.
(DEBUG) --> File is excluded.
(DEBUG) Check if /home/cto/zephyrproject/zephyr-course/twister-out/native_sim_native/host_gnu/zephyr-course/tests/ring_buf/homework.unit.ring_buf/zephyr/kernel/CMakeFiles/kernel.dir/main_weak.c.gcno is included (trace)...
(DEBUG) --> File is excluded.
(DEBUG) Check if main_weak.c##16ffb6e6a56099ed2c622fe8b31b4c2a.gcov is included (gcov file)...
(DEBUG)   Filter AlwaysMatchFilter() matched.
(DEBUG) --> File is included.
(DEBUG) Check if arch.h##cd3ec459a8a675a723e815b63d40d361.gcov is included (gcov file)...
(DEBUG) --> File is included.
(DEBUG) Check if /home/cto/zephyrproject/zephyr-course/twister-out/main_weak.c##16ffb6e6a56099ed2c622fe8b31b4c2a.gcov is included (trace)...
(DEBUG)   No filter matched.
(DEBUG) --> File is excluded.
(DEBUG) Finding source file corresponding to a gcov data file
  gcov_fname   /home/cto/zephyrproject/zephyr-course/twister-out/main_weak.c##16ffb6e6a56099ed2c622fe8b31b4c2a.gcov
  current_dir  /home/cto/zephyrproject/zephyr-course/twister-out
  root         /home/cto/zephyrproject/zephyr-course/app/modules/ring_buf
  starting_dir /home/cto/zephyrproject/zephyr-course
  obj_dir      /home/cto/zephyrproject/zephyr-course/twister-out
  gcda_fname   native_sim_native/host_gnu/zephyr-course/tests/ring_buf/homework.unit.ring_buf/zephyr/kernel/CMakeFiles/kernel.dir/main_weak.c.gcno
  --> fname    /home/cto/zephyrproject/zephyr/kernel/main_weak.c
(DEBUG) Check if /home/cto/zephyrproject/zephyr/kernel/main_weak.c is included (source file)...
(DEBUG)   No filter matched.
(DEBUG) --> File is excluded.
(DEBUG) Check if /home/cto/zephyrproject/zephyr-course/twister-out/arch.h##cd3ec459a8a675a723e815b63d40d361.gcov is included (trace)...
(DEBUG) --> File is excluded.
(DEBUG) Finding source file corresponding to a gcov data file
  gcov_fname   /home/cto/zephyrproject/zephyr-course/twister-out/arch.h##cd3ec459a8a675a723e815b63d40d361.gcov
  current_dir  /home/cto/zephyrproject/zephyr-course/twister-out
  root         /home/cto/zephyrproject/zephyr-course/app/modules/ring_buf
  starting_dir /home/cto/zephyrproject/zephyr-course
  obj_dir      /home/cto/zephyrproject/zephyr-course/twister-out
  gcda_fname   native_sim_native/host_gnu/zephyr-course/tests/ring_buf/homework.unit.ring_buf/zephyr/kernel/CMakeFiles/kernel.dir/main_weak.c.gcno
  --> fname    /home/cto/zephyrproject/zephyr/include/zephyr/arch/posix/arch.h
(DEBUG) Check if /home/cto/zephyrproject/zephyr/include/zephyr/arch/posix/arch.h is included (source file)...
(DEBUG) --> File is excluded.
(DEBUG) Check if /home/cto/zephyrproject/zephyr-course/twister-out/native_sim_native/host_gnu/zephyr-course/tests/ring_buf/homework.unit.ring_buf/zephyr/kernel/CMakeFiles/kernel.dir/mem_slab.c.gcno is included (trace)...
(DEBUG)   No filter matched.
(DEBUG) --> File is excluded.
(DEBUG) Check if /home/cto/zephyrproject/zephyr-course/twister-out/native_sim_native/host_gnu/zephyr-course/tests/ring_buf/homework.unit.ring_buf/zephyr/kernel/CMakeFiles/kernel.dir/mem_slab.c.gcno is included (trace)...
(DEBUG) --> File is excluded.
(DEBUG) Check if mem_slab.c##b8dc0e0363e90d0affaed909a794c1a3.gcov is included (gcov file)...
(DEBUG)   Filter AlwaysMatchFilter() matched.
(DEBUG) --> File is included.
(DEBUG) Check if wait_q.h##ded2ae2822159b780ea75cb59b2ee9ab.gcov is included (gcov file)...
(DEBUG) --> File is included.
(DEBUG) Check if ksched.h##ed05a602fa65c69cb6663bf196ec30da.gcov is included (gcov file)...
(DEBUG) --> File is included.
(DEBUG) Check if priority_q.h##9623d6fc9d5156abfc198d9641ba6225.gcov is included (gcov file)...
(DEBUG) --> File is included.
(DEBUG) Check if math_extras_impl.h##d9e03954427d447f1d73b273349b4860.gcov is included (gcov file)...
(DEBUG) --> File is included.
(DEBUG) Check if kernel_internal.h##35e4e9c61ec67c362b8995093ce22c15.gcov is included (gcov file)...
(DEBUG)   Filter AlwaysMatchFilter() matched.
(DEBUG) --> File is included.
(DEBUG) Check if kthread.h##dd2da6b097956e25ca6725b2474a3e43.gcov is included (gcov file)...
(DEBUG) --> File is included.
(DEBUG) Check if timeout_q.h##a95b2b01f7e434a2400daebfad8ed345.gcov is included (gcov file)...
(DEBUG) --> File is included.
(DEBUG) Check if kernel_arch_func.h##abfef9e7d3ad40b2d908e530356295bd.gcov is included (gcov file)...
(DEBUG) --> File is included.
(DEBUG) Check if kobject_internal.h##c80d72ddd75e3dc86bbda9d3af962332.gcov is included (gcov file)...
(DEBUG) --> File is included.
(DEBUG) Check if spinlock.h##7a9625cd30eeacafc44455d74d611b1c.gcov is included (gcov file)...
(DEBUG) --> File is included.
(DEBUG) Check if arch.h##cd3ec459a8a675a723e815b63d40d361.gcov is included (gcov file)...
(DEBUG) --> File is included.
(DEBUG) Check if dlist.h##433b9b986dcbf92abddbed41f2b435fa.gcov is included (gcov file)...
(DEBUG) --> File is included.
(DEBUG) Check if /home/cto/zephyrproject/zephyr-course/twister-out/mem_slab.c##b8dc0e0363e90d0affaed909a794c1a3.gcov is included (trace)...
(DEBUG)   No filter matched.
(DEBUG) --> File is excluded.
(DEBUG) Finding source file corresponding to a gcov data file
  gcov_fname   /home/cto/zephyrproject/zephyr-course/twister-out/mem_slab.c##b8dc0e0363e90d0affaed909a794c1a3.gcov
  current_dir  /home/cto/zephyrproject/zephyr-course/twister-out
  root         /home/cto/zephyrproject/zephyr-course/app/modules/ring_buf
  starting_dir /home/cto/zephyrproject/zephyr-course
  obj_dir      /home/cto/zephyrproject/zephyr-course/twister-out
  gcda_fname   native_sim_native/host_gnu/zephyr-course/tests/ring_buf/homework.unit.ring_buf/zephyr/kernel/CMakeFiles/kernel.dir/mem_slab.c.gcno
  --> fname    /home/cto/zephyrproject/zephyr/kernel/mem_slab.c
(DEBUG) Check if /home/cto/zephyrproject/zephyr/kernel/mem_slab.c is included (source file)...
(DEBUG)   No filter matched.
(DEBUG) --> File is excluded.
(DEBUG) Check if /home/cto/zephyrproject/zephyr-course/twister-out/math_extras_impl.h##d9e03954427d447f1d73b273349b4860.gcov is included (trace)...
(DEBUG) --> File is excluded.
(DEBUG) Finding source file corresponding to a gcov data file
  gcov_fname   /home/cto/zephyrproject/zephyr-course/twister-out/math_extras_impl.h##d9e03954427d447f1d73b273349b4860.gcov
  current_dir  /home/cto/zephyrproject/zephyr-course/twister-out
  root         /home/cto/zephyrproject/zephyr-course/app/modules/ring_buf
  starting_dir /home/cto/zephyrproject/zephyr-course
  obj_dir      /home/cto/zephyrproject/zephyr-course/twister-out
  gcda_fname   native_sim_native/host_gnu/zephyr-course/tests/ring_buf/homework.unit.ring_buf/zephyr/kernel/CMakeFiles/kernel.dir/mem_slab.c.gcno
  --> fname    /home/cto/zephyrproject/zephyr/include/zephyr/sys/math_extras_impl.h
(DEBUG) Check if /home/cto/zephyrproject/zephyr/include/zephyr/sys/math_extras_impl.h is included (source file)...
(DEBUG) --> File is excluded.
(DEBUG) Check if /home/cto/zephyrproject/zephyr-course/twister-out/timeout_q.h##a95b2b01f7e434a2400daebfad8ed345.gcov is included (trace)...
(DEBUG) --> File is excluded.
(DEBUG) Finding source file corresponding to a gcov data file
  gcov_fname   /home/cto/zephyrproject/zephyr-course/twister-out/timeout_q.h##a95b2b01f7e434a2400daebfad8ed345.gcov
  current_dir  /home/cto/zephyrproject/zephyr-course/twister-out
  root         /home/cto/zephyrproject/zephyr-course/app/modules/ring_buf
  starting_dir /home/cto/zephyrproject/zephyr-course
  obj_dir      /home/cto/zephyrproject/zephyr-course/twister-out
  gcda_fname   native_sim_native/host_gnu/zephyr-course/tests/ring_buf/homework.unit.ring_buf/zephyr/kernel/CMakeFiles/kernel.dir/mem_slab.c.gcno
  --> fname    /home/cto/zephyrproject/zephyr/kernel/include/timeout_q.h
(DEBUG) Check if /home/cto/zephyrproject/zephyr/kernel/include/timeout_q.h is included (source file)...
(DEBUG) --> File is excluded.
(DEBUG) Check if /home/cto/zephyrproject/zephyr-course/twister-out/kthread.h##dd2da6b097956e25ca6725b2474a3e43.gcov is included (trace)...
(DEBUG) --> File is excluded.
(DEBUG) Finding source file corresponding to a gcov data file
  gcov_fname   /home/cto/zephyrproject/zephyr-course/twister-out/kthread.h##dd2da6b097956e25ca6725b2474a3e43.gcov
  current_dir  /home/cto/zephyrproject/zephyr-course/twister-out
  root         /home/cto/zephyrproject/zephyr-course/app/modules/ring_buf
  starting_dir /home/cto/zephyrproject/zephyr-course
  obj_dir      /home/cto/zephyrproject/zephyr-course/twister-out
  gcda_fname   native_sim_native/host_gnu/zephyr-course/tests/ring_buf/homework.unit.ring_buf/zephyr/kernel/CMakeFiles/kernel.dir/mem_slab.c.gcno
  --> fname    /home/cto/zephyrproject/zephyr/kernel/include/kthread.h
(DEBUG) Check if /home/cto/zephyrproject/zephyr/kernel/include/kthread.h is included (source file)...
(DEBUG) --> File is excluded.
(DEBUG) Check if /home/cto/zephyrproject/zephyr-course/twister-out/kobject_internal.h##c80d72ddd75e3dc86bbda9d3af962332.gcov is included (trace)...
(DEBUG) --> File is excluded.
(DEBUG) Finding source file corresponding to a gcov data file
  gcov_fname   /home/cto/zephyrproject/zephyr-course/twister-out/kobject_internal.h##c80d72ddd75e3dc86bbda9d3af962332.gcov
  current_dir  /home/cto/zephyrproject/zephyr-course/twister-out
  root         /home/cto/zephyrproject/zephyr-course/app/modules/ring_buf
  starting_dir /home/cto/zephyrproject/zephyr-course
  obj_dir      /home/cto/zephyrproject/zephyr-course/twister-out
  gcda_fname   native_sim_native/host_gnu/zephyr-course/tests/ring_buf/homework.unit.ring_buf/zephyr/kernel/CMakeFiles/kernel.dir/mem_slab.c.gcno
  --> fname    /home/cto/zephyrproject/zephyr/include/zephyr/sys/internal/kobject_internal.h
(DEBUG) Check if /home/cto/zephyrproject/zephyr/include/zephyr/sys/internal/kobject_internal.h is included (source file)...
(DEBUG) --> File is excluded.
(DEBUG) Check if /home/cto/zephyrproject/zephyr-course/twister-out/kernel_arch_func.h##abfef9e7d3ad40b2d908e530356295bd.gcov is included (trace)...
(DEBUG) --> File is excluded.
(DEBUG) Finding source file corresponding to a gcov data file
  gcov_fname   /home/cto/zephyrproject/zephyr-course/twister-out/kernel_arch_func.h##abfef9e7d3ad40b2d908e530356295bd.gcov
  current_dir  /home/cto/zephyrproject/zephyr-course/twister-out
  root         /home/cto/zephyrproject/zephyr-course/app/modules/ring_buf
  starting_dir /home/cto/zephyrproject/zephyr-course
  obj_dir      /home/cto/zephyrproject/zephyr-course/twister-out
  gcda_fname   native_sim_native/host_gnu/zephyr-course/tests/ring_buf/homework.unit.ring_buf/zephyr/kernel/CMakeFiles/kernel.dir/mem_slab.c.gcno
  --> fname    /home/cto/zephyrproject/zephyr/arch/posix/include/kernel_arch_func.h
(DEBUG) Check if /home/cto/zephyrproject/zephyr/arch/posix/include/kernel_arch_func.h is included (source file)...
(DEBUG) --> File is excluded.
(DEBUG) Check if /home/cto/zephyrproject/zephyr-course/twister-out/dlist.h##433b9b986dcbf92abddbed41f2b435fa.gcov is included (trace)...
(DEBUG) --> File is excluded.
(DEBUG) Finding source file corresponding to a gcov data file
  gcov_fname   /home/cto/zephyrproject/zephyr-course/twister-out/dlist.h##433b9b986dcbf92abddbed41f2b435fa.gcov
  current_dir  /home/cto/zephyrproject/zephyr-course/twister-out
  root         /home/cto/zephyrproject/zephyr-course/app/modules/ring_buf
  starting_dir /home/cto/zephyrproject/zephyr-course
  obj_dir      /home/cto/zephyrproject/zephyr-course/twister-out
  gcda_fname   native_sim_native/host_gnu/zephyr-course/tests/ring_buf/homework.unit.ring_buf/zephyr/kernel/CMakeFiles/kernel.dir/mem_slab.c.gcno
  --> fname    /home/cto/zephyrproject/zephyr/include/zephyr/sys/dlist.h
(DEBUG) Check if /home/cto/zephyrproject/zephyr/include/zephyr/sys/dlist.h is included (source file)...
(DEBUG) --> File is excluded.
(DEBUG) Check if /home/cto/zephyrproject/zephyr-course/twister-out/priority_q.h##9623d6fc9d5156abfc198d9641ba6225.gcov is included (trace)...
(DEBUG) --> File is excluded.
(DEBUG) Finding source file corresponding to a gcov data file
  gcov_fname   /home/cto/zephyrproject/zephyr-course/twister-out/priority_q.h##9623d6fc9d5156abfc198d9641ba6225.gcov
  current_dir  /home/cto/zephyrproject/zephyr-course/twister-out
  root         /home/cto/zephyrproject/zephyr-course/app/modules/ring_buf
  starting_dir /home/cto/zephyrproject/zephyr-course
  obj_dir      /home/cto/zephyrproject/zephyr-course/twister-out
  gcda_fname   native_sim_native/host_gnu/zephyr-course/tests/ring_buf/homework.unit.ring_buf/zephyr/kernel/CMakeFiles/kernel.dir/mem_slab.c.gcno
  --> fname    /home/cto/zephyrproject/zephyr/kernel/include/priority_q.h
(DEBUG) Check if /home/cto/zephyrproject/zephyr/kernel/include/priority_q.h is included (source file)...
(DEBUG) --> File is excluded.
(DEBUG) Check if /home/cto/zephyrproject/zephyr-course/twister-out/ksched.h##ed05a602fa65c69cb6663bf196ec30da.gcov is included (trace)...
(DEBUG) --> File is excluded.
(DEBUG) Finding source file corresponding to a gcov data file
  gcov_fname   /home/cto/zephyrproject/zephyr-course/twister-out/ksched.h##ed05a602fa65c69cb6663bf196ec30da.gcov
  current_dir  /home/cto/zephyrproject/zephyr-course/twister-out
  root         /home/cto/zephyrproject/zephyr-course/app/modules/ring_buf
  starting_dir /home/cto/zephyrproject/zephyr-course
  obj_dir      /home/cto/zephyrproject/zephyr-course/twister-out
  gcda_fname   native_sim_native/host_gnu/zephyr-course/tests/ring_buf/homework.unit.ring_buf/zephyr/kernel/CMakeFiles/kernel.dir/mem_slab.c.gcno
  --> fname    /home/cto/zephyrproject/zephyr/kernel/include/ksched.h
(DEBUG) Check if /home/cto/zephyrproject/zephyr/kernel/include/ksched.h is included (source file)...
(DEBUG) --> File is excluded.
(DEBUG) Check if /home/cto/zephyrproject/zephyr-course/twister-out/wait_q.h##ded2ae2822159b780ea75cb59b2ee9ab.gcov is included (trace)...
(DEBUG) --> File is excluded.
(DEBUG) Finding source file corresponding to a gcov data file
  gcov_fname   /home/cto/zephyrproject/zephyr-course/twister-out/wait_q.h##ded2ae2822159b780ea75cb59b2ee9ab.gcov
  current_dir  /home/cto/zephyrproject/zephyr-course/twister-out
  root         /home/cto/zephyrproject/zephyr-course/app/modules/ring_buf
  starting_dir /home/cto/zephyrproject/zephyr-course
  obj_dir      /home/cto/zephyrproject/zephyr-course/twister-out
  gcda_fname   native_sim_native/host_gnu/zephyr-course/tests/ring_buf/homework.unit.ring_buf/zephyr/kernel/CMakeFiles/kernel.dir/mem_slab.c.gcno
  --> fname    /home/cto/zephyrproject/zephyr/kernel/include/wait_q.h
(DEBUG) Check if /home/cto/zephyrproject/zephyr/kernel/include/wait_q.h is included (source file)...
(DEBUG) --> File is excluded.
(DEBUG) Check if /home/cto/zephyrproject/zephyr-course/twister-out/spinlock.h##7a9625cd30eeacafc44455d74d611b1c.gcov is included (trace)...
(DEBUG) --> File is excluded.
(DEBUG) Finding source file corresponding to a gcov data file
  gcov_fname   /home/cto/zephyrproject/zephyr-course/twister-out/spinlock.h##7a9625cd30eeacafc44455d74d611b1c.gcov
  current_dir  /home/cto/zephyrproject/zephyr-course/twister-out
  root         /home/cto/zephyrproject/zephyr-course/app/modules/ring_buf
  starting_dir /home/cto/zephyrproject/zephyr-course
  obj_dir      /home/cto/zephyrproject/zephyr-course/twister-out
  gcda_fname   native_sim_native/host_gnu/zephyr-course/tests/ring_buf/homework.unit.ring_buf/zephyr/kernel/CMakeFiles/kernel.dir/mem_slab.c.gcno
  --> fname    /home/cto/zephyrproject/zephyr/include/zephyr/spinlock.h
(DEBUG) Check if /home/cto/zephyrproject/zephyr/include/zephyr/spinlock.h is included (source file)...
(DEBUG) --> File is excluded.
(DEBUG) Check if /home/cto/zephyrproject/zephyr-course/twister-out/arch.h##cd3ec459a8a675a723e815b63d40d361.gcov is included (trace)...
(DEBUG) --> File is excluded.
(DEBUG) Finding source file corresponding to a gcov data file
  gcov_fname   /home/cto/zephyrproject/zephyr-course/twister-out/arch.h##cd3ec459a8a675a723e815b63d40d361.gcov
  current_dir  /home/cto/zephyrproject/zephyr-course/twister-out
  root         /home/cto/zephyrproject/zephyr-course/app/modules/ring_buf
  starting_dir /home/cto/zephyrproject/zephyr-course
  obj_dir      /home/cto/zephyrproject/zephyr-course/twister-out
  gcda_fname   native_sim_native/host_gnu/zephyr-course/tests/ring_buf/homework.unit.ring_buf/zephyr/kernel/CMakeFiles/kernel.dir/mem_slab.c.gcno
  --> fname    /home/cto/zephyrproject/zephyr/include/zephyr/arch/posix/arch.h
(DEBUG) Check if /home/cto/zephyrproject/zephyr/include/zephyr/arch/posix/arch.h is included (source file)...
(DEBUG) --> File is excluded.
(DEBUG) Check if /home/cto/zephyrproject/zephyr-course/twister-out/kernel_internal.h##35e4e9c61ec67c362b8995093ce22c15.gcov is included (trace)...
(DEBUG)   No filter matched.
(DEBUG) --> File is excluded.
(DEBUG) Finding source file corresponding to a gcov data file
  gcov_fname   /home/cto/zephyrproject/zephyr-course/twister-out/kernel_internal.h##35e4e9c61ec67c362b8995093ce22c15.gcov
  current_dir  /home/cto/zephyrproject/zephyr-course/twister-out
  root         /home/cto/zephyrproject/zephyr-course/app/modules/ring_buf
  starting_dir /home/cto/zephyrproject/zephyr-course
  obj_dir      /home/cto/zephyrproject/zephyr-course/twister-out
  gcda_fname   native_sim_native/host_gnu/zephyr-course/tests/ring_buf/homework.unit.ring_buf/zephyr/kernel/CMakeFiles/kernel.dir/mem_slab.c.gcno
  --> fname    /home/cto/zephyrproject/zephyr/kernel/include/kernel_internal.h
(DEBUG) Check if /home/cto/zephyrproject/zephyr/kernel/include/kernel_internal.h is included (source file)...
(DEBUG)   No filter matched.
(DEBUG) --> File is excluded.
(DEBUG) Check if /home/cto/zephyrproject/zephyr-course/twister-out/native_sim_native/host_gnu/zephyr-course/tests/ring_buf/homework.unit.ring_buf/zephyr/kernel/CMakeFiles/kernel.dir/mempool.c.gcno is included (trace)...
(DEBUG)   No filter matched.
(DEBUG) --> File is excluded.
(DEBUG) Check if /home/cto/zephyrproject/zephyr-course/twister-out/native_sim_native/host_gnu/zephyr-course/tests/ring_buf/homework.unit.ring_buf/zephyr/kernel/CMakeFiles/kernel.dir/mempool.c.gcno is included (trace)...
(DEBUG) --> File is excluded.
(DEBUG) Check if mempool.c##7788a68cbf5799e29d1a6483dceb3a1c.gcov is included (gcov file)...
(DEBUG)   Filter AlwaysMatchFilter() matched.
(DEBUG) --> File is included.
(DEBUG) Check if math_extras_impl.h##d9e03954427d447f1d73b273349b4860.gcov is included (gcov file)...
(DEBUG) --> File is included.
(DEBUG) Check if spinlock.h##7a9625cd30eeacafc44455d74d611b1c.gcov is included (gcov file)...
(DEBUG) --> File is included.
(DEBUG) Check if arch.h##cd3ec459a8a675a723e815b63d40d361.gcov is included (gcov file)...
(DEBUG) --> File is included.
(DEBUG) Check if /home/cto/zephyrproject/zephyr-course/twister-out/math_extras_impl.h##d9e03954427d447f1d73b273349b4860.gcov is included (trace)...
(DEBUG) --> File is excluded.
(DEBUG) Finding source file corresponding to a gcov data file
  gcov_fname   /home/cto/zephyrproject/zephyr-course/twister-out/math_extras_impl.h##d9e03954427d447f1d73b273349b4860.gcov
  current_dir  /home/cto/zephyrproject/zephyr-course/twister-out
  root         /home/cto/zephyrproject/zephyr-course/app/modules/ring_buf
  starting_dir /home/cto/zephyrproject/zephyr-course
  obj_dir      /home/cto/zephyrproject/zephyr-course/twister-out
  gcda_fname   native_sim_native/host_gnu/zephyr-course/tests/ring_buf/homework.unit.ring_buf/zephyr/kernel/CMakeFiles/kernel.dir/mempool.c.gcno
  --> fname    /home/cto/zephyrproject/zephyr/include/zephyr/sys/math_extras_impl.h
(DEBUG) Check if /home/cto/zephyrproject/zephyr/include/zephyr/sys/math_extras_impl.h is included (source file)...
(DEBUG) --> File is excluded.
(DEBUG) Check if /home/cto/zephyrproject/zephyr-course/twister-out/mempool.c##7788a68cbf5799e29d1a6483dceb3a1c.gcov is included (trace)...
(DEBUG)   No filter matched.
(DEBUG) --> File is excluded.
(DEBUG) Finding source file corresponding to a gcov data file
  gcov_fname   /home/cto/zephyrproject/zephyr-course/twister-out/mempool.c##7788a68cbf5799e29d1a6483dceb3a1c.gcov
  current_dir  /home/cto/zephyrproject/zephyr-course/twister-out
  root         /home/cto/zephyrproject/zephyr-course/app/modules/ring_buf
  starting_dir /home/cto/zephyrproject/zephyr-course
  obj_dir      /home/cto/zephyrproject/zephyr-course/twister-out
  gcda_fname   native_sim_native/host_gnu/zephyr-course/tests/ring_buf/homework.unit.ring_buf/zephyr/kernel/CMakeFiles/kernel.dir/mempool.c.gcno
  --> fname    /home/cto/zephyrproject/zephyr/kernel/mempool.c
(DEBUG) Check if /home/cto/zephyrproject/zephyr/kernel/mempool.c is included (source file)...
(DEBUG)   No filter matched.
(DEBUG) --> File is excluded.
(DEBUG) Check if /home/cto/zephyrproject/zephyr-course/twister-out/spinlock.h##7a9625cd30eeacafc44455d74d611b1c.gcov is included (trace)...
(DEBUG) --> File is excluded.
(DEBUG) Finding source file corresponding to a gcov data file
  gcov_fname   /home/cto/zephyrproject/zephyr-course/twister-out/spinlock.h##7a9625cd30eeacafc44455d74d611b1c.gcov
  current_dir  /home/cto/zephyrproject/zephyr-course/twister-out
  root         /home/cto/zephyrproject/zephyr-course/app/modules/ring_buf
  starting_dir /home/cto/zephyrproject/zephyr-course
  obj_dir      /home/cto/zephyrproject/zephyr-course/twister-out
  gcda_fname   native_sim_native/host_gnu/zephyr-course/tests/ring_buf/homework.unit.ring_buf/zephyr/kernel/CMakeFiles/kernel.dir/mempool.c.gcno
  --> fname    /home/cto/zephyrproject/zephyr/include/zephyr/spinlock.h
(DEBUG) Check if /home/cto/zephyrproject/zephyr/include/zephyr/spinlock.h is included (source file)...
(DEBUG) --> File is excluded.
(DEBUG) Check if /home/cto/zephyrproject/zephyr-course/twister-out/arch.h##cd3ec459a8a675a723e815b63d40d361.gcov is included (trace)...
(DEBUG) --> File is excluded.
(DEBUG) Finding source file corresponding to a gcov data file
  gcov_fname   /home/cto/zephyrproject/zephyr-course/twister-out/arch.h##cd3ec459a8a675a723e815b63d40d361.gcov
  current_dir  /home/cto/zephyrproject/zephyr-course/twister-out
  root         /home/cto/zephyrproject/zephyr-course/app/modules/ring_buf
  starting_dir /home/cto/zephyrproject/zephyr-course
  obj_dir      /home/cto/zephyrproject/zephyr-course/twister-out
  gcda_fname   native_sim_native/host_gnu/zephyr-course/tests/ring_buf/homework.unit.ring_buf/zephyr/kernel/CMakeFiles/kernel.dir/mempool.c.gcno
  --> fname    /home/cto/zephyrproject/zephyr/include/zephyr/arch/posix/arch.h
(DEBUG) Check if /home/cto/zephyrproject/zephyr/include/zephyr/arch/posix/arch.h is included (source file)...
(DEBUG) --> File is excluded.
(DEBUG) Check if /home/cto/zephyrproject/zephyr-course/twister-out/native_sim_native/host_gnu/zephyr-course/tests/ring_buf/homework.unit.ring_buf/zephyr/kernel/CMakeFiles/kernel.dir/msg_q.c.gcno is included (trace)...
(DEBUG)   No filter matched.
(DEBUG) --> File is excluded.
(DEBUG) Check if /home/cto/zephyrproject/zephyr-course/twister-out/native_sim_native/host_gnu/zephyr-course/tests/ring_buf/homework.unit.ring_buf/zephyr/kernel/CMakeFiles/kernel.dir/msg_q.c.gcno is included (trace)...
(DEBUG) --> File is excluded.
(DEBUG) Check if msg_q.c##3170e955dfb2dda54d78da17be670ff9.gcov is included (gcov file)...
(DEBUG)   Filter AlwaysMatchFilter() matched.
(DEBUG) --> File is included.
(DEBUG) Check if wait_q.h##ded2ae2822159b780ea75cb59b2ee9ab.gcov is included (gcov file)...
(DEBUG) --> File is included.
(DEBUG) Check if ksched.h##ed05a602fa65c69cb6663bf196ec30da.gcov is included (gcov file)...
(DEBUG) --> File is included.
(DEBUG) Check if priority_q.h##9623d6fc9d5156abfc198d9641ba6225.gcov is included (gcov file)...
(DEBUG) --> File is included.
(DEBUG) Check if math_extras_impl.h##d9e03954427d447f1d73b273349b4860.gcov is included (gcov file)...
(DEBUG) --> File is included.
(DEBUG) Check if kthread.h##dd2da6b097956e25ca6725b2474a3e43.gcov is included (gcov file)...
(DEBUG) --> File is included.
(DEBUG) Check if timeout_q.h##a95b2b01f7e434a2400daebfad8ed345.gcov is included (gcov file)...
(DEBUG) --> File is included.
(DEBUG) Check if kernel_arch_func.h##abfef9e7d3ad40b2d908e530356295bd.gcov is included (gcov file)...
(DEBUG) --> File is included.
(DEBUG) Check if kobject_internal.h##c80d72ddd75e3dc86bbda9d3af962332.gcov is included (gcov file)...
(DEBUG) --> File is included.
(DEBUG) Check if spinlock.h##7a9625cd30eeacafc44455d74d611b1c.gcov is included (gcov file)...
(DEBUG) --> File is included.
(DEBUG) Check if arch.h##cd3ec459a8a675a723e815b63d40d361.gcov is included (gcov file)...
(DEBUG) --> File is included.
(DEBUG) Check if dlist.h##433b9b986dcbf92abddbed41f2b435fa.gcov is included (gcov file)...
(DEBUG) --> File is included.
(DEBUG) Check if /home/cto/zephyrproject/zephyr-course/twister-out/dlist.h##433b9b986dcbf92abddbed41f2b435fa.gcov is included (trace)...
(DEBUG) --> File is excluded.
(DEBUG) Finding source file corresponding to a gcov data file
  gcov_fname   /home/cto/zephyrproject/zephyr-course/twister-out/dlist.h##433b9b986dcbf92abddbed41f2b435fa.gcov
  current_dir  /home/cto/zephyrproject/zephyr-course/twister-out
  root         /home/cto/zephyrproject/zephyr-course/app/modules/ring_buf
  starting_dir /home/cto/zephyrproject/zephyr-course
  obj_dir      /home/cto/zephyrproject/zephyr-course/twister-out
  gcda_fname   native_sim_native/host_gnu/zephyr-course/tests/ring_buf/homework.unit.ring_buf/zephyr/kernel/CMakeFiles/kernel.dir/msg_q.c.gcno
  --> fname    /home/cto/zephyrproject/zephyr/include/zephyr/sys/dlist.h
(DEBUG) Check if /home/cto/zephyrproject/zephyr/include/zephyr/sys/dlist.h is included (source file)...
(DEBUG) --> File is excluded.
(DEBUG) Check if /home/cto/zephyrproject/zephyr-course/twister-out/math_extras_impl.h##d9e03954427d447f1d73b273349b4860.gcov is included (trace)...
(DEBUG) --> File is excluded.
(DEBUG) Finding source file corresponding to a gcov data file
  gcov_fname   /home/cto/zephyrproject/zephyr-course/twister-out/math_extras_impl.h##d9e03954427d447f1d73b273349b4860.gcov
  current_dir  /home/cto/zephyrproject/zephyr-course/twister-out
  root         /home/cto/zephyrproject/zephyr-course/app/modules/ring_buf
  starting_dir /home/cto/zephyrproject/zephyr-course
  obj_dir      /home/cto/zephyrproject/zephyr-course/twister-out
  gcda_fname   native_sim_native/host_gnu/zephyr-course/tests/ring_buf/homework.unit.ring_buf/zephyr/kernel/CMakeFiles/kernel.dir/msg_q.c.gcno
  --> fname    /home/cto/zephyrproject/zephyr/include/zephyr/sys/math_extras_impl.h
(DEBUG) Check if /home/cto/zephyrproject/zephyr/include/zephyr/sys/math_extras_impl.h is included (source file)...
(DEBUG) --> File is excluded.
(DEBUG) Check if /home/cto/zephyrproject/zephyr-course/twister-out/timeout_q.h##a95b2b01f7e434a2400daebfad8ed345.gcov is included (trace)...
(DEBUG) --> File is excluded.
(DEBUG) Finding source file corresponding to a gcov data file
  gcov_fname   /home/cto/zephyrproject/zephyr-course/twister-out/timeout_q.h##a95b2b01f7e434a2400daebfad8ed345.gcov
  current_dir  /home/cto/zephyrproject/zephyr-course/twister-out
  root         /home/cto/zephyrproject/zephyr-course/app/modules/ring_buf
  starting_dir /home/cto/zephyrproject/zephyr-course
  obj_dir      /home/cto/zephyrproject/zephyr-course/twister-out
  gcda_fname   native_sim_native/host_gnu/zephyr-course/tests/ring_buf/homework.unit.ring_buf/zephyr/kernel/CMakeFiles/kernel.dir/msg_q.c.gcno
  --> fname    /home/cto/zephyrproject/zephyr/kernel/include/timeout_q.h
(DEBUG) Check if /home/cto/zephyrproject/zephyr/kernel/include/timeout_q.h is included (source file)...
(DEBUG) --> File is excluded.
(DEBUG) Check if /home/cto/zephyrproject/zephyr-course/twister-out/kthread.h##dd2da6b097956e25ca6725b2474a3e43.gcov is included (trace)...
(DEBUG) --> File is excluded.
(DEBUG) Finding source file corresponding to a gcov data file
  gcov_fname   /home/cto/zephyrproject/zephyr-course/twister-out/kthread.h##dd2da6b097956e25ca6725b2474a3e43.gcov
  current_dir  /home/cto/zephyrproject/zephyr-course/twister-out
  root         /home/cto/zephyrproject/zephyr-course/app/modules/ring_buf
  starting_dir /home/cto/zephyrproject/zephyr-course
  obj_dir      /home/cto/zephyrproject/zephyr-course/twister-out
  gcda_fname   native_sim_native/host_gnu/zephyr-course/tests/ring_buf/homework.unit.ring_buf/zephyr/kernel/CMakeFiles/kernel.dir/msg_q.c.gcno
  --> fname    /home/cto/zephyrproject/zephyr/kernel/include/kthread.h
(DEBUG) Check if /home/cto/zephyrproject/zephyr/kernel/include/kthread.h is included (source file)...
(DEBUG) --> File is excluded.
(DEBUG) Check if /home/cto/zephyrproject/zephyr-course/twister-out/kobject_internal.h##c80d72ddd75e3dc86bbda9d3af962332.gcov is included (trace)...
(DEBUG) --> File is excluded.
(DEBUG) Finding source file corresponding to a gcov data file
  gcov_fname   /home/cto/zephyrproject/zephyr-course/twister-out/kobject_internal.h##c80d72ddd75e3dc86bbda9d3af962332.gcov
  current_dir  /home/cto/zephyrproject/zephyr-course/twister-out
  root         /home/cto/zephyrproject/zephyr-course/app/modules/ring_buf
  starting_dir /home/cto/zephyrproject/zephyr-course
  obj_dir      /home/cto/zephyrproject/zephyr-course/twister-out
  gcda_fname   native_sim_native/host_gnu/zephyr-course/tests/ring_buf/homework.unit.ring_buf/zephyr/kernel/CMakeFiles/kernel.dir/msg_q.c.gcno
  --> fname    /home/cto/zephyrproject/zephyr/include/zephyr/sys/internal/kobject_internal.h
(DEBUG) Check if /home/cto/zephyrproject/zephyr/include/zephyr/sys/internal/kobject_internal.h is included (source file)...
(DEBUG) --> File is excluded.
(DEBUG) Check if /home/cto/zephyrproject/zephyr-course/twister-out/kernel_arch_func.h##abfef9e7d3ad40b2d908e530356295bd.gcov is included (trace)...
(DEBUG) --> File is excluded.
(DEBUG) Finding source file corresponding to a gcov data file
  gcov_fname   /home/cto/zephyrproject/zephyr-course/twister-out/kernel_arch_func.h##abfef9e7d3ad40b2d908e530356295bd.gcov
  current_dir  /home/cto/zephyrproject/zephyr-course/twister-out
  root         /home/cto/zephyrproject/zephyr-course/app/modules/ring_buf
  starting_dir /home/cto/zephyrproject/zephyr-course
  obj_dir      /home/cto/zephyrproject/zephyr-course/twister-out
  gcda_fname   native_sim_native/host_gnu/zephyr-course/tests/ring_buf/homework.unit.ring_buf/zephyr/kernel/CMakeFiles/kernel.dir/msg_q.c.gcno
  --> fname    /home/cto/zephyrproject/zephyr/arch/posix/include/kernel_arch_func.h
(DEBUG) Check if /home/cto/zephyrproject/zephyr/arch/posix/include/kernel_arch_func.h is included (source file)...
(DEBUG) --> File is excluded.
(DEBUG) Check if /home/cto/zephyrproject/zephyr-course/twister-out/msg_q.c##3170e955dfb2dda54d78da17be670ff9.gcov is included (trace)...
(DEBUG)   No filter matched.
(DEBUG) --> File is excluded.
(DEBUG) Finding source file corresponding to a gcov data file
  gcov_fname   /home/cto/zephyrproject/zephyr-course/twister-out/msg_q.c##3170e955dfb2dda54d78da17be670ff9.gcov
  current_dir  /home/cto/zephyrproject/zephyr-course/twister-out
  root         /home/cto/zephyrproject/zephyr-course/app/modules/ring_buf
  starting_dir /home/cto/zephyrproject/zephyr-course
  obj_dir      /home/cto/zephyrproject/zephyr-course/twister-out
  gcda_fname   native_sim_native/host_gnu/zephyr-course/tests/ring_buf/homework.unit.ring_buf/zephyr/kernel/CMakeFiles/kernel.dir/msg_q.c.gcno
  --> fname    /home/cto/zephyrproject/zephyr/kernel/msg_q.c
(DEBUG) Check if /home/cto/zephyrproject/zephyr/kernel/msg_q.c is included (source file)...
(DEBUG)   No filter matched.
(DEBUG) --> File is excluded.
(DEBUG) Check if /home/cto/zephyrproject/zephyr-course/twister-out/priority_q.h##9623d6fc9d5156abfc198d9641ba6225.gcov is included (trace)...
(DEBUG) --> File is excluded.
(DEBUG) Finding source file corresponding to a gcov data file
  gcov_fname   /home/cto/zephyrproject/zephyr-course/twister-out/priority_q.h##9623d6fc9d5156abfc198d9641ba6225.gcov
  current_dir  /home/cto/zephyrproject/zephyr-course/twister-out
  root         /home/cto/zephyrproject/zephyr-course/app/modules/ring_buf
  starting_dir /home/cto/zephyrproject/zephyr-course
  obj_dir      /home/cto/zephyrproject/zephyr-course/twister-out
  gcda_fname   native_sim_native/host_gnu/zephyr-course/tests/ring_buf/homework.unit.ring_buf/zephyr/kernel/CMakeFiles/kernel.dir/msg_q.c.gcno
  --> fname    /home/cto/zephyrproject/zephyr/kernel/include/priority_q.h
(DEBUG) Check if /home/cto/zephyrproject/zephyr/kernel/include/priority_q.h is included (source file)...
(DEBUG) --> File is excluded.
(DEBUG) Check if /home/cto/zephyrproject/zephyr-course/twister-out/ksched.h##ed05a602fa65c69cb6663bf196ec30da.gcov is included (trace)...
(DEBUG) --> File is excluded.
(DEBUG) Finding source file corresponding to a gcov data file
  gcov_fname   /home/cto/zephyrproject/zephyr-course/twister-out/ksched.h##ed05a602fa65c69cb6663bf196ec30da.gcov
  current_dir  /home/cto/zephyrproject/zephyr-course/twister-out
  root         /home/cto/zephyrproject/zephyr-course/app/modules/ring_buf
  starting_dir /home/cto/zephyrproject/zephyr-course
  obj_dir      /home/cto/zephyrproject/zephyr-course/twister-out
  gcda_fname   native_sim_native/host_gnu/zephyr-course/tests/ring_buf/homework.unit.ring_buf/zephyr/kernel/CMakeFiles/kernel.dir/msg_q.c.gcno
  --> fname    /home/cto/zephyrproject/zephyr/kernel/include/ksched.h
(DEBUG) Check if /home/cto/zephyrproject/zephyr/kernel/include/ksched.h is included (source file)...
(DEBUG) --> File is excluded.
(DEBUG) Check if /home/cto/zephyrproject/zephyr-course/twister-out/wait_q.h##ded2ae2822159b780ea75cb59b2ee9ab.gcov is included (trace)...
(DEBUG) --> File is excluded.
(DEBUG) Finding source file corresponding to a gcov data file
  gcov_fname   /home/cto/zephyrproject/zephyr-course/twister-out/wait_q.h##ded2ae2822159b780ea75cb59b2ee9ab.gcov
  current_dir  /home/cto/zephyrproject/zephyr-course/twister-out
  root         /home/cto/zephyrproject/zephyr-course/app/modules/ring_buf
  starting_dir /home/cto/zephyrproject/zephyr-course
  obj_dir      /home/cto/zephyrproject/zephyr-course/twister-out
  gcda_fname   native_sim_native/host_gnu/zephyr-course/tests/ring_buf/homework.unit.ring_buf/zephyr/kernel/CMakeFiles/kernel.dir/msg_q.c.gcno
  --> fname    /home/cto/zephyrproject/zephyr/kernel/include/wait_q.h
(DEBUG) Check if /home/cto/zephyrproject/zephyr/kernel/include/wait_q.h is included (source file)...
(DEBUG) --> File is excluded.
(DEBUG) Check if /home/cto/zephyrproject/zephyr-course/twister-out/spinlock.h##7a9625cd30eeacafc44455d74d611b1c.gcov is included (trace)...
(DEBUG) --> File is excluded.
(DEBUG) Finding source file corresponding to a gcov data file
  gcov_fname   /home/cto/zephyrproject/zephyr-course/twister-out/spinlock.h##7a9625cd30eeacafc44455d74d611b1c.gcov
  current_dir  /home/cto/zephyrproject/zephyr-course/twister-out
  root         /home/cto/zephyrproject/zephyr-course/app/modules/ring_buf
  starting_dir /home/cto/zephyrproject/zephyr-course
  obj_dir      /home/cto/zephyrproject/zephyr-course/twister-out
  gcda_fname   native_sim_native/host_gnu/zephyr-course/tests/ring_buf/homework.unit.ring_buf/zephyr/kernel/CMakeFiles/kernel.dir/msg_q.c.gcno
  --> fname    /home/cto/zephyrproject/zephyr/include/zephyr/spinlock.h
(DEBUG) Check if /home/cto/zephyrproject/zephyr/include/zephyr/spinlock.h is included (source file)...
(DEBUG) --> File is excluded.
(DEBUG) Check if /home/cto/zephyrproject/zephyr-course/twister-out/arch.h##cd3ec459a8a675a723e815b63d40d361.gcov is included (trace)...
(DEBUG) --> File is excluded.
(DEBUG) Finding source file corresponding to a gcov data file
  gcov_fname   /home/cto/zephyrproject/zephyr-course/twister-out/arch.h##cd3ec459a8a675a723e815b63d40d361.gcov
  current_dir  /home/cto/zephyrproject/zephyr-course/twister-out
  root         /home/cto/zephyrproject/zephyr-course/app/modules/ring_buf
  starting_dir /home/cto/zephyrproject/zephyr-course
  obj_dir      /home/cto/zephyrproject/zephyr-course/twister-out
  gcda_fname   native_sim_native/host_gnu/zephyr-course/tests/ring_buf/homework.unit.ring_buf/zephyr/kernel/CMakeFiles/kernel.dir/msg_q.c.gcno
  --> fname    /home/cto/zephyrproject/zephyr/include/zephyr/arch/posix/arch.h
(DEBUG) Check if /home/cto/zephyrproject/zephyr/include/zephyr/arch/posix/arch.h is included (source file)...
(DEBUG) --> File is excluded.
(DEBUG) Check if /home/cto/zephyrproject/zephyr-course/twister-out/native_sim_native/host_gnu/zephyr-course/tests/ring_buf/homework.unit.ring_buf/zephyr/kernel/CMakeFiles/kernel.dir/mutex.c.gcno is included (trace)...
(DEBUG)   No filter matched.
(DEBUG) --> File is excluded.
(DEBUG) Check if /home/cto/zephyrproject/zephyr-course/twister-out/native_sim_native/host_gnu/zephyr-course/tests/ring_buf/homework.unit.ring_buf/zephyr/kernel/CMakeFiles/kernel.dir/mutex.c.gcno is included (trace)...
(DEBUG) --> File is excluded.
(DEBUG) Check if mutex.c##a634b02277db23f576073f9b4638248b.gcov is included (gcov file)...
(DEBUG)   Filter AlwaysMatchFilter() matched.
(DEBUG) --> File is included.
(DEBUG) Check if log_msg.h##59cc7ac9dd0b18efa24d51419b863a43.gcov is included (gcov file)...
(DEBUG) --> File is included.
(DEBUG) Check if wait_q.h##ded2ae2822159b780ea75cb59b2ee9ab.gcov is included (gcov file)...
(DEBUG) --> File is included.
(DEBUG) Check if ksched.h##ed05a602fa65c69cb6663bf196ec30da.gcov is included (gcov file)...
(DEBUG) --> File is included.
(DEBUG) Check if priority_q.h##9623d6fc9d5156abfc198d9641ba6225.gcov is included (gcov file)...
(DEBUG) --> File is included.
(DEBUG) Check if kthread.h##dd2da6b097956e25ca6725b2474a3e43.gcov is included (gcov file)...
(DEBUG) --> File is included.
(DEBUG) Check if timeout_q.h##a95b2b01f7e434a2400daebfad8ed345.gcov is included (gcov file)...
(DEBUG) --> File is included.
(DEBUG) Check if kernel_arch_func.h##abfef9e7d3ad40b2d908e530356295bd.gcov is included (gcov file)...
(DEBUG) --> File is included.
(DEBUG) Check if kobject_internal.h##c80d72ddd75e3dc86bbda9d3af962332.gcov is included (gcov file)...
(DEBUG) --> File is included.
(DEBUG) Check if spinlock.h##7a9625cd30eeacafc44455d74d611b1c.gcov is included (gcov file)...
(DEBUG) --> File is included.
(DEBUG) Check if arch.h##cd3ec459a8a675a723e815b63d40d361.gcov is included (gcov file)...
(DEBUG) --> File is included.
(DEBUG) Check if dlist.h##433b9b986dcbf92abddbed41f2b435fa.gcov is included (gcov file)...
(DEBUG) --> File is included.
(DEBUG) Check if /home/cto/zephyrproject/zephyr-course/twister-out/dlist.h##433b9b986dcbf92abddbed41f2b435fa.gcov is included (trace)...
(DEBUG) --> File is excluded.
(DEBUG) Finding source file corresponding to a gcov data file
  gcov_fname   /home/cto/zephyrproject/zephyr-course/twister-out/dlist.h##433b9b986dcbf92abddbed41f2b435fa.gcov
  current_dir  /home/cto/zephyrproject/zephyr-course/twister-out
  root         /home/cto/zephyrproject/zephyr-course/app/modules/ring_buf
  starting_dir /home/cto/zephyrproject/zephyr-course
  obj_dir      /home/cto/zephyrproject/zephyr-course/twister-out
  gcda_fname   native_sim_native/host_gnu/zephyr-course/tests/ring_buf/homework.unit.ring_buf/zephyr/kernel/CMakeFiles/kernel.dir/mutex.c.gcno
  --> fname    /home/cto/zephyrproject/zephyr/include/zephyr/sys/dlist.h
(DEBUG) Check if /home/cto/zephyrproject/zephyr/include/zephyr/sys/dlist.h is included (source file)...
(DEBUG) --> File is excluded.
(DEBUG) Check if /home/cto/zephyrproject/zephyr-course/twister-out/timeout_q.h##a95b2b01f7e434a2400daebfad8ed345.gcov is included (trace)...
(DEBUG) --> File is excluded.
(DEBUG) Finding source file corresponding to a gcov data file
  gcov_fname   /home/cto/zephyrproject/zephyr-course/twister-out/timeout_q.h##a95b2b01f7e434a2400daebfad8ed345.gcov
  current_dir  /home/cto/zephyrproject/zephyr-course/twister-out
  root         /home/cto/zephyrproject/zephyr-course/app/modules/ring_buf
  starting_dir /home/cto/zephyrproject/zephyr-course
  obj_dir      /home/cto/zephyrproject/zephyr-course/twister-out
  gcda_fname   native_sim_native/host_gnu/zephyr-course/tests/ring_buf/homework.unit.ring_buf/zephyr/kernel/CMakeFiles/kernel.dir/mutex.c.gcno
  --> fname    /home/cto/zephyrproject/zephyr/kernel/include/timeout_q.h
(DEBUG) Check if /home/cto/zephyrproject/zephyr/kernel/include/timeout_q.h is included (source file)...
(DEBUG) --> File is excluded.
(DEBUG) Check if /home/cto/zephyrproject/zephyr-course/twister-out/kthread.h##dd2da6b097956e25ca6725b2474a3e43.gcov is included (trace)...
(DEBUG) --> File is excluded.
(DEBUG) Finding source file corresponding to a gcov data file
  gcov_fname   /home/cto/zephyrproject/zephyr-course/twister-out/kthread.h##dd2da6b097956e25ca6725b2474a3e43.gcov
  current_dir  /home/cto/zephyrproject/zephyr-course/twister-out
  root         /home/cto/zephyrproject/zephyr-course/app/modules/ring_buf
  starting_dir /home/cto/zephyrproject/zephyr-course
  obj_dir      /home/cto/zephyrproject/zephyr-course/twister-out
  gcda_fname   native_sim_native/host_gnu/zephyr-course/tests/ring_buf/homework.unit.ring_buf/zephyr/kernel/CMakeFiles/kernel.dir/mutex.c.gcno
  --> fname    /home/cto/zephyrproject/zephyr/kernel/include/kthread.h
(DEBUG) Check if /home/cto/zephyrproject/zephyr/kernel/include/kthread.h is included (source file)...
(DEBUG) --> File is excluded.
(DEBUG) Check if /home/cto/zephyrproject/zephyr-course/twister-out/kobject_internal.h##c80d72ddd75e3dc86bbda9d3af962332.gcov is included (trace)...
(DEBUG) --> File is excluded.
(DEBUG) Finding source file corresponding to a gcov data file
  gcov_fname   /home/cto/zephyrproject/zephyr-course/twister-out/kobject_internal.h##c80d72ddd75e3dc86bbda9d3af962332.gcov
  current_dir  /home/cto/zephyrproject/zephyr-course/twister-out
  root         /home/cto/zephyrproject/zephyr-course/app/modules/ring_buf
  starting_dir /home/cto/zephyrproject/zephyr-course
  obj_dir      /home/cto/zephyrproject/zephyr-course/twister-out
  gcda_fname   native_sim_native/host_gnu/zephyr-course/tests/ring_buf/homework.unit.ring_buf/zephyr/kernel/CMakeFiles/kernel.dir/mutex.c.gcno
  --> fname    /home/cto/zephyrproject/zephyr/include/zephyr/sys/internal/kobject_internal.h
(DEBUG) Check if /home/cto/zephyrproject/zephyr/include/zephyr/sys/internal/kobject_internal.h is included (source file)...
(DEBUG) --> File is excluded.
(DEBUG) Check if /home/cto/zephyrproject/zephyr-course/twister-out/kernel_arch_func.h##abfef9e7d3ad40b2d908e530356295bd.gcov is included (trace)...
(DEBUG) --> File is excluded.
(DEBUG) Finding source file corresponding to a gcov data file
  gcov_fname   /home/cto/zephyrproject/zephyr-course/twister-out/kernel_arch_func.h##abfef9e7d3ad40b2d908e530356295bd.gcov
  current_dir  /home/cto/zephyrproject/zephyr-course/twister-out
  root         /home/cto/zephyrproject/zephyr-course/app/modules/ring_buf
  starting_dir /home/cto/zephyrproject/zephyr-course
  obj_dir      /home/cto/zephyrproject/zephyr-course/twister-out
  gcda_fname   native_sim_native/host_gnu/zephyr-course/tests/ring_buf/homework.unit.ring_buf/zephyr/kernel/CMakeFiles/kernel.dir/mutex.c.gcno
  --> fname    /home/cto/zephyrproject/zephyr/arch/posix/include/kernel_arch_func.h
(DEBUG) Check if /home/cto/zephyrproject/zephyr/arch/posix/include/kernel_arch_func.h is included (source file)...
(DEBUG) --> File is excluded.
(DEBUG) Check if /home/cto/zephyrproject/zephyr-course/twister-out/priority_q.h##9623d6fc9d5156abfc198d9641ba6225.gcov is included (trace)...
(DEBUG) --> File is excluded.
(DEBUG) Finding source file corresponding to a gcov data file
  gcov_fname   /home/cto/zephyrproject/zephyr-course/twister-out/priority_q.h##9623d6fc9d5156abfc198d9641ba6225.gcov
  current_dir  /home/cto/zephyrproject/zephyr-course/twister-out
  root         /home/cto/zephyrproject/zephyr-course/app/modules/ring_buf
  starting_dir /home/cto/zephyrproject/zephyr-course
  obj_dir      /home/cto/zephyrproject/zephyr-course/twister-out
  gcda_fname   native_sim_native/host_gnu/zephyr-course/tests/ring_buf/homework.unit.ring_buf/zephyr/kernel/CMakeFiles/kernel.dir/mutex.c.gcno
  --> fname    /home/cto/zephyrproject/zephyr/kernel/include/priority_q.h
(DEBUG) Check if /home/cto/zephyrproject/zephyr/kernel/include/priority_q.h is included (source file)...
(DEBUG) --> File is excluded.
(DEBUG) Check if /home/cto/zephyrproject/zephyr-course/twister-out/ksched.h##ed05a602fa65c69cb6663bf196ec30da.gcov is included (trace)...
(DEBUG) --> File is excluded.
(DEBUG) Finding source file corresponding to a gcov data file
  gcov_fname   /home/cto/zephyrproject/zephyr-course/twister-out/ksched.h##ed05a602fa65c69cb6663bf196ec30da.gcov
  current_dir  /home/cto/zephyrproject/zephyr-course/twister-out
  root         /home/cto/zephyrproject/zephyr-course/app/modules/ring_buf
  starting_dir /home/cto/zephyrproject/zephyr-course
  obj_dir      /home/cto/zephyrproject/zephyr-course/twister-out
  gcda_fname   native_sim_native/host_gnu/zephyr-course/tests/ring_buf/homework.unit.ring_buf/zephyr/kernel/CMakeFiles/kernel.dir/mutex.c.gcno
  --> fname    /home/cto/zephyrproject/zephyr/kernel/include/ksched.h
(DEBUG) Check if /home/cto/zephyrproject/zephyr/kernel/include/ksched.h is included (source file)...
(DEBUG) --> File is excluded.
(DEBUG) Check if /home/cto/zephyrproject/zephyr-course/twister-out/wait_q.h##ded2ae2822159b780ea75cb59b2ee9ab.gcov is included (trace)...
(DEBUG) --> File is excluded.
(DEBUG) Finding source file corresponding to a gcov data file
  gcov_fname   /home/cto/zephyrproject/zephyr-course/twister-out/wait_q.h##ded2ae2822159b780ea75cb59b2ee9ab.gcov
  current_dir  /home/cto/zephyrproject/zephyr-course/twister-out
  root         /home/cto/zephyrproject/zephyr-course/app/modules/ring_buf
  starting_dir /home/cto/zephyrproject/zephyr-course
  obj_dir      /home/cto/zephyrproject/zephyr-course/twister-out
  gcda_fname   native_sim_native/host_gnu/zephyr-course/tests/ring_buf/homework.unit.ring_buf/zephyr/kernel/CMakeFiles/kernel.dir/mutex.c.gcno
  --> fname    /home/cto/zephyrproject/zephyr/kernel/include/wait_q.h
(DEBUG) Check if /home/cto/zephyrproject/zephyr/kernel/include/wait_q.h is included (source file)...
(DEBUG) --> File is excluded.
(DEBUG) Check if /home/cto/zephyrproject/zephyr-course/twister-out/spinlock.h##7a9625cd30eeacafc44455d74d611b1c.gcov is included (trace)...
(DEBUG) --> File is excluded.
(DEBUG) Finding source file corresponding to a gcov data file
  gcov_fname   /home/cto/zephyrproject/zephyr-course/twister-out/spinlock.h##7a9625cd30eeacafc44455d74d611b1c.gcov
  current_dir  /home/cto/zephyrproject/zephyr-course/twister-out
  root         /home/cto/zephyrproject/zephyr-course/app/modules/ring_buf
  starting_dir /home/cto/zephyrproject/zephyr-course
  obj_dir      /home/cto/zephyrproject/zephyr-course/twister-out
  gcda_fname   native_sim_native/host_gnu/zephyr-course/tests/ring_buf/homework.unit.ring_buf/zephyr/kernel/CMakeFiles/kernel.dir/mutex.c.gcno
  --> fname    /home/cto/zephyrproject/zephyr/include/zephyr/spinlock.h
(DEBUG) Check if /home/cto/zephyrproject/zephyr/include/zephyr/spinlock.h is included (source file)...
(DEBUG) --> File is excluded.
(DEBUG) Check if /home/cto/zephyrproject/zephyr-course/twister-out/log_msg.h##59cc7ac9dd0b18efa24d51419b863a43.gcov is included (trace)...
(DEBUG) --> File is excluded.
(DEBUG) Finding source file corresponding to a gcov data file
  gcov_fname   /home/cto/zephyrproject/zephyr-course/twister-out/log_msg.h##59cc7ac9dd0b18efa24d51419b863a43.gcov
  current_dir  /home/cto/zephyrproject/zephyr-course/twister-out
  root         /home/cto/zephyrproject/zephyr-course/app/modules/ring_buf
  starting_dir /home/cto/zephyrproject/zephyr-course
  obj_dir      /home/cto/zephyrproject/zephyr-course/twister-out
  gcda_fname   native_sim_native/host_gnu/zephyr-course/tests/ring_buf/homework.unit.ring_buf/zephyr/kernel/CMakeFiles/kernel.dir/mutex.c.gcno
  --> fname    /home/cto/zephyrproject/zephyr/include/zephyr/logging/log_msg.h
(DEBUG) Check if /home/cto/zephyrproject/zephyr/include/zephyr/logging/log_msg.h is included (source file)...
(DEBUG) --> File is excluded.
(DEBUG) Check if /home/cto/zephyrproject/zephyr-course/twister-out/arch.h##cd3ec459a8a675a723e815b63d40d361.gcov is included (trace)...
(DEBUG) --> File is excluded.
(DEBUG) Finding source file corresponding to a gcov data file
  gcov_fname   /home/cto/zephyrproject/zephyr-course/twister-out/arch.h##cd3ec459a8a675a723e815b63d40d361.gcov
  current_dir  /home/cto/zephyrproject/zephyr-course/twister-out
  root         /home/cto/zephyrproject/zephyr-course/app/modules/ring_buf
  starting_dir /home/cto/zephyrproject/zephyr-course
  obj_dir      /home/cto/zephyrproject/zephyr-course/twister-out
  gcda_fname   native_sim_native/host_gnu/zephyr-course/tests/ring_buf/homework.unit.ring_buf/zephyr/kernel/CMakeFiles/kernel.dir/mutex.c.gcno
  --> fname    /home/cto/zephyrproject/zephyr/include/zephyr/arch/posix/arch.h
(DEBUG) Check if /home/cto/zephyrproject/zephyr/include/zephyr/arch/posix/arch.h is included (source file)...
(DEBUG) --> File is excluded.
(DEBUG) Check if /home/cto/zephyrproject/zephyr-course/twister-out/mutex.c##a634b02277db23f576073f9b4638248b.gcov is included (trace)...
(DEBUG)   No filter matched.
(DEBUG) --> File is excluded.
(DEBUG) Finding source file corresponding to a gcov data file
  gcov_fname   /home/cto/zephyrproject/zephyr-course/twister-out/mutex.c##a634b02277db23f576073f9b4638248b.gcov
  current_dir  /home/cto/zephyrproject/zephyr-course/twister-out
  root         /home/cto/zephyrproject/zephyr-course/app/modules/ring_buf
  starting_dir /home/cto/zephyrproject/zephyr-course
  obj_dir      /home/cto/zephyrproject/zephyr-course/twister-out
  gcda_fname   native_sim_native/host_gnu/zephyr-course/tests/ring_buf/homework.unit.ring_buf/zephyr/kernel/CMakeFiles/kernel.dir/mutex.c.gcno
  --> fname    /home/cto/zephyrproject/zephyr/kernel/mutex.c
(DEBUG) Check if /home/cto/zephyrproject/zephyr/kernel/mutex.c is included (source file)...
(DEBUG)   No filter matched.
(DEBUG) --> File is excluded.
(DEBUG) Check if /home/cto/zephyrproject/zephyr-course/twister-out/native_sim_native/host_gnu/zephyr-course/tests/ring_buf/homework.unit.ring_buf/zephyr/kernel/CMakeFiles/kernel.dir/pipe.c.gcno is included (trace)...
(DEBUG)   No filter matched.
(DEBUG) --> File is excluded.
(DEBUG) Check if /home/cto/zephyrproject/zephyr-course/twister-out/native_sim_native/host_gnu/zephyr-course/tests/ring_buf/homework.unit.ring_buf/zephyr/kernel/CMakeFiles/kernel.dir/pipe.c.gcno is included (trace)...
(DEBUG) --> File is excluded.
(DEBUG) Check if pipe.c##dc5af8192474c66446fb1a2a405c43d2.gcov is included (gcov file)...
(DEBUG)   Filter AlwaysMatchFilter() matched.
(DEBUG) --> File is included.
(DEBUG) Check if wait_q.h##ded2ae2822159b780ea75cb59b2ee9ab.gcov is included (gcov file)...
(DEBUG) --> File is included.
(DEBUG) Check if ksched.h##ed05a602fa65c69cb6663bf196ec30da.gcov is included (gcov file)...
(DEBUG) --> File is included.
(DEBUG) Check if priority_q.h##9623d6fc9d5156abfc198d9641ba6225.gcov is included (gcov file)...
(DEBUG) --> File is included.
(DEBUG) Check if kernel_internal.h##35e4e9c61ec67c362b8995093ce22c15.gcov is included (gcov file)...
(DEBUG) --> File is included.
(DEBUG) Check if kthread.h##dd2da6b097956e25ca6725b2474a3e43.gcov is included (gcov file)...
(DEBUG) --> File is included.
(DEBUG) Check if timeout_q.h##a95b2b01f7e434a2400daebfad8ed345.gcov is included (gcov file)...
(DEBUG) --> File is included.
(DEBUG) Check if kernel_arch_func.h##abfef9e7d3ad40b2d908e530356295bd.gcov is included (gcov file)...
(DEBUG) --> File is included.
(DEBUG) Check if ring_buffer.h##e79b1229ca2ab1ad45e7f7d14437a407.gcov is included (gcov file)...
(DEBUG) --> File is included.
(DEBUG) Check if kobject_internal.h##c80d72ddd75e3dc86bbda9d3af962332.gcov is included (gcov file)...
(DEBUG) --> File is included.
(DEBUG) Check if spinlock.h##7a9625cd30eeacafc44455d74d611b1c.gcov is included (gcov file)...
(DEBUG) --> File is included.
(DEBUG) Check if arch.h##cd3ec459a8a675a723e815b63d40d361.gcov is included (gcov file)...
(DEBUG) --> File is included.
(DEBUG) Check if dlist.h##433b9b986dcbf92abddbed41f2b435fa.gcov is included (gcov file)...
(DEBUG) --> File is included.
(DEBUG) Check if /home/cto/zephyrproject/zephyr-course/twister-out/dlist.h##433b9b986dcbf92abddbed41f2b435fa.gcov is included (trace)...
(DEBUG) --> File is excluded.
(DEBUG) Finding source file corresponding to a gcov data file
  gcov_fname   /home/cto/zephyrproject/zephyr-course/twister-out/dlist.h##433b9b986dcbf92abddbed41f2b435fa.gcov
  current_dir  /home/cto/zephyrproject/zephyr-course/twister-out
  root         /home/cto/zephyrproject/zephyr-course/app/modules/ring_buf
  starting_dir /home/cto/zephyrproject/zephyr-course
  obj_dir      /home/cto/zephyrproject/zephyr-course/twister-out
  gcda_fname   native_sim_native/host_gnu/zephyr-course/tests/ring_buf/homework.unit.ring_buf/zephyr/kernel/CMakeFiles/kernel.dir/pipe.c.gcno
  --> fname    /home/cto/zephyrproject/zephyr/include/zephyr/sys/dlist.h
(DEBUG) Check if /home/cto/zephyrproject/zephyr/include/zephyr/sys/dlist.h is included (source file)...
(DEBUG) --> File is excluded.
(DEBUG) Check if /home/cto/zephyrproject/zephyr-course/twister-out/pipe.c##dc5af8192474c66446fb1a2a405c43d2.gcov is included (trace)...
(DEBUG)   No filter matched.
(DEBUG) --> File is excluded.
(DEBUG) Finding source file corresponding to a gcov data file
  gcov_fname   /home/cto/zephyrproject/zephyr-course/twister-out/pipe.c##dc5af8192474c66446fb1a2a405c43d2.gcov
  current_dir  /home/cto/zephyrproject/zephyr-course/twister-out
  root         /home/cto/zephyrproject/zephyr-course/app/modules/ring_buf
  starting_dir /home/cto/zephyrproject/zephyr-course
  obj_dir      /home/cto/zephyrproject/zephyr-course/twister-out
  gcda_fname   native_sim_native/host_gnu/zephyr-course/tests/ring_buf/homework.unit.ring_buf/zephyr/kernel/CMakeFiles/kernel.dir/pipe.c.gcno
  --> fname    /home/cto/zephyrproject/zephyr/kernel/pipe.c
(DEBUG) Check if /home/cto/zephyrproject/zephyr/kernel/pipe.c is included (source file)...
(DEBUG)   No filter matched.
(DEBUG) --> File is excluded.
(DEBUG) Check if /home/cto/zephyrproject/zephyr-course/twister-out/kthread.h##dd2da6b097956e25ca6725b2474a3e43.gcov is included (trace)...
(DEBUG) --> File is excluded.
(DEBUG) Finding source file corresponding to a gcov data file
  gcov_fname   /home/cto/zephyrproject/zephyr-course/twister-out/kthread.h##dd2da6b097956e25ca6725b2474a3e43.gcov
  current_dir  /home/cto/zephyrproject/zephyr-course/twister-out
  root         /home/cto/zephyrproject/zephyr-course/app/modules/ring_buf
  starting_dir /home/cto/zephyrproject/zephyr-course
  obj_dir      /home/cto/zephyrproject/zephyr-course/twister-out
  gcda_fname   native_sim_native/host_gnu/zephyr-course/tests/ring_buf/homework.unit.ring_buf/zephyr/kernel/CMakeFiles/kernel.dir/pipe.c.gcno
  --> fname    /home/cto/zephyrproject/zephyr/kernel/include/kthread.h
(DEBUG) Check if /home/cto/zephyrproject/zephyr/kernel/include/kthread.h is included (source file)...
(DEBUG) --> File is excluded.
(DEBUG) Check if /home/cto/zephyrproject/zephyr-course/twister-out/timeout_q.h##a95b2b01f7e434a2400daebfad8ed345.gcov is included (trace)...
(DEBUG) --> File is excluded.
(DEBUG) Finding source file corresponding to a gcov data file
  gcov_fname   /home/cto/zephyrproject/zephyr-course/twister-out/timeout_q.h##a95b2b01f7e434a2400daebfad8ed345.gcov
  current_dir  /home/cto/zephyrproject/zephyr-course/twister-out
  root         /home/cto/zephyrproject/zephyr-course/app/modules/ring_buf
  starting_dir /home/cto/zephyrproject/zephyr-course
  obj_dir      /home/cto/zephyrproject/zephyr-course/twister-out
  gcda_fname   native_sim_native/host_gnu/zephyr-course/tests/ring_buf/homework.unit.ring_buf/zephyr/kernel/CMakeFiles/kernel.dir/pipe.c.gcno
  --> fname    /home/cto/zephyrproject/zephyr/kernel/include/timeout_q.h
(DEBUG) Check if /home/cto/zephyrproject/zephyr/kernel/include/timeout_q.h is included (source file)...
(DEBUG) --> File is excluded.
(DEBUG) Check if /home/cto/zephyrproject/zephyr-course/twister-out/kernel_arch_func.h##abfef9e7d3ad40b2d908e530356295bd.gcov is included (trace)...
(DEBUG) --> File is excluded.
(DEBUG) Finding source file corresponding to a gcov data file
  gcov_fname   /home/cto/zephyrproject/zephyr-course/twister-out/kernel_arch_func.h##abfef9e7d3ad40b2d908e530356295bd.gcov
  current_dir  /home/cto/zephyrproject/zephyr-course/twister-out
  root         /home/cto/zephyrproject/zephyr-course/app/modules/ring_buf
  starting_dir /home/cto/zephyrproject/zephyr-course
  obj_dir      /home/cto/zephyrproject/zephyr-course/twister-out
  gcda_fname   native_sim_native/host_gnu/zephyr-course/tests/ring_buf/homework.unit.ring_buf/zephyr/kernel/CMakeFiles/kernel.dir/pipe.c.gcno
  --> fname    /home/cto/zephyrproject/zephyr/arch/posix/include/kernel_arch_func.h
(DEBUG) Check if /home/cto/zephyrproject/zephyr/arch/posix/include/kernel_arch_func.h is included (source file)...
(DEBUG) --> File is excluded.
(DEBUG) Check if /home/cto/zephyrproject/zephyr-course/twister-out/kobject_internal.h##c80d72ddd75e3dc86bbda9d3af962332.gcov is included (trace)...
(DEBUG) --> File is excluded.
(DEBUG) Finding source file corresponding to a gcov data file
  gcov_fname   /home/cto/zephyrproject/zephyr-course/twister-out/kobject_internal.h##c80d72ddd75e3dc86bbda9d3af962332.gcov
  current_dir  /home/cto/zephyrproject/zephyr-course/twister-out
  root         /home/cto/zephyrproject/zephyr-course/app/modules/ring_buf
  starting_dir /home/cto/zephyrproject/zephyr-course
  obj_dir      /home/cto/zephyrproject/zephyr-course/twister-out
  gcda_fname   native_sim_native/host_gnu/zephyr-course/tests/ring_buf/homework.unit.ring_buf/zephyr/kernel/CMakeFiles/kernel.dir/pipe.c.gcno
  --> fname    /home/cto/zephyrproject/zephyr/include/zephyr/sys/internal/kobject_internal.h
(DEBUG) Check if /home/cto/zephyrproject/zephyr/include/zephyr/sys/internal/kobject_internal.h is included (source file)...
(DEBUG) --> File is excluded.
(DEBUG) Check if /home/cto/zephyrproject/zephyr-course/twister-out/priority_q.h##9623d6fc9d5156abfc198d9641ba6225.gcov is included (trace)...
(DEBUG) --> File is excluded.
(DEBUG) Finding source file corresponding to a gcov data file
  gcov_fname   /home/cto/zephyrproject/zephyr-course/twister-out/priority_q.h##9623d6fc9d5156abfc198d9641ba6225.gcov
  current_dir  /home/cto/zephyrproject/zephyr-course/twister-out
  root         /home/cto/zephyrproject/zephyr-course/app/modules/ring_buf
  starting_dir /home/cto/zephyrproject/zephyr-course
  obj_dir      /home/cto/zephyrproject/zephyr-course/twister-out
  gcda_fname   native_sim_native/host_gnu/zephyr-course/tests/ring_buf/homework.unit.ring_buf/zephyr/kernel/CMakeFiles/kernel.dir/pipe.c.gcno
  --> fname    /home/cto/zephyrproject/zephyr/kernel/include/priority_q.h
(DEBUG) Check if /home/cto/zephyrproject/zephyr/kernel/include/priority_q.h is included (source file)...
(DEBUG) --> File is excluded.
(DEBUG) Check if /home/cto/zephyrproject/zephyr-course/twister-out/ksched.h##ed05a602fa65c69cb6663bf196ec30da.gcov is included (trace)...
(DEBUG) --> File is excluded.
(DEBUG) Finding source file corresponding to a gcov data file
  gcov_fname   /home/cto/zephyrproject/zephyr-course/twister-out/ksched.h##ed05a602fa65c69cb6663bf196ec30da.gcov
  current_dir  /home/cto/zephyrproject/zephyr-course/twister-out
  root         /home/cto/zephyrproject/zephyr-course/app/modules/ring_buf
  starting_dir /home/cto/zephyrproject/zephyr-course
  obj_dir      /home/cto/zephyrproject/zephyr-course/twister-out
  gcda_fname   native_sim_native/host_gnu/zephyr-course/tests/ring_buf/homework.unit.ring_buf/zephyr/kernel/CMakeFiles/kernel.dir/pipe.c.gcno
  --> fname    /home/cto/zephyrproject/zephyr/kernel/include/ksched.h
(DEBUG) Check if /home/cto/zephyrproject/zephyr/kernel/include/ksched.h is included (source file)...
(DEBUG) --> File is excluded.
(DEBUG) Check if /home/cto/zephyrproject/zephyr-course/twister-out/wait_q.h##ded2ae2822159b780ea75cb59b2ee9ab.gcov is included (trace)...
(DEBUG) --> File is excluded.
(DEBUG) Finding source file corresponding to a gcov data file
  gcov_fname   /home/cto/zephyrproject/zephyr-course/twister-out/wait_q.h##ded2ae2822159b780ea75cb59b2ee9ab.gcov
  current_dir  /home/cto/zephyrproject/zephyr-course/twister-out
  root         /home/cto/zephyrproject/zephyr-course/app/modules/ring_buf
  starting_dir /home/cto/zephyrproject/zephyr-course
  obj_dir      /home/cto/zephyrproject/zephyr-course/twister-out
  gcda_fname   native_sim_native/host_gnu/zephyr-course/tests/ring_buf/homework.unit.ring_buf/zephyr/kernel/CMakeFiles/kernel.dir/pipe.c.gcno
  --> fname    /home/cto/zephyrproject/zephyr/kernel/include/wait_q.h
(DEBUG) Check if /home/cto/zephyrproject/zephyr/kernel/include/wait_q.h is included (source file)...
(DEBUG) --> File is excluded.
(DEBUG) Check if /home/cto/zephyrproject/zephyr-course/twister-out/spinlock.h##7a9625cd30eeacafc44455d74d611b1c.gcov is included (trace)...
(DEBUG) --> File is excluded.
(DEBUG) Finding source file corresponding to a gcov data file
  gcov_fname   /home/cto/zephyrproject/zephyr-course/twister-out/spinlock.h##7a9625cd30eeacafc44455d74d611b1c.gcov
  current_dir  /home/cto/zephyrproject/zephyr-course/twister-out
  root         /home/cto/zephyrproject/zephyr-course/app/modules/ring_buf
  starting_dir /home/cto/zephyrproject/zephyr-course
  obj_dir      /home/cto/zephyrproject/zephyr-course/twister-out
  gcda_fname   native_sim_native/host_gnu/zephyr-course/tests/ring_buf/homework.unit.ring_buf/zephyr/kernel/CMakeFiles/kernel.dir/pipe.c.gcno
  --> fname    /home/cto/zephyrproject/zephyr/include/zephyr/spinlock.h
(DEBUG) Check if /home/cto/zephyrproject/zephyr/include/zephyr/spinlock.h is included (source file)...
(DEBUG) --> File is excluded.
(DEBUG) Check if /home/cto/zephyrproject/zephyr-course/twister-out/arch.h##cd3ec459a8a675a723e815b63d40d361.gcov is included (trace)...
(DEBUG) --> File is excluded.
(DEBUG) Finding source file corresponding to a gcov data file
  gcov_fname   /home/cto/zephyrproject/zephyr-course/twister-out/arch.h##cd3ec459a8a675a723e815b63d40d361.gcov
  current_dir  /home/cto/zephyrproject/zephyr-course/twister-out
  root         /home/cto/zephyrproject/zephyr-course/app/modules/ring_buf
  starting_dir /home/cto/zephyrproject/zephyr-course
  obj_dir      /home/cto/zephyrproject/zephyr-course/twister-out
  gcda_fname   native_sim_native/host_gnu/zephyr-course/tests/ring_buf/homework.unit.ring_buf/zephyr/kernel/CMakeFiles/kernel.dir/pipe.c.gcno
  --> fname    /home/cto/zephyrproject/zephyr/include/zephyr/arch/posix/arch.h
(DEBUG) Check if /home/cto/zephyrproject/zephyr/include/zephyr/arch/posix/arch.h is included (source file)...
(DEBUG) --> File is excluded.
(DEBUG) Check if /home/cto/zephyrproject/zephyr-course/twister-out/ring_buffer.h##e79b1229ca2ab1ad45e7f7d14437a407.gcov is included (trace)...
(DEBUG) --> File is excluded.
(DEBUG) Finding source file corresponding to a gcov data file
  gcov_fname   /home/cto/zephyrproject/zephyr-course/twister-out/ring_buffer.h##e79b1229ca2ab1ad45e7f7d14437a407.gcov
  current_dir  /home/cto/zephyrproject/zephyr-course/twister-out
  root         /home/cto/zephyrproject/zephyr-course/app/modules/ring_buf
  starting_dir /home/cto/zephyrproject/zephyr-course
  obj_dir      /home/cto/zephyrproject/zephyr-course/twister-out
  gcda_fname   native_sim_native/host_gnu/zephyr-course/tests/ring_buf/homework.unit.ring_buf/zephyr/kernel/CMakeFiles/kernel.dir/pipe.c.gcno
  --> fname    /home/cto/zephyrproject/zephyr/include/zephyr/sys/ring_buffer.h
(DEBUG) Check if /home/cto/zephyrproject/zephyr/include/zephyr/sys/ring_buffer.h is included (source file)...
(DEBUG) --> File is excluded.
(DEBUG) Check if /home/cto/zephyrproject/zephyr-course/twister-out/kernel_internal.h##35e4e9c61ec67c362b8995093ce22c15.gcov is included (trace)...
(DEBUG) --> File is excluded.
(DEBUG) Finding source file corresponding to a gcov data file
  gcov_fname   /home/cto/zephyrproject/zephyr-course/twister-out/kernel_internal.h##35e4e9c61ec67c362b8995093ce22c15.gcov
  current_dir  /home/cto/zephyrproject/zephyr-course/twister-out
  root         /home/cto/zephyrproject/zephyr-course/app/modules/ring_buf
  starting_dir /home/cto/zephyrproject/zephyr-course
  obj_dir      /home/cto/zephyrproject/zephyr-course/twister-out
  gcda_fname   native_sim_native/host_gnu/zephyr-course/tests/ring_buf/homework.unit.ring_buf/zephyr/kernel/CMakeFiles/kernel.dir/pipe.c.gcno
  --> fname    /home/cto/zephyrproject/zephyr/kernel/include/kernel_internal.h
(DEBUG) Check if /home/cto/zephyrproject/zephyr/kernel/include/kernel_internal.h is included (source file)...
(DEBUG) --> File is excluded.
(DEBUG) Check if /home/cto/zephyrproject/zephyr-course/twister-out/native_sim_native/host_gnu/zephyr-course/tests/ring_buf/homework.unit.ring_buf/zephyr/kernel/CMakeFiles/kernel.dir/queue.c.gcno is included (trace)...
(DEBUG)   No filter matched.
(DEBUG) --> File is excluded.
(DEBUG) Check if /home/cto/zephyrproject/zephyr-course/twister-out/native_sim_native/host_gnu/zephyr-course/tests/ring_buf/homework.unit.ring_buf/zephyr/kernel/CMakeFiles/kernel.dir/queue.c.gcno is included (trace)...
(DEBUG) --> File is excluded.
(DEBUG) Check if queue.c##f1f35ad4f44b65c92f896452212c9be6.gcov is included (gcov file)...
(DEBUG)   Filter AlwaysMatchFilter() matched.
(DEBUG) --> File is included.
(DEBUG) Check if ksched.h##ed05a602fa65c69cb6663bf196ec30da.gcov is included (gcov file)...
(DEBUG) --> File is included.
(DEBUG) Check if kernel_internal.h##35e4e9c61ec67c362b8995093ce22c15.gcov is included (gcov file)...
(DEBUG) --> File is included.
(DEBUG) Check if kthread.h##dd2da6b097956e25ca6725b2474a3e43.gcov is included (gcov file)...
(DEBUG) --> File is included.
(DEBUG) Check if kernel_arch_func.h##abfef9e7d3ad40b2d908e530356295bd.gcov is included (gcov file)...
(DEBUG) --> File is included.
(DEBUG) Check if wait_q.h##ded2ae2822159b780ea75cb59b2ee9ab.gcov is included (gcov file)...
(DEBUG) --> File is included.
(DEBUG) Check if priority_q.h##9623d6fc9d5156abfc198d9641ba6225.gcov is included (gcov file)...
(DEBUG) --> File is included.
(DEBUG) Check if timeout_q.h##a95b2b01f7e434a2400daebfad8ed345.gcov is included (gcov file)...
(DEBUG) --> File is included.
(DEBUG) Check if kobject_internal.h##c80d72ddd75e3dc86bbda9d3af962332.gcov is included (gcov file)...
(DEBUG) --> File is included.
(DEBUG) Check if spinlock.h##7a9625cd30eeacafc44455d74d611b1c.gcov is included (gcov file)...
(DEBUG) --> File is included.
(DEBUG) Check if arch.h##cd3ec459a8a675a723e815b63d40d361.gcov is included (gcov file)...
(DEBUG) --> File is included.
(DEBUG) Check if sflist.h##e7158f8155eca097ad81a4c617ee4a9d.gcov is included (gcov file)...
(DEBUG)   Filter AlwaysMatchFilter() matched.
(DEBUG) --> File is included.
(DEBUG) Check if slist.h##7b95aa3c0698bfea51ac3ed14efb4063.gcov is included (gcov file)...
(DEBUG) --> File is included.
(DEBUG) Check if dlist.h##433b9b986dcbf92abddbed41f2b435fa.gcov is included (gcov file)...
(DEBUG) --> File is included.
(DEBUG) Check if /home/cto/zephyrproject/zephyr-course/twister-out/dlist.h##433b9b986dcbf92abddbed41f2b435fa.gcov is included (trace)...
(DEBUG) --> File is excluded.
(DEBUG) Finding source file corresponding to a gcov data file
  gcov_fname   /home/cto/zephyrproject/zephyr-course/twister-out/dlist.h##433b9b986dcbf92abddbed41f2b435fa.gcov
  current_dir  /home/cto/zephyrproject/zephyr-course/twister-out
  root         /home/cto/zephyrproject/zephyr-course/app/modules/ring_buf
  starting_dir /home/cto/zephyrproject/zephyr-course
  obj_dir      /home/cto/zephyrproject/zephyr-course/twister-out
  gcda_fname   native_sim_native/host_gnu/zephyr-course/tests/ring_buf/homework.unit.ring_buf/zephyr/kernel/CMakeFiles/kernel.dir/queue.c.gcno
  --> fname    /home/cto/zephyrproject/zephyr/include/zephyr/sys/dlist.h
(DEBUG) Check if /home/cto/zephyrproject/zephyr/include/zephyr/sys/dlist.h is included (source file)...
(DEBUG) --> File is excluded.
(DEBUG) Check if /home/cto/zephyrproject/zephyr-course/twister-out/timeout_q.h##a95b2b01f7e434a2400daebfad8ed345.gcov is included (trace)...
(DEBUG) --> File is excluded.
(DEBUG) Finding source file corresponding to a gcov data file
  gcov_fname   /home/cto/zephyrproject/zephyr-course/twister-out/timeout_q.h##a95b2b01f7e434a2400daebfad8ed345.gcov
  current_dir  /home/cto/zephyrproject/zephyr-course/twister-out
  root         /home/cto/zephyrproject/zephyr-course/app/modules/ring_buf
  starting_dir /home/cto/zephyrproject/zephyr-course
  obj_dir      /home/cto/zephyrproject/zephyr-course/twister-out
  gcda_fname   native_sim_native/host_gnu/zephyr-course/tests/ring_buf/homework.unit.ring_buf/zephyr/kernel/CMakeFiles/kernel.dir/queue.c.gcno
  --> fname    /home/cto/zephyrproject/zephyr/kernel/include/timeout_q.h
(DEBUG) Check if /home/cto/zephyrproject/zephyr/kernel/include/timeout_q.h is included (source file)...
(DEBUG) --> File is excluded.
(DEBUG) Check if /home/cto/zephyrproject/zephyr-course/twister-out/kthread.h##dd2da6b097956e25ca6725b2474a3e43.gcov is included (trace)...
(DEBUG) --> File is excluded.
(DEBUG) Finding source file corresponding to a gcov data file
  gcov_fname   /home/cto/zephyrproject/zephyr-course/twister-out/kthread.h##dd2da6b097956e25ca6725b2474a3e43.gcov
  current_dir  /home/cto/zephyrproject/zephyr-course/twister-out
  root         /home/cto/zephyrproject/zephyr-course/app/modules/ring_buf
  starting_dir /home/cto/zephyrproject/zephyr-course
  obj_dir      /home/cto/zephyrproject/zephyr-course/twister-out
  gcda_fname   native_sim_native/host_gnu/zephyr-course/tests/ring_buf/homework.unit.ring_buf/zephyr/kernel/CMakeFiles/kernel.dir/queue.c.gcno
  --> fname    /home/cto/zephyrproject/zephyr/kernel/include/kthread.h
(DEBUG) Check if /home/cto/zephyrproject/zephyr/kernel/include/kthread.h is included (source file)...
(DEBUG) --> File is excluded.
(DEBUG) Check if /home/cto/zephyrproject/zephyr-course/twister-out/kobject_internal.h##c80d72ddd75e3dc86bbda9d3af962332.gcov is included (trace)...
(DEBUG) --> File is excluded.
(DEBUG) Finding source file corresponding to a gcov data file
  gcov_fname   /home/cto/zephyrproject/zephyr-course/twister-out/kobject_internal.h##c80d72ddd75e3dc86bbda9d3af962332.gcov
  current_dir  /home/cto/zephyrproject/zephyr-course/twister-out
  root         /home/cto/zephyrproject/zephyr-course/app/modules/ring_buf
  starting_dir /home/cto/zephyrproject/zephyr-course
  obj_dir      /home/cto/zephyrproject/zephyr-course/twister-out
  gcda_fname   native_sim_native/host_gnu/zephyr-course/tests/ring_buf/homework.unit.ring_buf/zephyr/kernel/CMakeFiles/kernel.dir/queue.c.gcno
  --> fname    /home/cto/zephyrproject/zephyr/include/zephyr/sys/internal/kobject_internal.h
(DEBUG) Check if /home/cto/zephyrproject/zephyr/include/zephyr/sys/internal/kobject_internal.h is included (source file)...
(DEBUG) --> File is excluded.
(DEBUG) Check if /home/cto/zephyrproject/zephyr-course/twister-out/queue.c##f1f35ad4f44b65c92f896452212c9be6.gcov is included (trace)...
(DEBUG)   No filter matched.
(DEBUG) --> File is excluded.
(DEBUG) Finding source file corresponding to a gcov data file
  gcov_fname   /home/cto/zephyrproject/zephyr-course/twister-out/queue.c##f1f35ad4f44b65c92f896452212c9be6.gcov
  current_dir  /home/cto/zephyrproject/zephyr-course/twister-out
  root         /home/cto/zephyrproject/zephyr-course/app/modules/ring_buf
  starting_dir /home/cto/zephyrproject/zephyr-course
  obj_dir      /home/cto/zephyrproject/zephyr-course/twister-out
  gcda_fname   native_sim_native/host_gnu/zephyr-course/tests/ring_buf/homework.unit.ring_buf/zephyr/kernel/CMakeFiles/kernel.dir/queue.c.gcno
  --> fname    /home/cto/zephyrproject/zephyr/kernel/queue.c
(DEBUG) Check if /home/cto/zephyrproject/zephyr/kernel/queue.c is included (source file)...
(DEBUG)   No filter matched.
(DEBUG) --> File is excluded.
(DEBUG) Check if /home/cto/zephyrproject/zephyr-course/twister-out/kernel_arch_func.h##abfef9e7d3ad40b2d908e530356295bd.gcov is included (trace)...
(DEBUG) --> File is excluded.
(DEBUG) Finding source file corresponding to a gcov data file
  gcov_fname   /home/cto/zephyrproject/zephyr-course/twister-out/kernel_arch_func.h##abfef9e7d3ad40b2d908e530356295bd.gcov
  current_dir  /home/cto/zephyrproject/zephyr-course/twister-out
  root         /home/cto/zephyrproject/zephyr-course/app/modules/ring_buf
  starting_dir /home/cto/zephyrproject/zephyr-course
  obj_dir      /home/cto/zephyrproject/zephyr-course/twister-out
  gcda_fname   native_sim_native/host_gnu/zephyr-course/tests/ring_buf/homework.unit.ring_buf/zephyr/kernel/CMakeFiles/kernel.dir/queue.c.gcno
  --> fname    /home/cto/zephyrproject/zephyr/arch/posix/include/kernel_arch_func.h
(DEBUG) Check if /home/cto/zephyrproject/zephyr/arch/posix/include/kernel_arch_func.h is included (source file)...
(DEBUG) --> File is excluded.
(DEBUG) Check if /home/cto/zephyrproject/zephyr-course/twister-out/priority_q.h##9623d6fc9d5156abfc198d9641ba6225.gcov is included (trace)...
(DEBUG) --> File is excluded.
(DEBUG) Finding source file corresponding to a gcov data file
  gcov_fname   /home/cto/zephyrproject/zephyr-course/twister-out/priority_q.h##9623d6fc9d5156abfc198d9641ba6225.gcov
  current_dir  /home/cto/zephyrproject/zephyr-course/twister-out
  root         /home/cto/zephyrproject/zephyr-course/app/modules/ring_buf
  starting_dir /home/cto/zephyrproject/zephyr-course
  obj_dir      /home/cto/zephyrproject/zephyr-course/twister-out
  gcda_fname   native_sim_native/host_gnu/zephyr-course/tests/ring_buf/homework.unit.ring_buf/zephyr/kernel/CMakeFiles/kernel.dir/queue.c.gcno
  --> fname    /home/cto/zephyrproject/zephyr/kernel/include/priority_q.h
(DEBUG) Check if /home/cto/zephyrproject/zephyr/kernel/include/priority_q.h is included (source file)...
(DEBUG) --> File is excluded.
(DEBUG) Check if /home/cto/zephyrproject/zephyr-course/twister-out/ksched.h##ed05a602fa65c69cb6663bf196ec30da.gcov is included (trace)...
(DEBUG) --> File is excluded.
(DEBUG) Finding source file corresponding to a gcov data file
  gcov_fname   /home/cto/zephyrproject/zephyr-course/twister-out/ksched.h##ed05a602fa65c69cb6663bf196ec30da.gcov
  current_dir  /home/cto/zephyrproject/zephyr-course/twister-out
  root         /home/cto/zephyrproject/zephyr-course/app/modules/ring_buf
  starting_dir /home/cto/zephyrproject/zephyr-course
  obj_dir      /home/cto/zephyrproject/zephyr-course/twister-out
  gcda_fname   native_sim_native/host_gnu/zephyr-course/tests/ring_buf/homework.unit.ring_buf/zephyr/kernel/CMakeFiles/kernel.dir/queue.c.gcno
  --> fname    /home/cto/zephyrproject/zephyr/kernel/include/ksched.h
(DEBUG) Check if /home/cto/zephyrproject/zephyr/kernel/include/ksched.h is included (source file)...
(DEBUG) --> File is excluded.
(DEBUG) Check if /home/cto/zephyrproject/zephyr-course/twister-out/sflist.h##e7158f8155eca097ad81a4c617ee4a9d.gcov is included (trace)...
(DEBUG)   No filter matched.
(DEBUG) --> File is excluded.
(DEBUG) Finding source file corresponding to a gcov data file
  gcov_fname   /home/cto/zephyrproject/zephyr-course/twister-out/sflist.h##e7158f8155eca097ad81a4c617ee4a9d.gcov
  current_dir  /home/cto/zephyrproject/zephyr-course/twister-out
  root         /home/cto/zephyrproject/zephyr-course/app/modules/ring_buf
  starting_dir /home/cto/zephyrproject/zephyr-course
  obj_dir      /home/cto/zephyrproject/zephyr-course/twister-out
  gcda_fname   native_sim_native/host_gnu/zephyr-course/tests/ring_buf/homework.unit.ring_buf/zephyr/kernel/CMakeFiles/kernel.dir/queue.c.gcno
  --> fname    /home/cto/zephyrproject/zephyr/include/zephyr/sys/sflist.h
(DEBUG) Check if /home/cto/zephyrproject/zephyr/include/zephyr/sys/sflist.h is included (source file)...
(DEBUG)   No filter matched.
(DEBUG) --> File is excluded.
(DEBUG) Check if /home/cto/zephyrproject/zephyr-course/twister-out/wait_q.h##ded2ae2822159b780ea75cb59b2ee9ab.gcov is included (trace)...
(DEBUG) --> File is excluded.
(DEBUG) Finding source file corresponding to a gcov data file
  gcov_fname   /home/cto/zephyrproject/zephyr-course/twister-out/wait_q.h##ded2ae2822159b780ea75cb59b2ee9ab.gcov
  current_dir  /home/cto/zephyrproject/zephyr-course/twister-out
  root         /home/cto/zephyrproject/zephyr-course/app/modules/ring_buf
  starting_dir /home/cto/zephyrproject/zephyr-course
  obj_dir      /home/cto/zephyrproject/zephyr-course/twister-out
  gcda_fname   native_sim_native/host_gnu/zephyr-course/tests/ring_buf/homework.unit.ring_buf/zephyr/kernel/CMakeFiles/kernel.dir/queue.c.gcno
  --> fname    /home/cto/zephyrproject/zephyr/kernel/include/wait_q.h
(DEBUG) Check if /home/cto/zephyrproject/zephyr/kernel/include/wait_q.h is included (source file)...
(DEBUG) --> File is excluded.
(DEBUG) Check if /home/cto/zephyrproject/zephyr-course/twister-out/spinlock.h##7a9625cd30eeacafc44455d74d611b1c.gcov is included (trace)...
(DEBUG) --> File is excluded.
(DEBUG) Finding source file corresponding to a gcov data file
  gcov_fname   /home/cto/zephyrproject/zephyr-course/twister-out/spinlock.h##7a9625cd30eeacafc44455d74d611b1c.gcov
  current_dir  /home/cto/zephyrproject/zephyr-course/twister-out
  root         /home/cto/zephyrproject/zephyr-course/app/modules/ring_buf
  starting_dir /home/cto/zephyrproject/zephyr-course
  obj_dir      /home/cto/zephyrproject/zephyr-course/twister-out
  gcda_fname   native_sim_native/host_gnu/zephyr-course/tests/ring_buf/homework.unit.ring_buf/zephyr/kernel/CMakeFiles/kernel.dir/queue.c.gcno
  --> fname    /home/cto/zephyrproject/zephyr/include/zephyr/spinlock.h
(DEBUG) Check if /home/cto/zephyrproject/zephyr/include/zephyr/spinlock.h is included (source file)...
(DEBUG) --> File is excluded.
(DEBUG) Check if /home/cto/zephyrproject/zephyr-course/twister-out/slist.h##7b95aa3c0698bfea51ac3ed14efb4063.gcov is included (trace)...
(DEBUG) --> File is excluded.
(DEBUG) Finding source file corresponding to a gcov data file
  gcov_fname   /home/cto/zephyrproject/zephyr-course/twister-out/slist.h##7b95aa3c0698bfea51ac3ed14efb4063.gcov
  current_dir  /home/cto/zephyrproject/zephyr-course/twister-out
  root         /home/cto/zephyrproject/zephyr-course/app/modules/ring_buf
  starting_dir /home/cto/zephyrproject/zephyr-course
  obj_dir      /home/cto/zephyrproject/zephyr-course/twister-out
  gcda_fname   native_sim_native/host_gnu/zephyr-course/tests/ring_buf/homework.unit.ring_buf/zephyr/kernel/CMakeFiles/kernel.dir/queue.c.gcno
  --> fname    /home/cto/zephyrproject/zephyr/include/zephyr/sys/slist.h
(DEBUG) Check if /home/cto/zephyrproject/zephyr/include/zephyr/sys/slist.h is included (source file)...
(DEBUG) --> File is excluded.
(DEBUG) Check if /home/cto/zephyrproject/zephyr-course/twister-out/arch.h##cd3ec459a8a675a723e815b63d40d361.gcov is included (trace)...
(DEBUG) --> File is excluded.
(DEBUG) Finding source file corresponding to a gcov data file
  gcov_fname   /home/cto/zephyrproject/zephyr-course/twister-out/arch.h##cd3ec459a8a675a723e815b63d40d361.gcov
  current_dir  /home/cto/zephyrproject/zephyr-course/twister-out
  root         /home/cto/zephyrproject/zephyr-course/app/modules/ring_buf
  starting_dir /home/cto/zephyrproject/zephyr-course
  obj_dir      /home/cto/zephyrproject/zephyr-course/twister-out
  gcda_fname   native_sim_native/host_gnu/zephyr-course/tests/ring_buf/homework.unit.ring_buf/zephyr/kernel/CMakeFiles/kernel.dir/queue.c.gcno
  --> fname    /home/cto/zephyrproject/zephyr/include/zephyr/arch/posix/arch.h
(DEBUG) Check if /home/cto/zephyrproject/zephyr/include/zephyr/arch/posix/arch.h is included (source file)...
(DEBUG) --> File is excluded.
(DEBUG) Check if /home/cto/zephyrproject/zephyr-course/twister-out/kernel_internal.h##35e4e9c61ec67c362b8995093ce22c15.gcov is included (trace)...
(DEBUG) --> File is excluded.
(DEBUG) Finding source file corresponding to a gcov data file
  gcov_fname   /home/cto/zephyrproject/zephyr-course/twister-out/kernel_internal.h##35e4e9c61ec67c362b8995093ce22c15.gcov
  current_dir  /home/cto/zephyrproject/zephyr-course/twister-out
  root         /home/cto/zephyrproject/zephyr-course/app/modules/ring_buf
  starting_dir /home/cto/zephyrproject/zephyr-course
  obj_dir      /home/cto/zephyrproject/zephyr-course/twister-out
  gcda_fname   native_sim_native/host_gnu/zephyr-course/tests/ring_buf/homework.unit.ring_buf/zephyr/kernel/CMakeFiles/kernel.dir/queue.c.gcno
  --> fname    /home/cto/zephyrproject/zephyr/kernel/include/kernel_internal.h
(DEBUG) Check if /home/cto/zephyrproject/zephyr/kernel/include/kernel_internal.h is included (source file)...
(DEBUG) --> File is excluded.
(DEBUG) Check if /home/cto/zephyrproject/zephyr-course/twister-out/native_sim_native/host_gnu/zephyr-course/tests/ring_buf/homework.unit.ring_buf/zephyr/kernel/CMakeFiles/kernel.dir/sched.c.gcda is included (trace)...
(DEBUG)   No filter matched.
(DEBUG) --> File is excluded.
(DEBUG) Check if /home/cto/zephyrproject/zephyr-course/twister-out/native_sim_native/host_gnu/zephyr-course/tests/ring_buf/homework.unit.ring_buf/zephyr/kernel/CMakeFiles/kernel.dir/sched.c.gcda is included (trace)...
(DEBUG) --> File is excluded.
(DEBUG) Check if sched.c##ee11f340477926bd5f3127df451cd74f.gcov is included (gcov file)...
(DEBUG)   Filter AlwaysMatchFilter() matched.
(DEBUG) --> File is included.
(DEBUG) Check if log_msg.h##59cc7ac9dd0b18efa24d51419b863a43.gcov is included (gcov file)...
(DEBUG) --> File is included.
(DEBUG) Check if kswap.h##5ea47f75ed4ca178f401838b12636485.gcov is included (gcov file)...
(DEBUG) --> File is included.
(DEBUG) Check if wait_q.h##ded2ae2822159b780ea75cb59b2ee9ab.gcov is included (gcov file)...
(DEBUG) --> File is included.
(DEBUG) Check if ksched.h##ed05a602fa65c69cb6663bf196ec30da.gcov is included (gcov file)...
(DEBUG) --> File is included.
(DEBUG) Check if priority_q.h##9623d6fc9d5156abfc198d9641ba6225.gcov is included (gcov file)...
(DEBUG) --> File is included.
(DEBUG) Check if kernel_internal.h##35e4e9c61ec67c362b8995093ce22c15.gcov is included (gcov file)...
(DEBUG) --> File is included.
(DEBUG) Check if kthread.h##dd2da6b097956e25ca6725b2474a3e43.gcov is included (gcov file)...
(DEBUG) --> File is included.
(DEBUG) Check if timeout_q.h##a95b2b01f7e434a2400daebfad8ed345.gcov is included (gcov file)...
(DEBUG) --> File is included.
(DEBUG) Check if kernel_arch_func.h##abfef9e7d3ad40b2d908e530356295bd.gcov is included (gcov file)...
(DEBUG) --> File is included.
(DEBUG) Check if kernel.h##a43b07f35530a2575a8767c959abd1d5.gcov is included (gcov file)...
(DEBUG) --> File is included.
(DEBUG) Check if kernel.h##3d600634decb40355467717e98cbaefe.gcov is included (gcov file)...
(DEBUG) --> File is included.
(DEBUG) Check if spinlock.h##7a9625cd30eeacafc44455d74d611b1c.gcov is included (gcov file)...
(DEBUG) --> File is included.
(DEBUG) Check if arch.h##cd3ec459a8a675a723e815b63d40d361.gcov is included (gcov file)...
(DEBUG) --> File is included.
(DEBUG) Check if syscall.h##6ebecfa30a736fd9ba1c825de8f2f8af.gcov is included (gcov file)...
(DEBUG) --> File is included.
(DEBUG) Check if dlist.h##433b9b986dcbf92abddbed41f2b435fa.gcov is included (gcov file)...
(DEBUG) --> File is included.
(DEBUG) Check if /home/cto/zephyrproject/zephyr-course/twister-out/dlist.h##433b9b986dcbf92abddbed41f2b435fa.gcov is included (trace)...
(DEBUG) --> File is excluded.
(DEBUG) Finding source file corresponding to a gcov data file
  gcov_fname   /home/cto/zephyrproject/zephyr-course/twister-out/dlist.h##433b9b986dcbf92abddbed41f2b435fa.gcov
  current_dir  /home/cto/zephyrproject/zephyr-course/twister-out
  root         /home/cto/zephyrproject/zephyr-course/app/modules/ring_buf
  starting_dir /home/cto/zephyrproject/zephyr-course
  obj_dir      /home/cto/zephyrproject/zephyr-course/twister-out
  gcda_fname   native_sim_native/host_gnu/zephyr-course/tests/ring_buf/homework.unit.ring_buf/zephyr/kernel/CMakeFiles/kernel.dir/sched.c.gcda
  --> fname    /home/cto/zephyrproject/zephyr/include/zephyr/sys/dlist.h
(DEBUG) Check if /home/cto/zephyrproject/zephyr/include/zephyr/sys/dlist.h is included (source file)...
(DEBUG) --> File is excluded.
(DEBUG) Check if /home/cto/zephyrproject/zephyr-course/twister-out/syscall.h##6ebecfa30a736fd9ba1c825de8f2f8af.gcov is included (trace)...
(DEBUG) --> File is excluded.
(DEBUG) Finding source file corresponding to a gcov data file
  gcov_fname   /home/cto/zephyrproject/zephyr-course/twister-out/syscall.h##6ebecfa30a736fd9ba1c825de8f2f8af.gcov
  current_dir  /home/cto/zephyrproject/zephyr-course/twister-out
  root         /home/cto/zephyrproject/zephyr-course/app/modules/ring_buf
  starting_dir /home/cto/zephyrproject/zephyr-course
  obj_dir      /home/cto/zephyrproject/zephyr-course/twister-out
  gcda_fname   native_sim_native/host_gnu/zephyr-course/tests/ring_buf/homework.unit.ring_buf/zephyr/kernel/CMakeFiles/kernel.dir/sched.c.gcda
  --> fname    /home/cto/zephyrproject/zephyr/include/zephyr/syscall.h
(DEBUG) Check if /home/cto/zephyrproject/zephyr/include/zephyr/syscall.h is included (source file)...
(DEBUG) --> File is excluded.
(DEBUG) Check if /home/cto/zephyrproject/zephyr-course/twister-out/timeout_q.h##a95b2b01f7e434a2400daebfad8ed345.gcov is included (trace)...
(DEBUG) --> File is excluded.
(DEBUG) Finding source file corresponding to a gcov data file
  gcov_fname   /home/cto/zephyrproject/zephyr-course/twister-out/timeout_q.h##a95b2b01f7e434a2400daebfad8ed345.gcov
  current_dir  /home/cto/zephyrproject/zephyr-course/twister-out
  root         /home/cto/zephyrproject/zephyr-course/app/modules/ring_buf
  starting_dir /home/cto/zephyrproject/zephyr-course
  obj_dir      /home/cto/zephyrproject/zephyr-course/twister-out
  gcda_fname   native_sim_native/host_gnu/zephyr-course/tests/ring_buf/homework.unit.ring_buf/zephyr/kernel/CMakeFiles/kernel.dir/sched.c.gcda
  --> fname    /home/cto/zephyrproject/zephyr/kernel/include/timeout_q.h
(DEBUG) Check if /home/cto/zephyrproject/zephyr/kernel/include/timeout_q.h is included (source file)...
(DEBUG) --> File is excluded.
(DEBUG) Check if /home/cto/zephyrproject/zephyr-course/twister-out/kthread.h##dd2da6b097956e25ca6725b2474a3e43.gcov is included (trace)...
(DEBUG) --> File is excluded.
(DEBUG) Finding source file corresponding to a gcov data file
  gcov_fname   /home/cto/zephyrproject/zephyr-course/twister-out/kthread.h##dd2da6b097956e25ca6725b2474a3e43.gcov
  current_dir  /home/cto/zephyrproject/zephyr-course/twister-out
  root         /home/cto/zephyrproject/zephyr-course/app/modules/ring_buf
  starting_dir /home/cto/zephyrproject/zephyr-course
  obj_dir      /home/cto/zephyrproject/zephyr-course/twister-out
  gcda_fname   native_sim_native/host_gnu/zephyr-course/tests/ring_buf/homework.unit.ring_buf/zephyr/kernel/CMakeFiles/kernel.dir/sched.c.gcda
  --> fname    /home/cto/zephyrproject/zephyr/kernel/include/kthread.h
(DEBUG) Check if /home/cto/zephyrproject/zephyr/kernel/include/kthread.h is included (source file)...
(DEBUG) --> File is excluded.
(DEBUG) Check if /home/cto/zephyrproject/zephyr-course/twister-out/kernel_arch_func.h##abfef9e7d3ad40b2d908e530356295bd.gcov is included (trace)...
(DEBUG) --> File is excluded.
(DEBUG) Finding source file corresponding to a gcov data file
  gcov_fname   /home/cto/zephyrproject/zephyr-course/twister-out/kernel_arch_func.h##abfef9e7d3ad40b2d908e530356295bd.gcov
  current_dir  /home/cto/zephyrproject/zephyr-course/twister-out
  root         /home/cto/zephyrproject/zephyr-course/app/modules/ring_buf
  starting_dir /home/cto/zephyrproject/zephyr-course
  obj_dir      /home/cto/zephyrproject/zephyr-course/twister-out
  gcda_fname   native_sim_native/host_gnu/zephyr-course/tests/ring_buf/homework.unit.ring_buf/zephyr/kernel/CMakeFiles/kernel.dir/sched.c.gcda
  --> fname    /home/cto/zephyrproject/zephyr/arch/posix/include/kernel_arch_func.h
(DEBUG) Check if /home/cto/zephyrproject/zephyr/arch/posix/include/kernel_arch_func.h is included (source file)...
(DEBUG) --> File is excluded.
(DEBUG) Check if /home/cto/zephyrproject/zephyr-course/twister-out/sched.c##ee11f340477926bd5f3127df451cd74f.gcov is included (trace)...
(DEBUG)   No filter matched.
(DEBUG) --> File is excluded.
(DEBUG) Finding source file corresponding to a gcov data file
  gcov_fname   /home/cto/zephyrproject/zephyr-course/twister-out/sched.c##ee11f340477926bd5f3127df451cd74f.gcov
  current_dir  /home/cto/zephyrproject/zephyr-course/twister-out
  root         /home/cto/zephyrproject/zephyr-course/app/modules/ring_buf
  starting_dir /home/cto/zephyrproject/zephyr-course
  obj_dir      /home/cto/zephyrproject/zephyr-course/twister-out
  gcda_fname   native_sim_native/host_gnu/zephyr-course/tests/ring_buf/homework.unit.ring_buf/zephyr/kernel/CMakeFiles/kernel.dir/sched.c.gcda
  --> fname    /home/cto/zephyrproject/zephyr/kernel/sched.c
(DEBUG) Check if /home/cto/zephyrproject/zephyr/kernel/sched.c is included (source file)...
(DEBUG)   No filter matched.
(DEBUG) --> File is excluded.
(DEBUG) Check if /home/cto/zephyrproject/zephyr-course/twister-out/priority_q.h##9623d6fc9d5156abfc198d9641ba6225.gcov is included (trace)...
(DEBUG) --> File is excluded.
(DEBUG) Finding source file corresponding to a gcov data file
  gcov_fname   /home/cto/zephyrproject/zephyr-course/twister-out/priority_q.h##9623d6fc9d5156abfc198d9641ba6225.gcov
  current_dir  /home/cto/zephyrproject/zephyr-course/twister-out
  root         /home/cto/zephyrproject/zephyr-course/app/modules/ring_buf
  starting_dir /home/cto/zephyrproject/zephyr-course
  obj_dir      /home/cto/zephyrproject/zephyr-course/twister-out
  gcda_fname   native_sim_native/host_gnu/zephyr-course/tests/ring_buf/homework.unit.ring_buf/zephyr/kernel/CMakeFiles/kernel.dir/sched.c.gcda
  --> fname    /home/cto/zephyrproject/zephyr/kernel/include/priority_q.h
(DEBUG) Check if /home/cto/zephyrproject/zephyr/kernel/include/priority_q.h is included (source file)...
(DEBUG) --> File is excluded.
(DEBUG) Check if /home/cto/zephyrproject/zephyr-course/twister-out/ksched.h##ed05a602fa65c69cb6663bf196ec30da.gcov is included (trace)...
(DEBUG) --> File is excluded.
(DEBUG) Finding source file corresponding to a gcov data file
  gcov_fname   /home/cto/zephyrproject/zephyr-course/twister-out/ksched.h##ed05a602fa65c69cb6663bf196ec30da.gcov
  current_dir  /home/cto/zephyrproject/zephyr-course/twister-out
  root         /home/cto/zephyrproject/zephyr-course/app/modules/ring_buf
  starting_dir /home/cto/zephyrproject/zephyr-course
  obj_dir      /home/cto/zephyrproject/zephyr-course/twister-out
  gcda_fname   native_sim_native/host_gnu/zephyr-course/tests/ring_buf/homework.unit.ring_buf/zephyr/kernel/CMakeFiles/kernel.dir/sched.c.gcda
  --> fname    /home/cto/zephyrproject/zephyr/kernel/include/ksched.h
(DEBUG) Check if /home/cto/zephyrproject/zephyr/kernel/include/ksched.h is included (source file)...
(DEBUG) --> File is excluded.
(DEBUG) Check if /home/cto/zephyrproject/zephyr-course/twister-out/wait_q.h##ded2ae2822159b780ea75cb59b2ee9ab.gcov is included (trace)...
(DEBUG) --> File is excluded.
(DEBUG) Finding source file corresponding to a gcov data file
  gcov_fname   /home/cto/zephyrproject/zephyr-course/twister-out/wait_q.h##ded2ae2822159b780ea75cb59b2ee9ab.gcov
  current_dir  /home/cto/zephyrproject/zephyr-course/twister-out
  root         /home/cto/zephyrproject/zephyr-course/app/modules/ring_buf
  starting_dir /home/cto/zephyrproject/zephyr-course
  obj_dir      /home/cto/zephyrproject/zephyr-course/twister-out
  gcda_fname   native_sim_native/host_gnu/zephyr-course/tests/ring_buf/homework.unit.ring_buf/zephyr/kernel/CMakeFiles/kernel.dir/sched.c.gcda
  --> fname    /home/cto/zephyrproject/zephyr/kernel/include/wait_q.h
(DEBUG) Check if /home/cto/zephyrproject/zephyr/kernel/include/wait_q.h is included (source file)...
(DEBUG) --> File is excluded.
(DEBUG) Check if /home/cto/zephyrproject/zephyr-course/twister-out/spinlock.h##7a9625cd30eeacafc44455d74d611b1c.gcov is included (trace)...
(DEBUG) --> File is excluded.
(DEBUG) Finding source file corresponding to a gcov data file
  gcov_fname   /home/cto/zephyrproject/zephyr-course/twister-out/spinlock.h##7a9625cd30eeacafc44455d74d611b1c.gcov
  current_dir  /home/cto/zephyrproject/zephyr-course/twister-out
  root         /home/cto/zephyrproject/zephyr-course/app/modules/ring_buf
  starting_dir /home/cto/zephyrproject/zephyr-course
  obj_dir      /home/cto/zephyrproject/zephyr-course/twister-out
  gcda_fname   native_sim_native/host_gnu/zephyr-course/tests/ring_buf/homework.unit.ring_buf/zephyr/kernel/CMakeFiles/kernel.dir/sched.c.gcda
  --> fname    /home/cto/zephyrproject/zephyr/include/zephyr/spinlock.h
(DEBUG) Check if /home/cto/zephyrproject/zephyr/include/zephyr/spinlock.h is included (source file)...
(DEBUG) --> File is excluded.
(DEBUG) Check if /home/cto/zephyrproject/zephyr-course/twister-out/log_msg.h##59cc7ac9dd0b18efa24d51419b863a43.gcov is included (trace)...
(DEBUG) --> File is excluded.
(DEBUG) Finding source file corresponding to a gcov data file
  gcov_fname   /home/cto/zephyrproject/zephyr-course/twister-out/log_msg.h##59cc7ac9dd0b18efa24d51419b863a43.gcov
  current_dir  /home/cto/zephyrproject/zephyr-course/twister-out
  root         /home/cto/zephyrproject/zephyr-course/app/modules/ring_buf
  starting_dir /home/cto/zephyrproject/zephyr-course
  obj_dir      /home/cto/zephyrproject/zephyr-course/twister-out
  gcda_fname   native_sim_native/host_gnu/zephyr-course/tests/ring_buf/homework.unit.ring_buf/zephyr/kernel/CMakeFiles/kernel.dir/sched.c.gcda
  --> fname    /home/cto/zephyrproject/zephyr/include/zephyr/logging/log_msg.h
(DEBUG) Check if /home/cto/zephyrproject/zephyr/include/zephyr/logging/log_msg.h is included (source file)...
(DEBUG) --> File is excluded.
(DEBUG) Check if /home/cto/zephyrproject/zephyr-course/twister-out/kswap.h##5ea47f75ed4ca178f401838b12636485.gcov is included (trace)...
(DEBUG) --> File is excluded.
(DEBUG) Finding source file corresponding to a gcov data file
  gcov_fname   /home/cto/zephyrproject/zephyr-course/twister-out/kswap.h##5ea47f75ed4ca178f401838b12636485.gcov
  current_dir  /home/cto/zephyrproject/zephyr-course/twister-out
  root         /home/cto/zephyrproject/zephyr-course/app/modules/ring_buf
  starting_dir /home/cto/zephyrproject/zephyr-course
  obj_dir      /home/cto/zephyrproject/zephyr-course/twister-out
  gcda_fname   native_sim_native/host_gnu/zephyr-course/tests/ring_buf/homework.unit.ring_buf/zephyr/kernel/CMakeFiles/kernel.dir/sched.c.gcda
  --> fname    /home/cto/zephyrproject/zephyr/kernel/include/kswap.h
(DEBUG) Check if /home/cto/zephyrproject/zephyr/kernel/include/kswap.h is included (source file)...
(DEBUG) --> File is excluded.
(DEBUG) Check if /home/cto/zephyrproject/zephyr-course/twister-out/arch.h##cd3ec459a8a675a723e815b63d40d361.gcov is included (trace)...
(DEBUG) --> File is excluded.
(DEBUG) Finding source file corresponding to a gcov data file
  gcov_fname   /home/cto/zephyrproject/zephyr-course/twister-out/arch.h##cd3ec459a8a675a723e815b63d40d361.gcov
  current_dir  /home/cto/zephyrproject/zephyr-course/twister-out
  root         /home/cto/zephyrproject/zephyr-course/app/modules/ring_buf
  starting_dir /home/cto/zephyrproject/zephyr-course
  obj_dir      /home/cto/zephyrproject/zephyr-course/twister-out
  gcda_fname   native_sim_native/host_gnu/zephyr-course/tests/ring_buf/homework.unit.ring_buf/zephyr/kernel/CMakeFiles/kernel.dir/sched.c.gcda
  --> fname    /home/cto/zephyrproject/zephyr/include/zephyr/arch/posix/arch.h
(DEBUG) Check if /home/cto/zephyrproject/zephyr/include/zephyr/arch/posix/arch.h is included (source file)...
(DEBUG) --> File is excluded.
(DEBUG) Check if /home/cto/zephyrproject/zephyr-course/twister-out/kernel.h##a43b07f35530a2575a8767c959abd1d5.gcov is included (trace)...
(DEBUG) --> File is excluded.
(DEBUG) Finding source file corresponding to a gcov data file
  gcov_fname   /home/cto/zephyrproject/zephyr-course/twister-out/kernel.h##a43b07f35530a2575a8767c959abd1d5.gcov
  current_dir  /home/cto/zephyrproject/zephyr-course/twister-out
  root         /home/cto/zephyrproject/zephyr-course/app/modules/ring_buf
  starting_dir /home/cto/zephyrproject/zephyr-course
  obj_dir      /home/cto/zephyrproject/zephyr-course/twister-out
  gcda_fname   native_sim_native/host_gnu/zephyr-course/tests/ring_buf/homework.unit.ring_buf/zephyr/kernel/CMakeFiles/kernel.dir/sched.c.gcda
  --> fname    /home/cto/zephyrproject/zephyr-course/twister-out/native_sim_native/host_gnu/zephyr-course/tests/ring_buf/homework.unit.ring_buf/zephyr/include/generated/zephyr/syscalls/kernel.h
(DEBUG) Check if /home/cto/zephyrproject/zephyr-course/twister-out/native_sim_native/host_gnu/zephyr-course/tests/ring_buf/homework.unit.ring_buf/zephyr/include/generated/zephyr/syscalls/kernel.h is included (source file)...
(DEBUG) --> File is excluded.
(DEBUG) Check if /home/cto/zephyrproject/zephyr-course/twister-out/kernel.h##3d600634decb40355467717e98cbaefe.gcov is included (trace)...
(DEBUG) --> File is excluded.
(DEBUG) Finding source file corresponding to a gcov data file
  gcov_fname   /home/cto/zephyrproject/zephyr-course/twister-out/kernel.h##3d600634decb40355467717e98cbaefe.gcov
  current_dir  /home/cto/zephyrproject/zephyr-course/twister-out
  root         /home/cto/zephyrproject/zephyr-course/app/modules/ring_buf
  starting_dir /home/cto/zephyrproject/zephyr-course
  obj_dir      /home/cto/zephyrproject/zephyr-course/twister-out
  gcda_fname   native_sim_native/host_gnu/zephyr-course/tests/ring_buf/homework.unit.ring_buf/zephyr/kernel/CMakeFiles/kernel.dir/sched.c.gcda
  --> fname    /home/cto/zephyrproject/zephyr/include/zephyr/kernel.h
(DEBUG) Check if /home/cto/zephyrproject/zephyr/include/zephyr/kernel.h is included (source file)...
(DEBUG) --> File is excluded.
(DEBUG) Check if /home/cto/zephyrproject/zephyr-course/twister-out/kernel_internal.h##35e4e9c61ec67c362b8995093ce22c15.gcov is included (trace)...
(DEBUG) --> File is excluded.
(DEBUG) Finding source file corresponding to a gcov data file
  gcov_fname   /home/cto/zephyrproject/zephyr-course/twister-out/kernel_internal.h##35e4e9c61ec67c362b8995093ce22c15.gcov
  current_dir  /home/cto/zephyrproject/zephyr-course/twister-out
  root         /home/cto/zephyrproject/zephyr-course/app/modules/ring_buf
  starting_dir /home/cto/zephyrproject/zephyr-course
  obj_dir      /home/cto/zephyrproject/zephyr-course/twister-out
  gcda_fname   native_sim_native/host_gnu/zephyr-course/tests/ring_buf/homework.unit.ring_buf/zephyr/kernel/CMakeFiles/kernel.dir/sched.c.gcda
  --> fname    /home/cto/zephyrproject/zephyr/kernel/include/kernel_internal.h
(DEBUG) Check if /home/cto/zephyrproject/zephyr/kernel/include/kernel_internal.h is included (source file)...
(DEBUG) --> File is excluded.
(DEBUG) Check if /home/cto/zephyrproject/zephyr-course/twister-out/native_sim_native/host_gnu/zephyr-course/tests/ring_buf/homework.unit.ring_buf/zephyr/kernel/CMakeFiles/kernel.dir/sem.c.gcda is included (trace)...
(DEBUG)   No filter matched.
(DEBUG) --> File is excluded.
(DEBUG) Check if /home/cto/zephyrproject/zephyr-course/twister-out/native_sim_native/host_gnu/zephyr-course/tests/ring_buf/homework.unit.ring_buf/zephyr/kernel/CMakeFiles/kernel.dir/sem.c.gcda is included (trace)...
(DEBUG) --> File is excluded.
(DEBUG) Check if sem.c##85a3b3f99fe56076f68789c526483dd7.gcov is included (gcov file)...
(DEBUG)   Filter AlwaysMatchFilter() matched.
(DEBUG) --> File is included.
(DEBUG) Check if ksched.h##ed05a602fa65c69cb6663bf196ec30da.gcov is included (gcov file)...
(DEBUG) --> File is included.
(DEBUG) Check if kthread.h##dd2da6b097956e25ca6725b2474a3e43.gcov is included (gcov file)...
(DEBUG) --> File is included.
(DEBUG) Check if kernel_arch_func.h##abfef9e7d3ad40b2d908e530356295bd.gcov is included (gcov file)...
(DEBUG) --> File is included.
(DEBUG) Check if wait_q.h##ded2ae2822159b780ea75cb59b2ee9ab.gcov is included (gcov file)...
(DEBUG) --> File is included.
(DEBUG) Check if priority_q.h##9623d6fc9d5156abfc198d9641ba6225.gcov is included (gcov file)...
(DEBUG) --> File is included.
(DEBUG) Check if timeout_q.h##a95b2b01f7e434a2400daebfad8ed345.gcov is included (gcov file)...
(DEBUG) --> File is included.
(DEBUG) Check if kobject_internal.h##c80d72ddd75e3dc86bbda9d3af962332.gcov is included (gcov file)...
(DEBUG) --> File is included.
(DEBUG) Check if spinlock.h##7a9625cd30eeacafc44455d74d611b1c.gcov is included (gcov file)...
(DEBUG) --> File is included.
(DEBUG) Check if arch.h##cd3ec459a8a675a723e815b63d40d361.gcov is included (gcov file)...
(DEBUG) --> File is included.
(DEBUG) Check if dlist.h##433b9b986dcbf92abddbed41f2b435fa.gcov is included (gcov file)...
(DEBUG) --> File is included.
(DEBUG) Check if /home/cto/zephyrproject/zephyr-course/twister-out/dlist.h##433b9b986dcbf92abddbed41f2b435fa.gcov is included (trace)...
(DEBUG) --> File is excluded.
(DEBUG) Finding source file corresponding to a gcov data file
  gcov_fname   /home/cto/zephyrproject/zephyr-course/twister-out/dlist.h##433b9b986dcbf92abddbed41f2b435fa.gcov
  current_dir  /home/cto/zephyrproject/zephyr-course/twister-out
  root         /home/cto/zephyrproject/zephyr-course/app/modules/ring_buf
  starting_dir /home/cto/zephyrproject/zephyr-course
  obj_dir      /home/cto/zephyrproject/zephyr-course/twister-out
  gcda_fname   native_sim_native/host_gnu/zephyr-course/tests/ring_buf/homework.unit.ring_buf/zephyr/kernel/CMakeFiles/kernel.dir/sem.c.gcda
  --> fname    /home/cto/zephyrproject/zephyr/include/zephyr/sys/dlist.h
(DEBUG) Check if /home/cto/zephyrproject/zephyr/include/zephyr/sys/dlist.h is included (source file)...
(DEBUG) --> File is excluded.
(DEBUG) Check if /home/cto/zephyrproject/zephyr-course/twister-out/timeout_q.h##a95b2b01f7e434a2400daebfad8ed345.gcov is included (trace)...
(DEBUG) --> File is excluded.
(DEBUG) Finding source file corresponding to a gcov data file
  gcov_fname   /home/cto/zephyrproject/zephyr-course/twister-out/timeout_q.h##a95b2b01f7e434a2400daebfad8ed345.gcov
  current_dir  /home/cto/zephyrproject/zephyr-course/twister-out
  root         /home/cto/zephyrproject/zephyr-course/app/modules/ring_buf
  starting_dir /home/cto/zephyrproject/zephyr-course
  obj_dir      /home/cto/zephyrproject/zephyr-course/twister-out
  gcda_fname   native_sim_native/host_gnu/zephyr-course/tests/ring_buf/homework.unit.ring_buf/zephyr/kernel/CMakeFiles/kernel.dir/sem.c.gcda
  --> fname    /home/cto/zephyrproject/zephyr/kernel/include/timeout_q.h
(DEBUG) Check if /home/cto/zephyrproject/zephyr/kernel/include/timeout_q.h is included (source file)...
(DEBUG) --> File is excluded.
(DEBUG) Check if /home/cto/zephyrproject/zephyr-course/twister-out/kthread.h##dd2da6b097956e25ca6725b2474a3e43.gcov is included (trace)...
(DEBUG) --> File is excluded.
(DEBUG) Finding source file corresponding to a gcov data file
  gcov_fname   /home/cto/zephyrproject/zephyr-course/twister-out/kthread.h##dd2da6b097956e25ca6725b2474a3e43.gcov
  current_dir  /home/cto/zephyrproject/zephyr-course/twister-out
  root         /home/cto/zephyrproject/zephyr-course/app/modules/ring_buf
  starting_dir /home/cto/zephyrproject/zephyr-course
  obj_dir      /home/cto/zephyrproject/zephyr-course/twister-out
  gcda_fname   native_sim_native/host_gnu/zephyr-course/tests/ring_buf/homework.unit.ring_buf/zephyr/kernel/CMakeFiles/kernel.dir/sem.c.gcda
  --> fname    /home/cto/zephyrproject/zephyr/kernel/include/kthread.h
(DEBUG) Check if /home/cto/zephyrproject/zephyr/kernel/include/kthread.h is included (source file)...
(DEBUG) --> File is excluded.
(DEBUG) Check if /home/cto/zephyrproject/zephyr-course/twister-out/kobject_internal.h##c80d72ddd75e3dc86bbda9d3af962332.gcov is included (trace)...
(DEBUG) --> File is excluded.
(DEBUG) Finding source file corresponding to a gcov data file
  gcov_fname   /home/cto/zephyrproject/zephyr-course/twister-out/kobject_internal.h##c80d72ddd75e3dc86bbda9d3af962332.gcov
  current_dir  /home/cto/zephyrproject/zephyr-course/twister-out
  root         /home/cto/zephyrproject/zephyr-course/app/modules/ring_buf
  starting_dir /home/cto/zephyrproject/zephyr-course
  obj_dir      /home/cto/zephyrproject/zephyr-course/twister-out
  gcda_fname   native_sim_native/host_gnu/zephyr-course/tests/ring_buf/homework.unit.ring_buf/zephyr/kernel/CMakeFiles/kernel.dir/sem.c.gcda
  --> fname    /home/cto/zephyrproject/zephyr/include/zephyr/sys/internal/kobject_internal.h
(DEBUG) Check if /home/cto/zephyrproject/zephyr/include/zephyr/sys/internal/kobject_internal.h is included (source file)...
(DEBUG) --> File is excluded.
(DEBUG) Check if /home/cto/zephyrproject/zephyr-course/twister-out/kernel_arch_func.h##abfef9e7d3ad40b2d908e530356295bd.gcov is included (trace)...
(DEBUG) --> File is excluded.
(DEBUG) Finding source file corresponding to a gcov data file
  gcov_fname   /home/cto/zephyrproject/zephyr-course/twister-out/kernel_arch_func.h##abfef9e7d3ad40b2d908e530356295bd.gcov
  current_dir  /home/cto/zephyrproject/zephyr-course/twister-out
  root         /home/cto/zephyrproject/zephyr-course/app/modules/ring_buf
  starting_dir /home/cto/zephyrproject/zephyr-course
  obj_dir      /home/cto/zephyrproject/zephyr-course/twister-out
  gcda_fname   native_sim_native/host_gnu/zephyr-course/tests/ring_buf/homework.unit.ring_buf/zephyr/kernel/CMakeFiles/kernel.dir/sem.c.gcda
  --> fname    /home/cto/zephyrproject/zephyr/arch/posix/include/kernel_arch_func.h
(DEBUG) Check if /home/cto/zephyrproject/zephyr/arch/posix/include/kernel_arch_func.h is included (source file)...
(DEBUG) --> File is excluded.
(DEBUG) Check if /home/cto/zephyrproject/zephyr-course/twister-out/priority_q.h##9623d6fc9d5156abfc198d9641ba6225.gcov is included (trace)...
(DEBUG) --> File is excluded.
(DEBUG) Finding source file corresponding to a gcov data file
  gcov_fname   /home/cto/zephyrproject/zephyr-course/twister-out/priority_q.h##9623d6fc9d5156abfc198d9641ba6225.gcov
  current_dir  /home/cto/zephyrproject/zephyr-course/twister-out
  root         /home/cto/zephyrproject/zephyr-course/app/modules/ring_buf
  starting_dir /home/cto/zephyrproject/zephyr-course
  obj_dir      /home/cto/zephyrproject/zephyr-course/twister-out
  gcda_fname   native_sim_native/host_gnu/zephyr-course/tests/ring_buf/homework.unit.ring_buf/zephyr/kernel/CMakeFiles/kernel.dir/sem.c.gcda
  --> fname    /home/cto/zephyrproject/zephyr/kernel/include/priority_q.h
(DEBUG) Check if /home/cto/zephyrproject/zephyr/kernel/include/priority_q.h is included (source file)...
(DEBUG) --> File is excluded.
(DEBUG) Check if /home/cto/zephyrproject/zephyr-course/twister-out/ksched.h##ed05a602fa65c69cb6663bf196ec30da.gcov is included (trace)...
(DEBUG) --> File is excluded.
(DEBUG) Finding source file corresponding to a gcov data file
  gcov_fname   /home/cto/zephyrproject/zephyr-course/twister-out/ksched.h##ed05a602fa65c69cb6663bf196ec30da.gcov
  current_dir  /home/cto/zephyrproject/zephyr-course/twister-out
  root         /home/cto/zephyrproject/zephyr-course/app/modules/ring_buf
  starting_dir /home/cto/zephyrproject/zephyr-course
  obj_dir      /home/cto/zephyrproject/zephyr-course/twister-out
  gcda_fname   native_sim_native/host_gnu/zephyr-course/tests/ring_buf/homework.unit.ring_buf/zephyr/kernel/CMakeFiles/kernel.dir/sem.c.gcda
  --> fname    /home/cto/zephyrproject/zephyr/kernel/include/ksched.h
(DEBUG) Check if /home/cto/zephyrproject/zephyr/kernel/include/ksched.h is included (source file)...
(DEBUG) --> File is excluded.
(DEBUG) Check if /home/cto/zephyrproject/zephyr-course/twister-out/wait_q.h##ded2ae2822159b780ea75cb59b2ee9ab.gcov is included (trace)...
(DEBUG) --> File is excluded.
(DEBUG) Finding source file corresponding to a gcov data file
  gcov_fname   /home/cto/zephyrproject/zephyr-course/twister-out/wait_q.h##ded2ae2822159b780ea75cb59b2ee9ab.gcov
  current_dir  /home/cto/zephyrproject/zephyr-course/twister-out
  root         /home/cto/zephyrproject/zephyr-course/app/modules/ring_buf
  starting_dir /home/cto/zephyrproject/zephyr-course
  obj_dir      /home/cto/zephyrproject/zephyr-course/twister-out
  gcda_fname   native_sim_native/host_gnu/zephyr-course/tests/ring_buf/homework.unit.ring_buf/zephyr/kernel/CMakeFiles/kernel.dir/sem.c.gcda
  --> fname    /home/cto/zephyrproject/zephyr/kernel/include/wait_q.h
(DEBUG) Check if /home/cto/zephyrproject/zephyr/kernel/include/wait_q.h is included (source file)...
(DEBUG) --> File is excluded.
(DEBUG) Check if /home/cto/zephyrproject/zephyr-course/twister-out/spinlock.h##7a9625cd30eeacafc44455d74d611b1c.gcov is included (trace)...
(DEBUG) --> File is excluded.
(DEBUG) Finding source file corresponding to a gcov data file
  gcov_fname   /home/cto/zephyrproject/zephyr-course/twister-out/spinlock.h##7a9625cd30eeacafc44455d74d611b1c.gcov
  current_dir  /home/cto/zephyrproject/zephyr-course/twister-out
  root         /home/cto/zephyrproject/zephyr-course/app/modules/ring_buf
  starting_dir /home/cto/zephyrproject/zephyr-course
  obj_dir      /home/cto/zephyrproject/zephyr-course/twister-out
  gcda_fname   native_sim_native/host_gnu/zephyr-course/tests/ring_buf/homework.unit.ring_buf/zephyr/kernel/CMakeFiles/kernel.dir/sem.c.gcda
  --> fname    /home/cto/zephyrproject/zephyr/include/zephyr/spinlock.h
(DEBUG) Check if /home/cto/zephyrproject/zephyr/include/zephyr/spinlock.h is included (source file)...
(DEBUG) --> File is excluded.
(DEBUG) Check if /home/cto/zephyrproject/zephyr-course/twister-out/arch.h##cd3ec459a8a675a723e815b63d40d361.gcov is included (trace)...
(DEBUG) --> File is excluded.
(DEBUG) Finding source file corresponding to a gcov data file
  gcov_fname   /home/cto/zephyrproject/zephyr-course/twister-out/arch.h##cd3ec459a8a675a723e815b63d40d361.gcov
  current_dir  /home/cto/zephyrproject/zephyr-course/twister-out
  root         /home/cto/zephyrproject/zephyr-course/app/modules/ring_buf
  starting_dir /home/cto/zephyrproject/zephyr-course
  obj_dir      /home/cto/zephyrproject/zephyr-course/twister-out
  gcda_fname   native_sim_native/host_gnu/zephyr-course/tests/ring_buf/homework.unit.ring_buf/zephyr/kernel/CMakeFiles/kernel.dir/sem.c.gcda
  --> fname    /home/cto/zephyrproject/zephyr/include/zephyr/arch/posix/arch.h
(DEBUG) Check if /home/cto/zephyrproject/zephyr/include/zephyr/arch/posix/arch.h is included (source file)...
(DEBUG) --> File is excluded.
(DEBUG) Check if /home/cto/zephyrproject/zephyr-course/twister-out/sem.c##85a3b3f99fe56076f68789c526483dd7.gcov is included (trace)...
(DEBUG)   No filter matched.
(DEBUG) --> File is excluded.
(DEBUG) Finding source file corresponding to a gcov data file
  gcov_fname   /home/cto/zephyrproject/zephyr-course/twister-out/sem.c##85a3b3f99fe56076f68789c526483dd7.gcov
  current_dir  /home/cto/zephyrproject/zephyr-course/twister-out
  root         /home/cto/zephyrproject/zephyr-course/app/modules/ring_buf
  starting_dir /home/cto/zephyrproject/zephyr-course
  obj_dir      /home/cto/zephyrproject/zephyr-course/twister-out
  gcda_fname   native_sim_native/host_gnu/zephyr-course/tests/ring_buf/homework.unit.ring_buf/zephyr/kernel/CMakeFiles/kernel.dir/sem.c.gcda
  --> fname    /home/cto/zephyrproject/zephyr/kernel/sem.c
(DEBUG) Check if /home/cto/zephyrproject/zephyr/kernel/sem.c is included (source file)...
(DEBUG)   No filter matched.
(DEBUG) --> File is excluded.
(DEBUG) Check if /home/cto/zephyrproject/zephyr-course/twister-out/native_sim_native/host_gnu/zephyr-course/tests/ring_buf/homework.unit.ring_buf/zephyr/kernel/CMakeFiles/kernel.dir/spinlock_validate.c.gcda is included (trace)...
(DEBUG)   No filter matched.
(DEBUG) --> File is excluded.
(DEBUG) Check if /home/cto/zephyrproject/zephyr-course/twister-out/native_sim_native/host_gnu/zephyr-course/tests/ring_buf/homework.unit.ring_buf/zephyr/kernel/CMakeFiles/kernel.dir/spinlock_validate.c.gcda is included (trace)...
(DEBUG) --> File is excluded.
(DEBUG) Check if spinlock_validate.c##ef0fe95c1f7536fdc1f64013f587f1b5.gcov is included (gcov file)...
(DEBUG)   Filter AlwaysMatchFilter() matched.
(DEBUG) --> File is included.
(DEBUG) Check if kernel_arch_func.h##abfef9e7d3ad40b2d908e530356295bd.gcov is included (gcov file)...
(DEBUG) --> File is included.
(DEBUG) Check if /home/cto/zephyrproject/zephyr-course/twister-out/spinlock_validate.c##ef0fe95c1f7536fdc1f64013f587f1b5.gcov is included (trace)...
(DEBUG)   No filter matched.
(DEBUG) --> File is excluded.
(DEBUG) Finding source file corresponding to a gcov data file
  gcov_fname   /home/cto/zephyrproject/zephyr-course/twister-out/spinlock_validate.c##ef0fe95c1f7536fdc1f64013f587f1b5.gcov
  current_dir  /home/cto/zephyrproject/zephyr-course/twister-out
  root         /home/cto/zephyrproject/zephyr-course/app/modules/ring_buf
  starting_dir /home/cto/zephyrproject/zephyr-course
  obj_dir      /home/cto/zephyrproject/zephyr-course/twister-out
  gcda_fname   native_sim_native/host_gnu/zephyr-course/tests/ring_buf/homework.unit.ring_buf/zephyr/kernel/CMakeFiles/kernel.dir/spinlock_validate.c.gcda
  --> fname    /home/cto/zephyrproject/zephyr/kernel/spinlock_validate.c
(DEBUG) Check if /home/cto/zephyrproject/zephyr/kernel/spinlock_validate.c is included (source file)...
(DEBUG)   No filter matched.
(DEBUG) --> File is excluded.
(DEBUG) Check if /home/cto/zephyrproject/zephyr-course/twister-out/kernel_arch_func.h##abfef9e7d3ad40b2d908e530356295bd.gcov is included (trace)...
(DEBUG) --> File is excluded.
(DEBUG) Finding source file corresponding to a gcov data file
  gcov_fname   /home/cto/zephyrproject/zephyr-course/twister-out/kernel_arch_func.h##abfef9e7d3ad40b2d908e530356295bd.gcov
  current_dir  /home/cto/zephyrproject/zephyr-course/twister-out
  root         /home/cto/zephyrproject/zephyr-course/app/modules/ring_buf
  starting_dir /home/cto/zephyrproject/zephyr-course
  obj_dir      /home/cto/zephyrproject/zephyr-course/twister-out
  gcda_fname   native_sim_native/host_gnu/zephyr-course/tests/ring_buf/homework.unit.ring_buf/zephyr/kernel/CMakeFiles/kernel.dir/spinlock_validate.c.gcda
  --> fname    /home/cto/zephyrproject/zephyr/arch/posix/include/kernel_arch_func.h
(DEBUG) Check if /home/cto/zephyrproject/zephyr/arch/posix/include/kernel_arch_func.h is included (source file)...
(DEBUG) --> File is excluded.
(DEBUG) Check if /home/cto/zephyrproject/zephyr-course/twister-out/native_sim_native/host_gnu/zephyr-course/tests/ring_buf/homework.unit.ring_buf/zephyr/kernel/CMakeFiles/kernel.dir/stack.c.gcno is included (trace)...
(DEBUG)   No filter matched.
(DEBUG) --> File is excluded.
(DEBUG) Check if /home/cto/zephyrproject/zephyr-course/twister-out/native_sim_native/host_gnu/zephyr-course/tests/ring_buf/homework.unit.ring_buf/zephyr/kernel/CMakeFiles/kernel.dir/stack.c.gcno is included (trace)...
(DEBUG) --> File is excluded.
(DEBUG) Check if stack.c##478dfe2bf386908ebab2732fb946a4fd.gcov is included (gcov file)...
(DEBUG)   Filter AlwaysMatchFilter() matched.
(DEBUG) --> File is included.
(DEBUG) Check if wait_q.h##ded2ae2822159b780ea75cb59b2ee9ab.gcov is included (gcov file)...
(DEBUG) --> File is included.
(DEBUG) Check if ksched.h##ed05a602fa65c69cb6663bf196ec30da.gcov is included (gcov file)...
(DEBUG) --> File is included.
(DEBUG) Check if priority_q.h##9623d6fc9d5156abfc198d9641ba6225.gcov is included (gcov file)...
(DEBUG) --> File is included.
(DEBUG) Check if kernel_internal.h##35e4e9c61ec67c362b8995093ce22c15.gcov is included (gcov file)...
(DEBUG) --> File is included.
(DEBUG) Check if kthread.h##dd2da6b097956e25ca6725b2474a3e43.gcov is included (gcov file)...
(DEBUG) --> File is included.
(DEBUG) Check if timeout_q.h##a95b2b01f7e434a2400daebfad8ed345.gcov is included (gcov file)...
(DEBUG) --> File is included.
(DEBUG) Check if kernel_arch_func.h##abfef9e7d3ad40b2d908e530356295bd.gcov is included (gcov file)...
(DEBUG) --> File is included.
(DEBUG) Check if kobject_internal.h##c80d72ddd75e3dc86bbda9d3af962332.gcov is included (gcov file)...
(DEBUG) --> File is included.
(DEBUG) Check if spinlock.h##7a9625cd30eeacafc44455d74d611b1c.gcov is included (gcov file)...
(DEBUG) --> File is included.
(DEBUG) Check if arch.h##cd3ec459a8a675a723e815b63d40d361.gcov is included (gcov file)...
(DEBUG) --> File is included.
(DEBUG) Check if dlist.h##433b9b986dcbf92abddbed41f2b435fa.gcov is included (gcov file)...
(DEBUG) --> File is included.
(DEBUG) Check if /home/cto/zephyrproject/zephyr-course/twister-out/dlist.h##433b9b986dcbf92abddbed41f2b435fa.gcov is included (trace)...
(DEBUG) --> File is excluded.
(DEBUG) Finding source file corresponding to a gcov data file
  gcov_fname   /home/cto/zephyrproject/zephyr-course/twister-out/dlist.h##433b9b986dcbf92abddbed41f2b435fa.gcov
  current_dir  /home/cto/zephyrproject/zephyr-course/twister-out
  root         /home/cto/zephyrproject/zephyr-course/app/modules/ring_buf
  starting_dir /home/cto/zephyrproject/zephyr-course
  obj_dir      /home/cto/zephyrproject/zephyr-course/twister-out
  gcda_fname   native_sim_native/host_gnu/zephyr-course/tests/ring_buf/homework.unit.ring_buf/zephyr/kernel/CMakeFiles/kernel.dir/stack.c.gcno
  --> fname    /home/cto/zephyrproject/zephyr/include/zephyr/sys/dlist.h
(DEBUG) Check if /home/cto/zephyrproject/zephyr/include/zephyr/sys/dlist.h is included (source file)...
(DEBUG) --> File is excluded.
(DEBUG) Check if /home/cto/zephyrproject/zephyr-course/twister-out/timeout_q.h##a95b2b01f7e434a2400daebfad8ed345.gcov is included (trace)...
(DEBUG) --> File is excluded.
(DEBUG) Finding source file corresponding to a gcov data file
  gcov_fname   /home/cto/zephyrproject/zephyr-course/twister-out/timeout_q.h##a95b2b01f7e434a2400daebfad8ed345.gcov
  current_dir  /home/cto/zephyrproject/zephyr-course/twister-out
  root         /home/cto/zephyrproject/zephyr-course/app/modules/ring_buf
  starting_dir /home/cto/zephyrproject/zephyr-course
  obj_dir      /home/cto/zephyrproject/zephyr-course/twister-out
  gcda_fname   native_sim_native/host_gnu/zephyr-course/tests/ring_buf/homework.unit.ring_buf/zephyr/kernel/CMakeFiles/kernel.dir/stack.c.gcno
  --> fname    /home/cto/zephyrproject/zephyr/kernel/include/timeout_q.h
(DEBUG) Check if /home/cto/zephyrproject/zephyr/kernel/include/timeout_q.h is included (source file)...
(DEBUG) --> File is excluded.
(DEBUG) Check if /home/cto/zephyrproject/zephyr-course/twister-out/kthread.h##dd2da6b097956e25ca6725b2474a3e43.gcov is included (trace)...
(DEBUG) --> File is excluded.
(DEBUG) Finding source file corresponding to a gcov data file
  gcov_fname   /home/cto/zephyrproject/zephyr-course/twister-out/kthread.h##dd2da6b097956e25ca6725b2474a3e43.gcov
  current_dir  /home/cto/zephyrproject/zephyr-course/twister-out
  root         /home/cto/zephyrproject/zephyr-course/app/modules/ring_buf
  starting_dir /home/cto/zephyrproject/zephyr-course
  obj_dir      /home/cto/zephyrproject/zephyr-course/twister-out
  gcda_fname   native_sim_native/host_gnu/zephyr-course/tests/ring_buf/homework.unit.ring_buf/zephyr/kernel/CMakeFiles/kernel.dir/stack.c.gcno
  --> fname    /home/cto/zephyrproject/zephyr/kernel/include/kthread.h
(DEBUG) Check if /home/cto/zephyrproject/zephyr/kernel/include/kthread.h is included (source file)...
(DEBUG) --> File is excluded.
(DEBUG) Check if /home/cto/zephyrproject/zephyr-course/twister-out/kobject_internal.h##c80d72ddd75e3dc86bbda9d3af962332.gcov is included (trace)...
(DEBUG) --> File is excluded.
(DEBUG) Finding source file corresponding to a gcov data file
  gcov_fname   /home/cto/zephyrproject/zephyr-course/twister-out/kobject_internal.h##c80d72ddd75e3dc86bbda9d3af962332.gcov
  current_dir  /home/cto/zephyrproject/zephyr-course/twister-out
  root         /home/cto/zephyrproject/zephyr-course/app/modules/ring_buf
  starting_dir /home/cto/zephyrproject/zephyr-course
  obj_dir      /home/cto/zephyrproject/zephyr-course/twister-out
  gcda_fname   native_sim_native/host_gnu/zephyr-course/tests/ring_buf/homework.unit.ring_buf/zephyr/kernel/CMakeFiles/kernel.dir/stack.c.gcno
  --> fname    /home/cto/zephyrproject/zephyr/include/zephyr/sys/internal/kobject_internal.h
(DEBUG) Check if /home/cto/zephyrproject/zephyr/include/zephyr/sys/internal/kobject_internal.h is included (source file)...
(DEBUG) --> File is excluded.
(DEBUG) Check if /home/cto/zephyrproject/zephyr-course/twister-out/kernel_arch_func.h##abfef9e7d3ad40b2d908e530356295bd.gcov is included (trace)...
(DEBUG) --> File is excluded.
(DEBUG) Finding source file corresponding to a gcov data file
  gcov_fname   /home/cto/zephyrproject/zephyr-course/twister-out/kernel_arch_func.h##abfef9e7d3ad40b2d908e530356295bd.gcov
  current_dir  /home/cto/zephyrproject/zephyr-course/twister-out
  root         /home/cto/zephyrproject/zephyr-course/app/modules/ring_buf
  starting_dir /home/cto/zephyrproject/zephyr-course
  obj_dir      /home/cto/zephyrproject/zephyr-course/twister-out
  gcda_fname   native_sim_native/host_gnu/zephyr-course/tests/ring_buf/homework.unit.ring_buf/zephyr/kernel/CMakeFiles/kernel.dir/stack.c.gcno
  --> fname    /home/cto/zephyrproject/zephyr/arch/posix/include/kernel_arch_func.h
(DEBUG) Check if /home/cto/zephyrproject/zephyr/arch/posix/include/kernel_arch_func.h is included (source file)...
(DEBUG) --> File is excluded.
(DEBUG) Check if /home/cto/zephyrproject/zephyr-course/twister-out/stack.c##478dfe2bf386908ebab2732fb946a4fd.gcov is included (trace)...
(DEBUG)   No filter matched.
(DEBUG) --> File is excluded.
(DEBUG) Finding source file corresponding to a gcov data file
  gcov_fname   /home/cto/zephyrproject/zephyr-course/twister-out/stack.c##478dfe2bf386908ebab2732fb946a4fd.gcov
  current_dir  /home/cto/zephyrproject/zephyr-course/twister-out
  root         /home/cto/zephyrproject/zephyr-course/app/modules/ring_buf
  starting_dir /home/cto/zephyrproject/zephyr-course
  obj_dir      /home/cto/zephyrproject/zephyr-course/twister-out
  gcda_fname   native_sim_native/host_gnu/zephyr-course/tests/ring_buf/homework.unit.ring_buf/zephyr/kernel/CMakeFiles/kernel.dir/stack.c.gcno
  --> fname    /home/cto/zephyrproject/zephyr/kernel/stack.c
(DEBUG) Check if /home/cto/zephyrproject/zephyr/kernel/stack.c is included (source file)...
(DEBUG)   No filter matched.
(DEBUG) --> File is excluded.
(DEBUG) Check if /home/cto/zephyrproject/zephyr-course/twister-out/priority_q.h##9623d6fc9d5156abfc198d9641ba6225.gcov is included (trace)...
(DEBUG) --> File is excluded.
(DEBUG) Finding source file corresponding to a gcov data file
  gcov_fname   /home/cto/zephyrproject/zephyr-course/twister-out/priority_q.h##9623d6fc9d5156abfc198d9641ba6225.gcov
  current_dir  /home/cto/zephyrproject/zephyr-course/twister-out
  root         /home/cto/zephyrproject/zephyr-course/app/modules/ring_buf
  starting_dir /home/cto/zephyrproject/zephyr-course
  obj_dir      /home/cto/zephyrproject/zephyr-course/twister-out
  gcda_fname   native_sim_native/host_gnu/zephyr-course/tests/ring_buf/homework.unit.ring_buf/zephyr/kernel/CMakeFiles/kernel.dir/stack.c.gcno
  --> fname    /home/cto/zephyrproject/zephyr/kernel/include/priority_q.h
(DEBUG) Check if /home/cto/zephyrproject/zephyr/kernel/include/priority_q.h is included (source file)...
(DEBUG) --> File is excluded.
(DEBUG) Check if /home/cto/zephyrproject/zephyr-course/twister-out/ksched.h##ed05a602fa65c69cb6663bf196ec30da.gcov is included (trace)...
(DEBUG) --> File is excluded.
(DEBUG) Finding source file corresponding to a gcov data file
  gcov_fname   /home/cto/zephyrproject/zephyr-course/twister-out/ksched.h##ed05a602fa65c69cb6663bf196ec30da.gcov
  current_dir  /home/cto/zephyrproject/zephyr-course/twister-out
  root         /home/cto/zephyrproject/zephyr-course/app/modules/ring_buf
  starting_dir /home/cto/zephyrproject/zephyr-course
  obj_dir      /home/cto/zephyrproject/zephyr-course/twister-out
  gcda_fname   native_sim_native/host_gnu/zephyr-course/tests/ring_buf/homework.unit.ring_buf/zephyr/kernel/CMakeFiles/kernel.dir/stack.c.gcno
  --> fname    /home/cto/zephyrproject/zephyr/kernel/include/ksched.h
(DEBUG) Check if /home/cto/zephyrproject/zephyr/kernel/include/ksched.h is included (source file)...
(DEBUG) --> File is excluded.
(DEBUG) Check if /home/cto/zephyrproject/zephyr-course/twister-out/wait_q.h##ded2ae2822159b780ea75cb59b2ee9ab.gcov is included (trace)...
(DEBUG) --> File is excluded.
(DEBUG) Finding source file corresponding to a gcov data file
  gcov_fname   /home/cto/zephyrproject/zephyr-course/twister-out/wait_q.h##ded2ae2822159b780ea75cb59b2ee9ab.gcov
  current_dir  /home/cto/zephyrproject/zephyr-course/twister-out
  root         /home/cto/zephyrproject/zephyr-course/app/modules/ring_buf
  starting_dir /home/cto/zephyrproject/zephyr-course
  obj_dir      /home/cto/zephyrproject/zephyr-course/twister-out
  gcda_fname   native_sim_native/host_gnu/zephyr-course/tests/ring_buf/homework.unit.ring_buf/zephyr/kernel/CMakeFiles/kernel.dir/stack.c.gcno
  --> fname    /home/cto/zephyrproject/zephyr/kernel/include/wait_q.h
(DEBUG) Check if /home/cto/zephyrproject/zephyr/kernel/include/wait_q.h is included (source file)...
(DEBUG) --> File is excluded.
(DEBUG) Check if /home/cto/zephyrproject/zephyr-course/twister-out/spinlock.h##7a9625cd30eeacafc44455d74d611b1c.gcov is included (trace)...
(DEBUG) --> File is excluded.
(DEBUG) Finding source file corresponding to a gcov data file
  gcov_fname   /home/cto/zephyrproject/zephyr-course/twister-out/spinlock.h##7a9625cd30eeacafc44455d74d611b1c.gcov
  current_dir  /home/cto/zephyrproject/zephyr-course/twister-out
  root         /home/cto/zephyrproject/zephyr-course/app/modules/ring_buf
  starting_dir /home/cto/zephyrproject/zephyr-course
  obj_dir      /home/cto/zephyrproject/zephyr-course/twister-out
  gcda_fname   native_sim_native/host_gnu/zephyr-course/tests/ring_buf/homework.unit.ring_buf/zephyr/kernel/CMakeFiles/kernel.dir/stack.c.gcno
  --> fname    /home/cto/zephyrproject/zephyr/include/zephyr/spinlock.h
(DEBUG) Check if /home/cto/zephyrproject/zephyr/include/zephyr/spinlock.h is included (source file)...
(DEBUG) --> File is excluded.
(DEBUG) Check if /home/cto/zephyrproject/zephyr-course/twister-out/arch.h##cd3ec459a8a675a723e815b63d40d361.gcov is included (trace)...
(DEBUG) --> File is excluded.
(DEBUG) Finding source file corresponding to a gcov data file
  gcov_fname   /home/cto/zephyrproject/zephyr-course/twister-out/arch.h##cd3ec459a8a675a723e815b63d40d361.gcov
  current_dir  /home/cto/zephyrproject/zephyr-course/twister-out
  root         /home/cto/zephyrproject/zephyr-course/app/modules/ring_buf
  starting_dir /home/cto/zephyrproject/zephyr-course
  obj_dir      /home/cto/zephyrproject/zephyr-course/twister-out
  gcda_fname   native_sim_native/host_gnu/zephyr-course/tests/ring_buf/homework.unit.ring_buf/zephyr/kernel/CMakeFiles/kernel.dir/stack.c.gcno
  --> fname    /home/cto/zephyrproject/zephyr/include/zephyr/arch/posix/arch.h
(DEBUG) Check if /home/cto/zephyrproject/zephyr/include/zephyr/arch/posix/arch.h is included (source file)...
(DEBUG) --> File is excluded.
(DEBUG) Check if /home/cto/zephyrproject/zephyr-course/twister-out/kernel_internal.h##35e4e9c61ec67c362b8995093ce22c15.gcov is included (trace)...
(DEBUG) --> File is excluded.
(DEBUG) Finding source file corresponding to a gcov data file
  gcov_fname   /home/cto/zephyrproject/zephyr-course/twister-out/kernel_internal.h##35e4e9c61ec67c362b8995093ce22c15.gcov
  current_dir  /home/cto/zephyrproject/zephyr-course/twister-out
  root         /home/cto/zephyrproject/zephyr-course/app/modules/ring_buf
  starting_dir /home/cto/zephyrproject/zephyr-course
  obj_dir      /home/cto/zephyrproject/zephyr-course/twister-out
  gcda_fname   native_sim_native/host_gnu/zephyr-course/tests/ring_buf/homework.unit.ring_buf/zephyr/kernel/CMakeFiles/kernel.dir/stack.c.gcno
  --> fname    /home/cto/zephyrproject/zephyr/kernel/include/kernel_internal.h
(DEBUG) Check if /home/cto/zephyrproject/zephyr/kernel/include/kernel_internal.h is included (source file)...
(DEBUG) --> File is excluded.
(DEBUG) Check if /home/cto/zephyrproject/zephyr-course/twister-out/native_sim_native/host_gnu/zephyr-course/tests/ring_buf/homework.unit.ring_buf/zephyr/kernel/CMakeFiles/kernel.dir/system_work_q.c.gcno is included (trace)...
(DEBUG)   No filter matched.
(DEBUG) --> File is excluded.
(DEBUG) Check if /home/cto/zephyrproject/zephyr-course/twister-out/native_sim_native/host_gnu/zephyr-course/tests/ring_buf/homework.unit.ring_buf/zephyr/kernel/CMakeFiles/kernel.dir/system_work_q.c.gcno is included (trace)...
(DEBUG) --> File is excluded.
(DEBUG) Check if system_work_q.c##84565b5e2f17e6361e73afa656693427.gcov is included (gcov file)...
(DEBUG)   Filter AlwaysMatchFilter() matched.
(DEBUG) --> File is included.
(DEBUG) Check if /home/cto/zephyrproject/zephyr-course/twister-out/system_work_q.c##84565b5e2f17e6361e73afa656693427.gcov is included (trace)...
(DEBUG)   No filter matched.
(DEBUG) --> File is excluded.
(DEBUG) Finding source file corresponding to a gcov data file
  gcov_fname   /home/cto/zephyrproject/zephyr-course/twister-out/system_work_q.c##84565b5e2f17e6361e73afa656693427.gcov
  current_dir  /home/cto/zephyrproject/zephyr-course/twister-out
  root         /home/cto/zephyrproject/zephyr-course/app/modules/ring_buf
  starting_dir /home/cto/zephyrproject/zephyr-course
  obj_dir      /home/cto/zephyrproject/zephyr-course/twister-out
  gcda_fname   native_sim_native/host_gnu/zephyr-course/tests/ring_buf/homework.unit.ring_buf/zephyr/kernel/CMakeFiles/kernel.dir/system_work_q.c.gcno
  --> fname    /home/cto/zephyrproject/zephyr/kernel/system_work_q.c
(DEBUG) Check if /home/cto/zephyrproject/zephyr/kernel/system_work_q.c is included (source file)...
(DEBUG)   No filter matched.
(DEBUG) --> File is excluded.
(DEBUG) Check if /home/cto/zephyrproject/zephyr-course/twister-out/native_sim_native/host_gnu/zephyr-course/tests/ring_buf/homework.unit.ring_buf/zephyr/kernel/CMakeFiles/kernel.dir/thread.c.gcda is included (trace)...
(DEBUG)   No filter matched.
(DEBUG) --> File is excluded.
(DEBUG) Check if /home/cto/zephyrproject/zephyr-course/twister-out/native_sim_native/host_gnu/zephyr-course/tests/ring_buf/homework.unit.ring_buf/zephyr/kernel/CMakeFiles/kernel.dir/thread.c.gcda is included (trace)...
(DEBUG) --> File is excluded.
(DEBUG) Check if thread.c##3941a278a9ee9f62d033c593f3f72e08.gcov is included (gcov file)...
(DEBUG)   Filter AlwaysMatchFilter() matched.
(DEBUG) --> File is included.
(DEBUG) Check if log_msg.h##59cc7ac9dd0b18efa24d51419b863a43.gcov is included (gcov file)...
(DEBUG) --> File is included.
(DEBUG) Check if wait_q.h##ded2ae2822159b780ea75cb59b2ee9ab.gcov is included (gcov file)...
(DEBUG) --> File is included.
(DEBUG) Check if kthread.h##dd2da6b097956e25ca6725b2474a3e43.gcov is included (gcov file)...
(DEBUG) --> File is included.
(DEBUG) Check if timeout_q.h##a95b2b01f7e434a2400daebfad8ed345.gcov is included (gcov file)...
(DEBUG) --> File is included.
(DEBUG) Check if kernel_arch_func.h##abfef9e7d3ad40b2d908e530356295bd.gcov is included (gcov file)...
(DEBUG) --> File is included.
(DEBUG) Check if kernel.h##a43b07f35530a2575a8767c959abd1d5.gcov is included (gcov file)...
(DEBUG) --> File is included.
(DEBUG) Check if kernel.h##3d600634decb40355467717e98cbaefe.gcov is included (gcov file)...
(DEBUG) --> File is included.
(DEBUG) Check if thread_stack.h##d3361197028b71256d4d5420f7e2cdd6.gcov is included (gcov file)...
(DEBUG) --> File is included.
(DEBUG) Check if dlist.h##433b9b986dcbf92abddbed41f2b435fa.gcov is included (gcov file)...
(DEBUG) --> File is included.
(DEBUG) Check if /home/cto/zephyrproject/zephyr-course/twister-out/dlist.h##433b9b986dcbf92abddbed41f2b435fa.gcov is included (trace)...
(DEBUG) --> File is excluded.
(DEBUG) Finding source file corresponding to a gcov data file
  gcov_fname   /home/cto/zephyrproject/zephyr-course/twister-out/dlist.h##433b9b986dcbf92abddbed41f2b435fa.gcov
  current_dir  /home/cto/zephyrproject/zephyr-course/twister-out
  root         /home/cto/zephyrproject/zephyr-course/app/modules/ring_buf
  starting_dir /home/cto/zephyrproject/zephyr-course
  obj_dir      /home/cto/zephyrproject/zephyr-course/twister-out
  gcda_fname   native_sim_native/host_gnu/zephyr-course/tests/ring_buf/homework.unit.ring_buf/zephyr/kernel/CMakeFiles/kernel.dir/thread.c.gcda
  --> fname    /home/cto/zephyrproject/zephyr/include/zephyr/sys/dlist.h
(DEBUG) Check if /home/cto/zephyrproject/zephyr/include/zephyr/sys/dlist.h is included (source file)...
(DEBUG) --> File is excluded.
(DEBUG) Check if /home/cto/zephyrproject/zephyr-course/twister-out/timeout_q.h##a95b2b01f7e434a2400daebfad8ed345.gcov is included (trace)...
(DEBUG) --> File is excluded.
(DEBUG) Finding source file corresponding to a gcov data file
  gcov_fname   /home/cto/zephyrproject/zephyr-course/twister-out/timeout_q.h##a95b2b01f7e434a2400daebfad8ed345.gcov
  current_dir  /home/cto/zephyrproject/zephyr-course/twister-out
  root         /home/cto/zephyrproject/zephyr-course/app/modules/ring_buf
  starting_dir /home/cto/zephyrproject/zephyr-course
  obj_dir      /home/cto/zephyrproject/zephyr-course/twister-out
  gcda_fname   native_sim_native/host_gnu/zephyr-course/tests/ring_buf/homework.unit.ring_buf/zephyr/kernel/CMakeFiles/kernel.dir/thread.c.gcda
  --> fname    /home/cto/zephyrproject/zephyr/kernel/include/timeout_q.h
(DEBUG) Check if /home/cto/zephyrproject/zephyr/kernel/include/timeout_q.h is included (source file)...
(DEBUG) --> File is excluded.
(DEBUG) Check if /home/cto/zephyrproject/zephyr-course/twister-out/kthread.h##dd2da6b097956e25ca6725b2474a3e43.gcov is included (trace)...
(DEBUG) --> File is excluded.
(DEBUG) Finding source file corresponding to a gcov data file
  gcov_fname   /home/cto/zephyrproject/zephyr-course/twister-out/kthread.h##dd2da6b097956e25ca6725b2474a3e43.gcov
  current_dir  /home/cto/zephyrproject/zephyr-course/twister-out
  root         /home/cto/zephyrproject/zephyr-course/app/modules/ring_buf
  starting_dir /home/cto/zephyrproject/zephyr-course
  obj_dir      /home/cto/zephyrproject/zephyr-course/twister-out
  gcda_fname   native_sim_native/host_gnu/zephyr-course/tests/ring_buf/homework.unit.ring_buf/zephyr/kernel/CMakeFiles/kernel.dir/thread.c.gcda
  --> fname    /home/cto/zephyrproject/zephyr/kernel/include/kthread.h
(DEBUG) Check if /home/cto/zephyrproject/zephyr/kernel/include/kthread.h is included (source file)...
(DEBUG) --> File is excluded.
(DEBUG) Check if /home/cto/zephyrproject/zephyr-course/twister-out/kernel_arch_func.h##abfef9e7d3ad40b2d908e530356295bd.gcov is included (trace)...
(DEBUG) --> File is excluded.
(DEBUG) Finding source file corresponding to a gcov data file
  gcov_fname   /home/cto/zephyrproject/zephyr-course/twister-out/kernel_arch_func.h##abfef9e7d3ad40b2d908e530356295bd.gcov
  current_dir  /home/cto/zephyrproject/zephyr-course/twister-out
  root         /home/cto/zephyrproject/zephyr-course/app/modules/ring_buf
  starting_dir /home/cto/zephyrproject/zephyr-course
  obj_dir      /home/cto/zephyrproject/zephyr-course/twister-out
  gcda_fname   native_sim_native/host_gnu/zephyr-course/tests/ring_buf/homework.unit.ring_buf/zephyr/kernel/CMakeFiles/kernel.dir/thread.c.gcda
  --> fname    /home/cto/zephyrproject/zephyr/arch/posix/include/kernel_arch_func.h
(DEBUG) Check if /home/cto/zephyrproject/zephyr/arch/posix/include/kernel_arch_func.h is included (source file)...
(DEBUG) --> File is excluded.
(DEBUG) Check if /home/cto/zephyrproject/zephyr-course/twister-out/thread.c##3941a278a9ee9f62d033c593f3f72e08.gcov is included (trace)...
(DEBUG)   No filter matched.
(DEBUG) --> File is excluded.
(DEBUG) Finding source file corresponding to a gcov data file
  gcov_fname   /home/cto/zephyrproject/zephyr-course/twister-out/thread.c##3941a278a9ee9f62d033c593f3f72e08.gcov
  current_dir  /home/cto/zephyrproject/zephyr-course/twister-out
  root         /home/cto/zephyrproject/zephyr-course/app/modules/ring_buf
  starting_dir /home/cto/zephyrproject/zephyr-course
  obj_dir      /home/cto/zephyrproject/zephyr-course/twister-out
  gcda_fname   native_sim_native/host_gnu/zephyr-course/tests/ring_buf/homework.unit.ring_buf/zephyr/kernel/CMakeFiles/kernel.dir/thread.c.gcda
  --> fname    /home/cto/zephyrproject/zephyr/kernel/thread.c
(DEBUG) Check if /home/cto/zephyrproject/zephyr/kernel/thread.c is included (source file)...
(DEBUG)   No filter matched.
(DEBUG) --> File is excluded.
(DEBUG) Check if /home/cto/zephyrproject/zephyr-course/twister-out/wait_q.h##ded2ae2822159b780ea75cb59b2ee9ab.gcov is included (trace)...
(DEBUG) --> File is excluded.
(DEBUG) Finding source file corresponding to a gcov data file
  gcov_fname   /home/cto/zephyrproject/zephyr-course/twister-out/wait_q.h##ded2ae2822159b780ea75cb59b2ee9ab.gcov
  current_dir  /home/cto/zephyrproject/zephyr-course/twister-out
  root         /home/cto/zephyrproject/zephyr-course/app/modules/ring_buf
  starting_dir /home/cto/zephyrproject/zephyr-course
  obj_dir      /home/cto/zephyrproject/zephyr-course/twister-out
  gcda_fname   native_sim_native/host_gnu/zephyr-course/tests/ring_buf/homework.unit.ring_buf/zephyr/kernel/CMakeFiles/kernel.dir/thread.c.gcda
  --> fname    /home/cto/zephyrproject/zephyr/kernel/include/wait_q.h
(DEBUG) Check if /home/cto/zephyrproject/zephyr/kernel/include/wait_q.h is included (source file)...
(DEBUG) --> File is excluded.
(DEBUG) Check if /home/cto/zephyrproject/zephyr-course/twister-out/log_msg.h##59cc7ac9dd0b18efa24d51419b863a43.gcov is included (trace)...
(DEBUG) --> File is excluded.
(DEBUG) Finding source file corresponding to a gcov data file
  gcov_fname   /home/cto/zephyrproject/zephyr-course/twister-out/log_msg.h##59cc7ac9dd0b18efa24d51419b863a43.gcov
  current_dir  /home/cto/zephyrproject/zephyr-course/twister-out
  root         /home/cto/zephyrproject/zephyr-course/app/modules/ring_buf
  starting_dir /home/cto/zephyrproject/zephyr-course
  obj_dir      /home/cto/zephyrproject/zephyr-course/twister-out
  gcda_fname   native_sim_native/host_gnu/zephyr-course/tests/ring_buf/homework.unit.ring_buf/zephyr/kernel/CMakeFiles/kernel.dir/thread.c.gcda
  --> fname    /home/cto/zephyrproject/zephyr/include/zephyr/logging/log_msg.h
(DEBUG) Check if /home/cto/zephyrproject/zephyr/include/zephyr/logging/log_msg.h is included (source file)...
(DEBUG) --> File is excluded.
(DEBUG) Check if /home/cto/zephyrproject/zephyr-course/twister-out/kernel.h##a43b07f35530a2575a8767c959abd1d5.gcov is included (trace)...
(DEBUG) --> File is excluded.
(DEBUG) Finding source file corresponding to a gcov data file
  gcov_fname   /home/cto/zephyrproject/zephyr-course/twister-out/kernel.h##a43b07f35530a2575a8767c959abd1d5.gcov
  current_dir  /home/cto/zephyrproject/zephyr-course/twister-out
  root         /home/cto/zephyrproject/zephyr-course/app/modules/ring_buf
  starting_dir /home/cto/zephyrproject/zephyr-course
  obj_dir      /home/cto/zephyrproject/zephyr-course/twister-out
  gcda_fname   native_sim_native/host_gnu/zephyr-course/tests/ring_buf/homework.unit.ring_buf/zephyr/kernel/CMakeFiles/kernel.dir/thread.c.gcda
  --> fname    /home/cto/zephyrproject/zephyr-course/twister-out/native_sim_native/host_gnu/zephyr-course/tests/ring_buf/homework.unit.ring_buf/zephyr/include/generated/zephyr/syscalls/kernel.h
(DEBUG) Check if /home/cto/zephyrproject/zephyr-course/twister-out/native_sim_native/host_gnu/zephyr-course/tests/ring_buf/homework.unit.ring_buf/zephyr/include/generated/zephyr/syscalls/kernel.h is included (source file)...
(DEBUG) --> File is excluded.
(DEBUG) Check if /home/cto/zephyrproject/zephyr-course/twister-out/thread_stack.h##d3361197028b71256d4d5420f7e2cdd6.gcov is included (trace)...
(DEBUG) --> File is excluded.
(DEBUG) Finding source file corresponding to a gcov data file
  gcov_fname   /home/cto/zephyrproject/zephyr-course/twister-out/thread_stack.h##d3361197028b71256d4d5420f7e2cdd6.gcov
  current_dir  /home/cto/zephyrproject/zephyr-course/twister-out
  root         /home/cto/zephyrproject/zephyr-course/app/modules/ring_buf
  starting_dir /home/cto/zephyrproject/zephyr-course
  obj_dir      /home/cto/zephyrproject/zephyr-course/twister-out
  gcda_fname   native_sim_native/host_gnu/zephyr-course/tests/ring_buf/homework.unit.ring_buf/zephyr/kernel/CMakeFiles/kernel.dir/thread.c.gcda
  --> fname    /home/cto/zephyrproject/zephyr/include/zephyr/kernel/thread_stack.h
(DEBUG) Check if /home/cto/zephyrproject/zephyr/include/zephyr/kernel/thread_stack.h is included (source file)...
(DEBUG) --> File is excluded.
(DEBUG) Check if /home/cto/zephyrproject/zephyr-course/twister-out/kernel.h##3d600634decb40355467717e98cbaefe.gcov is included (trace)...
(DEBUG) --> File is excluded.
(DEBUG) Finding source file corresponding to a gcov data file
  gcov_fname   /home/cto/zephyrproject/zephyr-course/twister-out/kernel.h##3d600634decb40355467717e98cbaefe.gcov
  current_dir  /home/cto/zephyrproject/zephyr-course/twister-out
  root         /home/cto/zephyrproject/zephyr-course/app/modules/ring_buf
  starting_dir /home/cto/zephyrproject/zephyr-course
  obj_dir      /home/cto/zephyrproject/zephyr-course/twister-out
  gcda_fname   native_sim_native/host_gnu/zephyr-course/tests/ring_buf/homework.unit.ring_buf/zephyr/kernel/CMakeFiles/kernel.dir/thread.c.gcda
  --> fname    /home/cto/zephyrproject/zephyr/include/zephyr/kernel.h
(DEBUG) Check if /home/cto/zephyrproject/zephyr/include/zephyr/kernel.h is included (source file)...
(DEBUG) --> File is excluded.
(DEBUG) Check if /home/cto/zephyrproject/zephyr-course/twister-out/native_sim_native/host_gnu/zephyr-course/tests/ring_buf/homework.unit.ring_buf/zephyr/kernel/CMakeFiles/kernel.dir/timeout.c.gcda is included (trace)...
(DEBUG)   No filter matched.
(DEBUG) --> File is excluded.
(DEBUG) Check if /home/cto/zephyrproject/zephyr-course/twister-out/native_sim_native/host_gnu/zephyr-course/tests/ring_buf/homework.unit.ring_buf/zephyr/kernel/CMakeFiles/kernel.dir/timeout.c.gcda is included (trace)...
(DEBUG) --> File is excluded.
(DEBUG) Check if timeout.c##4d4bb5389e9f652809897897ddbf743c.gcov is included (gcov file)...
(DEBUG)   Filter AlwaysMatchFilter() matched.
(DEBUG) --> File is included.
(DEBUG) Check if timeout_q.h##a95b2b01f7e434a2400daebfad8ed345.gcov is included (gcov file)...
(DEBUG) --> File is included.
(DEBUG) Check if spinlock.h##7a9625cd30eeacafc44455d74d611b1c.gcov is included (gcov file)...
(DEBUG) --> File is included.
(DEBUG) Check if arch.h##cd3ec459a8a675a723e815b63d40d361.gcov is included (gcov file)...
(DEBUG) --> File is included.
(DEBUG) Check if dlist.h##433b9b986dcbf92abddbed41f2b435fa.gcov is included (gcov file)...
(DEBUG) --> File is included.
(DEBUG) Check if /home/cto/zephyrproject/zephyr-course/twister-out/dlist.h##433b9b986dcbf92abddbed41f2b435fa.gcov is included (trace)...
(DEBUG) --> File is excluded.
(DEBUG) Finding source file corresponding to a gcov data file
  gcov_fname   /home/cto/zephyrproject/zephyr-course/twister-out/dlist.h##433b9b986dcbf92abddbed41f2b435fa.gcov
  current_dir  /home/cto/zephyrproject/zephyr-course/twister-out
  root         /home/cto/zephyrproject/zephyr-course/app/modules/ring_buf
  starting_dir /home/cto/zephyrproject/zephyr-course
  obj_dir      /home/cto/zephyrproject/zephyr-course/twister-out
  gcda_fname   native_sim_native/host_gnu/zephyr-course/tests/ring_buf/homework.unit.ring_buf/zephyr/kernel/CMakeFiles/kernel.dir/timeout.c.gcda
  --> fname    /home/cto/zephyrproject/zephyr/include/zephyr/sys/dlist.h
(DEBUG) Check if /home/cto/zephyrproject/zephyr/include/zephyr/sys/dlist.h is included (source file)...
(DEBUG) --> File is excluded.
(DEBUG) Check if /home/cto/zephyrproject/zephyr-course/twister-out/timeout_q.h##a95b2b01f7e434a2400daebfad8ed345.gcov is included (trace)...
(DEBUG) --> File is excluded.
(DEBUG) Finding source file corresponding to a gcov data file
  gcov_fname   /home/cto/zephyrproject/zephyr-course/twister-out/timeout_q.h##a95b2b01f7e434a2400daebfad8ed345.gcov
  current_dir  /home/cto/zephyrproject/zephyr-course/twister-out
  root         /home/cto/zephyrproject/zephyr-course/app/modules/ring_buf
  starting_dir /home/cto/zephyrproject/zephyr-course
  obj_dir      /home/cto/zephyrproject/zephyr-course/twister-out
  gcda_fname   native_sim_native/host_gnu/zephyr-course/tests/ring_buf/homework.unit.ring_buf/zephyr/kernel/CMakeFiles/kernel.dir/timeout.c.gcda
  --> fname    /home/cto/zephyrproject/zephyr/kernel/include/timeout_q.h
(DEBUG) Check if /home/cto/zephyrproject/zephyr/kernel/include/timeout_q.h is included (source file)...
(DEBUG) --> File is excluded.
(DEBUG) Check if /home/cto/zephyrproject/zephyr-course/twister-out/spinlock.h##7a9625cd30eeacafc44455d74d611b1c.gcov is included (trace)...
(DEBUG) --> File is excluded.
(DEBUG) Finding source file corresponding to a gcov data file
  gcov_fname   /home/cto/zephyrproject/zephyr-course/twister-out/spinlock.h##7a9625cd30eeacafc44455d74d611b1c.gcov
  current_dir  /home/cto/zephyrproject/zephyr-course/twister-out
  root         /home/cto/zephyrproject/zephyr-course/app/modules/ring_buf
  starting_dir /home/cto/zephyrproject/zephyr-course
  obj_dir      /home/cto/zephyrproject/zephyr-course/twister-out
  gcda_fname   native_sim_native/host_gnu/zephyr-course/tests/ring_buf/homework.unit.ring_buf/zephyr/kernel/CMakeFiles/kernel.dir/timeout.c.gcda
  --> fname    /home/cto/zephyrproject/zephyr/include/zephyr/spinlock.h
(DEBUG) Check if /home/cto/zephyrproject/zephyr/include/zephyr/spinlock.h is included (source file)...
(DEBUG) --> File is excluded.
(DEBUG) Check if /home/cto/zephyrproject/zephyr-course/twister-out/timeout.c##4d4bb5389e9f652809897897ddbf743c.gcov is included (trace)...
(DEBUG)   No filter matched.
(DEBUG) --> File is excluded.
(DEBUG) Finding source file corresponding to a gcov data file
  gcov_fname   /home/cto/zephyrproject/zephyr-course/twister-out/timeout.c##4d4bb5389e9f652809897897ddbf743c.gcov
  current_dir  /home/cto/zephyrproject/zephyr-course/twister-out
  root         /home/cto/zephyrproject/zephyr-course/app/modules/ring_buf
  starting_dir /home/cto/zephyrproject/zephyr-course
  obj_dir      /home/cto/zephyrproject/zephyr-course/twister-out
  gcda_fname   native_sim_native/host_gnu/zephyr-course/tests/ring_buf/homework.unit.ring_buf/zephyr/kernel/CMakeFiles/kernel.dir/timeout.c.gcda
  --> fname    /home/cto/zephyrproject/zephyr/kernel/timeout.c
(DEBUG) Check if /home/cto/zephyrproject/zephyr/kernel/timeout.c is included (source file)...
(DEBUG)   No filter matched.
(DEBUG) --> File is excluded.
(DEBUG) Check if /home/cto/zephyrproject/zephyr-course/twister-out/arch.h##cd3ec459a8a675a723e815b63d40d361.gcov is included (trace)...
(DEBUG) --> File is excluded.
(DEBUG) Finding source file corresponding to a gcov data file
  gcov_fname   /home/cto/zephyrproject/zephyr-course/twister-out/arch.h##cd3ec459a8a675a723e815b63d40d361.gcov
  current_dir  /home/cto/zephyrproject/zephyr-course/twister-out
  root         /home/cto/zephyrproject/zephyr-course/app/modules/ring_buf
  starting_dir /home/cto/zephyrproject/zephyr-course
  obj_dir      /home/cto/zephyrproject/zephyr-course/twister-out
  gcda_fname   native_sim_native/host_gnu/zephyr-course/tests/ring_buf/homework.unit.ring_buf/zephyr/kernel/CMakeFiles/kernel.dir/timeout.c.gcda
  --> fname    /home/cto/zephyrproject/zephyr/include/zephyr/arch/posix/arch.h
(DEBUG) Check if /home/cto/zephyrproject/zephyr/include/zephyr/arch/posix/arch.h is included (source file)...
(DEBUG) --> File is excluded.
(DEBUG) Check if /home/cto/zephyrproject/zephyr-course/twister-out/native_sim_native/host_gnu/zephyr-course/tests/ring_buf/homework.unit.ring_buf/zephyr/kernel/CMakeFiles/kernel.dir/timer.c.gcda is included (trace)...
(DEBUG)   No filter matched.
(DEBUG) --> File is excluded.
(DEBUG) Check if /home/cto/zephyrproject/zephyr-course/twister-out/native_sim_native/host_gnu/zephyr-course/tests/ring_buf/homework.unit.ring_buf/zephyr/kernel/CMakeFiles/kernel.dir/timer.c.gcda is included (trace)...
(DEBUG) --> File is excluded.
(DEBUG) Check if timer.c##384f9e74873bc4fa061c68b4cb7551d7.gcov is included (gcov file)...
(DEBUG)   Filter AlwaysMatchFilter() matched.
(DEBUG) --> File is included.
(DEBUG) Check if wait_q.h##ded2ae2822159b780ea75cb59b2ee9ab.gcov is included (gcov file)...
(DEBUG) --> File is included.
(DEBUG) Check if ksched.h##ed05a602fa65c69cb6663bf196ec30da.gcov is included (gcov file)...
(DEBUG) --> File is included.
(DEBUG) Check if timeout_q.h##a95b2b01f7e434a2400daebfad8ed345.gcov is included (gcov file)...
(DEBUG) --> File is included.
(DEBUG) Check if kernel_arch_func.h##abfef9e7d3ad40b2d908e530356295bd.gcov is included (gcov file)...
(DEBUG) --> File is included.
(DEBUG) Check if kernel.h##a43b07f35530a2575a8767c959abd1d5.gcov is included (gcov file)...
(DEBUG) --> File is included.
(DEBUG) Check if kobject_internal.h##c80d72ddd75e3dc86bbda9d3af962332.gcov is included (gcov file)...
(DEBUG) --> File is included.
(DEBUG) Check if spinlock.h##7a9625cd30eeacafc44455d74d611b1c.gcov is included (gcov file)...
(DEBUG) --> File is included.
(DEBUG) Check if arch.h##cd3ec459a8a675a723e815b63d40d361.gcov is included (gcov file)...
(DEBUG) --> File is included.
(DEBUG) Check if dlist.h##433b9b986dcbf92abddbed41f2b435fa.gcov is included (gcov file)...
(DEBUG) --> File is included.
(DEBUG) Check if /home/cto/zephyrproject/zephyr-course/twister-out/dlist.h##433b9b986dcbf92abddbed41f2b435fa.gcov is included (trace)...
(DEBUG) --> File is excluded.
(DEBUG) Finding source file corresponding to a gcov data file
  gcov_fname   /home/cto/zephyrproject/zephyr-course/twister-out/dlist.h##433b9b986dcbf92abddbed41f2b435fa.gcov
  current_dir  /home/cto/zephyrproject/zephyr-course/twister-out
  root         /home/cto/zephyrproject/zephyr-course/app/modules/ring_buf
  starting_dir /home/cto/zephyrproject/zephyr-course
  obj_dir      /home/cto/zephyrproject/zephyr-course/twister-out
  gcda_fname   native_sim_native/host_gnu/zephyr-course/tests/ring_buf/homework.unit.ring_buf/zephyr/kernel/CMakeFiles/kernel.dir/timer.c.gcda
  --> fname    /home/cto/zephyrproject/zephyr/include/zephyr/sys/dlist.h
(DEBUG) Check if /home/cto/zephyrproject/zephyr/include/zephyr/sys/dlist.h is included (source file)...
(DEBUG) --> File is excluded.
(DEBUG) Check if /home/cto/zephyrproject/zephyr-course/twister-out/timeout_q.h##a95b2b01f7e434a2400daebfad8ed345.gcov is included (trace)...
(DEBUG) --> File is excluded.
(DEBUG) Finding source file corresponding to a gcov data file
  gcov_fname   /home/cto/zephyrproject/zephyr-course/twister-out/timeout_q.h##a95b2b01f7e434a2400daebfad8ed345.gcov
  current_dir  /home/cto/zephyrproject/zephyr-course/twister-out
  root         /home/cto/zephyrproject/zephyr-course/app/modules/ring_buf
  starting_dir /home/cto/zephyrproject/zephyr-course
  obj_dir      /home/cto/zephyrproject/zephyr-course/twister-out
  gcda_fname   native_sim_native/host_gnu/zephyr-course/tests/ring_buf/homework.unit.ring_buf/zephyr/kernel/CMakeFiles/kernel.dir/timer.c.gcda
  --> fname    /home/cto/zephyrproject/zephyr/kernel/include/timeout_q.h
(DEBUG) Check if /home/cto/zephyrproject/zephyr/kernel/include/timeout_q.h is included (source file)...
(DEBUG) --> File is excluded.
(DEBUG) Check if /home/cto/zephyrproject/zephyr-course/twister-out/kobject_internal.h##c80d72ddd75e3dc86bbda9d3af962332.gcov is included (trace)...
(DEBUG) --> File is excluded.
(DEBUG) Finding source file corresponding to a gcov data file
  gcov_fname   /home/cto/zephyrproject/zephyr-course/twister-out/kobject_internal.h##c80d72ddd75e3dc86bbda9d3af962332.gcov
  current_dir  /home/cto/zephyrproject/zephyr-course/twister-out
  root         /home/cto/zephyrproject/zephyr-course/app/modules/ring_buf
  starting_dir /home/cto/zephyrproject/zephyr-course
  obj_dir      /home/cto/zephyrproject/zephyr-course/twister-out
  gcda_fname   native_sim_native/host_gnu/zephyr-course/tests/ring_buf/homework.unit.ring_buf/zephyr/kernel/CMakeFiles/kernel.dir/timer.c.gcda
  --> fname    /home/cto/zephyrproject/zephyr/include/zephyr/sys/internal/kobject_internal.h
(DEBUG) Check if /home/cto/zephyrproject/zephyr/include/zephyr/sys/internal/kobject_internal.h is included (source file)...
(DEBUG) --> File is excluded.
(DEBUG) Check if /home/cto/zephyrproject/zephyr-course/twister-out/kernel_arch_func.h##abfef9e7d3ad40b2d908e530356295bd.gcov is included (trace)...
(DEBUG) --> File is excluded.
(DEBUG) Finding source file corresponding to a gcov data file
  gcov_fname   /home/cto/zephyrproject/zephyr-course/twister-out/kernel_arch_func.h##abfef9e7d3ad40b2d908e530356295bd.gcov
  current_dir  /home/cto/zephyrproject/zephyr-course/twister-out
  root         /home/cto/zephyrproject/zephyr-course/app/modules/ring_buf
  starting_dir /home/cto/zephyrproject/zephyr-course
  obj_dir      /home/cto/zephyrproject/zephyr-course/twister-out
  gcda_fname   native_sim_native/host_gnu/zephyr-course/tests/ring_buf/homework.unit.ring_buf/zephyr/kernel/CMakeFiles/kernel.dir/timer.c.gcda
  --> fname    /home/cto/zephyrproject/zephyr/arch/posix/include/kernel_arch_func.h
(DEBUG) Check if /home/cto/zephyrproject/zephyr/arch/posix/include/kernel_arch_func.h is included (source file)...
(DEBUG) --> File is excluded.
(DEBUG) Check if /home/cto/zephyrproject/zephyr-course/twister-out/ksched.h##ed05a602fa65c69cb6663bf196ec30da.gcov is included (trace)...
(DEBUG) --> File is excluded.
(DEBUG) Finding source file corresponding to a gcov data file
  gcov_fname   /home/cto/zephyrproject/zephyr-course/twister-out/ksched.h##ed05a602fa65c69cb6663bf196ec30da.gcov
  current_dir  /home/cto/zephyrproject/zephyr-course/twister-out
  root         /home/cto/zephyrproject/zephyr-course/app/modules/ring_buf
  starting_dir /home/cto/zephyrproject/zephyr-course
  obj_dir      /home/cto/zephyrproject/zephyr-course/twister-out
  gcda_fname   native_sim_native/host_gnu/zephyr-course/tests/ring_buf/homework.unit.ring_buf/zephyr/kernel/CMakeFiles/kernel.dir/timer.c.gcda
  --> fname    /home/cto/zephyrproject/zephyr/kernel/include/ksched.h
(DEBUG) Check if /home/cto/zephyrproject/zephyr/kernel/include/ksched.h is included (source file)...
(DEBUG) --> File is excluded.
(DEBUG) Check if /home/cto/zephyrproject/zephyr-course/twister-out/wait_q.h##ded2ae2822159b780ea75cb59b2ee9ab.gcov is included (trace)...
(DEBUG) --> File is excluded.
(DEBUG) Finding source file corresponding to a gcov data file
  gcov_fname   /home/cto/zephyrproject/zephyr-course/twister-out/wait_q.h##ded2ae2822159b780ea75cb59b2ee9ab.gcov
  current_dir  /home/cto/zephyrproject/zephyr-course/twister-out
  root         /home/cto/zephyrproject/zephyr-course/app/modules/ring_buf
  starting_dir /home/cto/zephyrproject/zephyr-course
  obj_dir      /home/cto/zephyrproject/zephyr-course/twister-out
  gcda_fname   native_sim_native/host_gnu/zephyr-course/tests/ring_buf/homework.unit.ring_buf/zephyr/kernel/CMakeFiles/kernel.dir/timer.c.gcda
  --> fname    /home/cto/zephyrproject/zephyr/kernel/include/wait_q.h
(DEBUG) Check if /home/cto/zephyrproject/zephyr/kernel/include/wait_q.h is included (source file)...
(DEBUG) --> File is excluded.
(DEBUG) Check if /home/cto/zephyrproject/zephyr-course/twister-out/spinlock.h##7a9625cd30eeacafc44455d74d611b1c.gcov is included (trace)...
(DEBUG) --> File is excluded.
(DEBUG) Finding source file corresponding to a gcov data file
  gcov_fname   /home/cto/zephyrproject/zephyr-course/twister-out/spinlock.h##7a9625cd30eeacafc44455d74d611b1c.gcov
  current_dir  /home/cto/zephyrproject/zephyr-course/twister-out
  root         /home/cto/zephyrproject/zephyr-course/app/modules/ring_buf
  starting_dir /home/cto/zephyrproject/zephyr-course
  obj_dir      /home/cto/zephyrproject/zephyr-course/twister-out
  gcda_fname   native_sim_native/host_gnu/zephyr-course/tests/ring_buf/homework.unit.ring_buf/zephyr/kernel/CMakeFiles/kernel.dir/timer.c.gcda
  --> fname    /home/cto/zephyrproject/zephyr/include/zephyr/spinlock.h
(DEBUG) Check if /home/cto/zephyrproject/zephyr/include/zephyr/spinlock.h is included (source file)...
(DEBUG) --> File is excluded.
(DEBUG) Check if /home/cto/zephyrproject/zephyr-course/twister-out/arch.h##cd3ec459a8a675a723e815b63d40d361.gcov is included (trace)...
(DEBUG) --> File is excluded.
(DEBUG) Finding source file corresponding to a gcov data file
  gcov_fname   /home/cto/zephyrproject/zephyr-course/twister-out/arch.h##cd3ec459a8a675a723e815b63d40d361.gcov
  current_dir  /home/cto/zephyrproject/zephyr-course/twister-out
  root         /home/cto/zephyrproject/zephyr-course/app/modules/ring_buf
  starting_dir /home/cto/zephyrproject/zephyr-course
  obj_dir      /home/cto/zephyrproject/zephyr-course/twister-out
  gcda_fname   native_sim_native/host_gnu/zephyr-course/tests/ring_buf/homework.unit.ring_buf/zephyr/kernel/CMakeFiles/kernel.dir/timer.c.gcda
  --> fname    /home/cto/zephyrproject/zephyr/include/zephyr/arch/posix/arch.h
(DEBUG) Check if /home/cto/zephyrproject/zephyr/include/zephyr/arch/posix/arch.h is included (source file)...
(DEBUG) --> File is excluded.
(DEBUG) Check if /home/cto/zephyrproject/zephyr-course/twister-out/timer.c##384f9e74873bc4fa061c68b4cb7551d7.gcov is included (trace)...
(DEBUG)   No filter matched.
(DEBUG) --> File is excluded.
(DEBUG) Finding source file corresponding to a gcov data file
  gcov_fname   /home/cto/zephyrproject/zephyr-course/twister-out/timer.c##384f9e74873bc4fa061c68b4cb7551d7.gcov
  current_dir  /home/cto/zephyrproject/zephyr-course/twister-out
  root         /home/cto/zephyrproject/zephyr-course/app/modules/ring_buf
  starting_dir /home/cto/zephyrproject/zephyr-course
  obj_dir      /home/cto/zephyrproject/zephyr-course/twister-out
  gcda_fname   native_sim_native/host_gnu/zephyr-course/tests/ring_buf/homework.unit.ring_buf/zephyr/kernel/CMakeFiles/kernel.dir/timer.c.gcda
  --> fname    /home/cto/zephyrproject/zephyr/kernel/timer.c
(DEBUG) Check if /home/cto/zephyrproject/zephyr/kernel/timer.c is included (source file)...
(DEBUG)   No filter matched.
(DEBUG) --> File is excluded.
(DEBUG) Check if /home/cto/zephyrproject/zephyr-course/twister-out/kernel.h##a43b07f35530a2575a8767c959abd1d5.gcov is included (trace)...
(DEBUG) --> File is excluded.
(DEBUG) Finding source file corresponding to a gcov data file
  gcov_fname   /home/cto/zephyrproject/zephyr-course/twister-out/kernel.h##a43b07f35530a2575a8767c959abd1d5.gcov
  current_dir  /home/cto/zephyrproject/zephyr-course/twister-out
  root         /home/cto/zephyrproject/zephyr-course/app/modules/ring_buf
  starting_dir /home/cto/zephyrproject/zephyr-course
  obj_dir      /home/cto/zephyrproject/zephyr-course/twister-out
  gcda_fname   native_sim_native/host_gnu/zephyr-course/tests/ring_buf/homework.unit.ring_buf/zephyr/kernel/CMakeFiles/kernel.dir/timer.c.gcda
  --> fname    /home/cto/zephyrproject/zephyr-course/twister-out/native_sim_native/host_gnu/zephyr-course/tests/ring_buf/homework.unit.ring_buf/zephyr/include/generated/zephyr/syscalls/kernel.h
(DEBUG) Check if /home/cto/zephyrproject/zephyr-course/twister-out/native_sim_native/host_gnu/zephyr-course/tests/ring_buf/homework.unit.ring_buf/zephyr/include/generated/zephyr/syscalls/kernel.h is included (source file)...
(DEBUG) --> File is excluded.
(DEBUG) Check if /home/cto/zephyrproject/zephyr-course/twister-out/native_sim_native/host_gnu/zephyr-course/tests/ring_buf/homework.unit.ring_buf/zephyr/kernel/CMakeFiles/kernel.dir/timeslicing.c.gcda is included (trace)...
(DEBUG)   No filter matched.
(DEBUG) --> File is excluded.
(DEBUG) Check if /home/cto/zephyrproject/zephyr-course/twister-out/native_sim_native/host_gnu/zephyr-course/tests/ring_buf/homework.unit.ring_buf/zephyr/kernel/CMakeFiles/kernel.dir/timeslicing.c.gcda is included (trace)...
(DEBUG) --> File is excluded.
(DEBUG) Check if timeslicing.c##89de425cecdaf91a4e887d1a1a6d63f0.gcov is included (gcov file)...
(DEBUG)   Filter AlwaysMatchFilter() matched.
(DEBUG) --> File is included.
(DEBUG) Check if ksched.h##ed05a602fa65c69cb6663bf196ec30da.gcov is included (gcov file)...
(DEBUG) --> File is included.
(DEBUG) Check if kthread.h##dd2da6b097956e25ca6725b2474a3e43.gcov is included (gcov file)...
(DEBUG) --> File is included.
(DEBUG) Check if spinlock.h##7a9625cd30eeacafc44455d74d611b1c.gcov is included (gcov file)...
(DEBUG) --> File is included.
(DEBUG) Check if arch.h##cd3ec459a8a675a723e815b63d40d361.gcov is included (gcov file)...
(DEBUG) --> File is included.
(DEBUG) Check if /home/cto/zephyrproject/zephyr-course/twister-out/kthread.h##dd2da6b097956e25ca6725b2474a3e43.gcov is included (trace)...
(DEBUG) --> File is excluded.
(DEBUG) Finding source file corresponding to a gcov data file
  gcov_fname   /home/cto/zephyrproject/zephyr-course/twister-out/kthread.h##dd2da6b097956e25ca6725b2474a3e43.gcov
  current_dir  /home/cto/zephyrproject/zephyr-course/twister-out
  root         /home/cto/zephyrproject/zephyr-course/app/modules/ring_buf
  starting_dir /home/cto/zephyrproject/zephyr-course
  obj_dir      /home/cto/zephyrproject/zephyr-course/twister-out
  gcda_fname   native_sim_native/host_gnu/zephyr-course/tests/ring_buf/homework.unit.ring_buf/zephyr/kernel/CMakeFiles/kernel.dir/timeslicing.c.gcda
  --> fname    /home/cto/zephyrproject/zephyr/kernel/include/kthread.h
(DEBUG) Check if /home/cto/zephyrproject/zephyr/kernel/include/kthread.h is included (source file)...
(DEBUG) --> File is excluded.
(DEBUG) Check if /home/cto/zephyrproject/zephyr-course/twister-out/ksched.h##ed05a602fa65c69cb6663bf196ec30da.gcov is included (trace)...
(DEBUG) --> File is excluded.
(DEBUG) Finding source file corresponding to a gcov data file
  gcov_fname   /home/cto/zephyrproject/zephyr-course/twister-out/ksched.h##ed05a602fa65c69cb6663bf196ec30da.gcov
  current_dir  /home/cto/zephyrproject/zephyr-course/twister-out
  root         /home/cto/zephyrproject/zephyr-course/app/modules/ring_buf
  starting_dir /home/cto/zephyrproject/zephyr-course
  obj_dir      /home/cto/zephyrproject/zephyr-course/twister-out
  gcda_fname   native_sim_native/host_gnu/zephyr-course/tests/ring_buf/homework.unit.ring_buf/zephyr/kernel/CMakeFiles/kernel.dir/timeslicing.c.gcda
  --> fname    /home/cto/zephyrproject/zephyr/kernel/include/ksched.h
(DEBUG) Check if /home/cto/zephyrproject/zephyr/kernel/include/ksched.h is included (source file)...
(DEBUG) --> File is excluded.
(DEBUG) Check if /home/cto/zephyrproject/zephyr-course/twister-out/timeslicing.c##89de425cecdaf91a4e887d1a1a6d63f0.gcov is included (trace)...
(DEBUG)   No filter matched.
(DEBUG) --> File is excluded.
(DEBUG) Finding source file corresponding to a gcov data file
  gcov_fname   /home/cto/zephyrproject/zephyr-course/twister-out/timeslicing.c##89de425cecdaf91a4e887d1a1a6d63f0.gcov
  current_dir  /home/cto/zephyrproject/zephyr-course/twister-out
  root         /home/cto/zephyrproject/zephyr-course/app/modules/ring_buf
  starting_dir /home/cto/zephyrproject/zephyr-course
  obj_dir      /home/cto/zephyrproject/zephyr-course/twister-out
  gcda_fname   native_sim_native/host_gnu/zephyr-course/tests/ring_buf/homework.unit.ring_buf/zephyr/kernel/CMakeFiles/kernel.dir/timeslicing.c.gcda
  --> fname    /home/cto/zephyrproject/zephyr/kernel/timeslicing.c
(DEBUG) Check if /home/cto/zephyrproject/zephyr/kernel/timeslicing.c is included (source file)...
(DEBUG)   No filter matched.
(DEBUG) --> File is excluded.
(DEBUG) Check if /home/cto/zephyrproject/zephyr-course/twister-out/spinlock.h##7a9625cd30eeacafc44455d74d611b1c.gcov is included (trace)...
(DEBUG) --> File is excluded.
(DEBUG) Finding source file corresponding to a gcov data file
  gcov_fname   /home/cto/zephyrproject/zephyr-course/twister-out/spinlock.h##7a9625cd30eeacafc44455d74d611b1c.gcov
  current_dir  /home/cto/zephyrproject/zephyr-course/twister-out
  root         /home/cto/zephyrproject/zephyr-course/app/modules/ring_buf
  starting_dir /home/cto/zephyrproject/zephyr-course
  obj_dir      /home/cto/zephyrproject/zephyr-course/twister-out
  gcda_fname   native_sim_native/host_gnu/zephyr-course/tests/ring_buf/homework.unit.ring_buf/zephyr/kernel/CMakeFiles/kernel.dir/timeslicing.c.gcda
  --> fname    /home/cto/zephyrproject/zephyr/include/zephyr/spinlock.h
(DEBUG) Check if /home/cto/zephyrproject/zephyr/include/zephyr/spinlock.h is included (source file)...
(DEBUG) --> File is excluded.
(DEBUG) Check if /home/cto/zephyrproject/zephyr-course/twister-out/arch.h##cd3ec459a8a675a723e815b63d40d361.gcov is included (trace)...
(DEBUG) --> File is excluded.
(DEBUG) Finding source file corresponding to a gcov data file
  gcov_fname   /home/cto/zephyrproject/zephyr-course/twister-out/arch.h##cd3ec459a8a675a723e815b63d40d361.gcov
  current_dir  /home/cto/zephyrproject/zephyr-course/twister-out
  root         /home/cto/zephyrproject/zephyr-course/app/modules/ring_buf
  starting_dir /home/cto/zephyrproject/zephyr-course
  obj_dir      /home/cto/zephyrproject/zephyr-course/twister-out
  gcda_fname   native_sim_native/host_gnu/zephyr-course/tests/ring_buf/homework.unit.ring_buf/zephyr/kernel/CMakeFiles/kernel.dir/timeslicing.c.gcda
  --> fname    /home/cto/zephyrproject/zephyr/include/zephyr/arch/posix/arch.h
(DEBUG) Check if /home/cto/zephyrproject/zephyr/include/zephyr/arch/posix/arch.h is included (source file)...
(DEBUG) --> File is excluded.
(DEBUG) Check if /home/cto/zephyrproject/zephyr-course/twister-out/native_sim_native/host_gnu/zephyr-course/tests/ring_buf/homework.unit.ring_buf/zephyr/kernel/CMakeFiles/kernel.dir/version.c.gcno is included (trace)...
(DEBUG)   No filter matched.
(DEBUG) --> File is excluded.
(DEBUG) Check if /home/cto/zephyrproject/zephyr-course/twister-out/native_sim_native/host_gnu/zephyr-course/tests/ring_buf/homework.unit.ring_buf/zephyr/kernel/CMakeFiles/kernel.dir/version.c.gcno is included (trace)...
(DEBUG) --> File is excluded.
(DEBUG) Check if version.c##2153f6dfcb493b24d40b8052142e1b1b.gcov is included (gcov file)...
(DEBUG)   Filter AlwaysMatchFilter() matched.
(DEBUG) --> File is included.
(DEBUG) Check if /home/cto/zephyrproject/zephyr-course/twister-out/version.c##2153f6dfcb493b24d40b8052142e1b1b.gcov is included (trace)...
(DEBUG)   No filter matched.
(DEBUG) --> File is excluded.
(DEBUG) Finding source file corresponding to a gcov data file
  gcov_fname   /home/cto/zephyrproject/zephyr-course/twister-out/version.c##2153f6dfcb493b24d40b8052142e1b1b.gcov
  current_dir  /home/cto/zephyrproject/zephyr-course/twister-out
  root         /home/cto/zephyrproject/zephyr-course/app/modules/ring_buf
  starting_dir /home/cto/zephyrproject/zephyr-course
  obj_dir      /home/cto/zephyrproject/zephyr-course/twister-out
  gcda_fname   native_sim_native/host_gnu/zephyr-course/tests/ring_buf/homework.unit.ring_buf/zephyr/kernel/CMakeFiles/kernel.dir/version.c.gcno
  --> fname    /home/cto/zephyrproject/zephyr/kernel/version.c
(DEBUG) Check if /home/cto/zephyrproject/zephyr/kernel/version.c is included (source file)...
(DEBUG)   No filter matched.
(DEBUG) --> File is excluded.
(DEBUG) Check if /home/cto/zephyrproject/zephyr-course/twister-out/native_sim_native/host_gnu/zephyr-course/tests/ring_buf/homework.unit.ring_buf/zephyr/kernel/CMakeFiles/kernel.dir/work.c.gcno is included (trace)...
(DEBUG)   No filter matched.
(DEBUG) --> File is excluded.
(DEBUG) Check if /home/cto/zephyrproject/zephyr-course/twister-out/native_sim_native/host_gnu/zephyr-course/tests/ring_buf/homework.unit.ring_buf/zephyr/kernel/CMakeFiles/kernel.dir/work.c.gcno is included (trace)...
(DEBUG) --> File is excluded.
(DEBUG) Check if work.c##17beea39525efbad2a3fb9cf3124516c.gcov is included (gcov file)...
(DEBUG)   Filter AlwaysMatchFilter() matched.
(DEBUG) --> File is included.
(DEBUG) Check if ksched.h##ed05a602fa65c69cb6663bf196ec30da.gcov is included (gcov file)...
(DEBUG) --> File is included.
(DEBUG) Check if kthread.h##dd2da6b097956e25ca6725b2474a3e43.gcov is included (gcov file)...
(DEBUG) --> File is included.
(DEBUG) Check if wait_q.h##ded2ae2822159b780ea75cb59b2ee9ab.gcov is included (gcov file)...
(DEBUG) --> File is included.
(DEBUG) Check if timeout_q.h##a95b2b01f7e434a2400daebfad8ed345.gcov is included (gcov file)...
(DEBUG) --> File is included.
(DEBUG) Check if kernel.h##a43b07f35530a2575a8767c959abd1d5.gcov is included (gcov file)...
(DEBUG) --> File is included.
(DEBUG) Check if kernel.h##3d600634decb40355467717e98cbaefe.gcov is included (gcov file)...
(DEBUG) --> File is included.
(DEBUG) Check if spinlock.h##7a9625cd30eeacafc44455d74d611b1c.gcov is included (gcov file)...
(DEBUG) --> File is included.
(DEBUG) Check if arch.h##cd3ec459a8a675a723e815b63d40d361.gcov is included (gcov file)...
(DEBUG) --> File is included.
(DEBUG) Check if slist.h##7b95aa3c0698bfea51ac3ed14efb4063.gcov is included (gcov file)...
(DEBUG) --> File is included.
(DEBUG) Check if dlist.h##433b9b986dcbf92abddbed41f2b435fa.gcov is included (gcov file)...
(DEBUG) --> File is included.
(DEBUG) Check if /home/cto/zephyrproject/zephyr-course/twister-out/dlist.h##433b9b986dcbf92abddbed41f2b435fa.gcov is included (trace)...
(DEBUG) --> File is excluded.
(DEBUG) Finding source file corresponding to a gcov data file
  gcov_fname   /home/cto/zephyrproject/zephyr-course/twister-out/dlist.h##433b9b986dcbf92abddbed41f2b435fa.gcov
  current_dir  /home/cto/zephyrproject/zephyr-course/twister-out
  root         /home/cto/zephyrproject/zephyr-course/app/modules/ring_buf
  starting_dir /home/cto/zephyrproject/zephyr-course
  obj_dir      /home/cto/zephyrproject/zephyr-course/twister-out
  gcda_fname   native_sim_native/host_gnu/zephyr-course/tests/ring_buf/homework.unit.ring_buf/zephyr/kernel/CMakeFiles/kernel.dir/work.c.gcno
  --> fname    /home/cto/zephyrproject/zephyr/include/zephyr/sys/dlist.h
(DEBUG) Check if /home/cto/zephyrproject/zephyr/include/zephyr/sys/dlist.h is included (source file)...
(DEBUG) --> File is excluded.
(DEBUG) Check if /home/cto/zephyrproject/zephyr-course/twister-out/timeout_q.h##a95b2b01f7e434a2400daebfad8ed345.gcov is included (trace)...
(DEBUG) --> File is excluded.
(DEBUG) Finding source file corresponding to a gcov data file
  gcov_fname   /home/cto/zephyrproject/zephyr-course/twister-out/timeout_q.h##a95b2b01f7e434a2400daebfad8ed345.gcov
  current_dir  /home/cto/zephyrproject/zephyr-course/twister-out
  root         /home/cto/zephyrproject/zephyr-course/app/modules/ring_buf
  starting_dir /home/cto/zephyrproject/zephyr-course
  obj_dir      /home/cto/zephyrproject/zephyr-course/twister-out
  gcda_fname   native_sim_native/host_gnu/zephyr-course/tests/ring_buf/homework.unit.ring_buf/zephyr/kernel/CMakeFiles/kernel.dir/work.c.gcno
  --> fname    /home/cto/zephyrproject/zephyr/kernel/include/timeout_q.h
(DEBUG) Check if /home/cto/zephyrproject/zephyr/kernel/include/timeout_q.h is included (source file)...
(DEBUG) --> File is excluded.
(DEBUG) Check if /home/cto/zephyrproject/zephyr-course/twister-out/kthread.h##dd2da6b097956e25ca6725b2474a3e43.gcov is included (trace)...
(DEBUG) --> File is excluded.
(DEBUG) Finding source file corresponding to a gcov data file
  gcov_fname   /home/cto/zephyrproject/zephyr-course/twister-out/kthread.h##dd2da6b097956e25ca6725b2474a3e43.gcov
  current_dir  /home/cto/zephyrproject/zephyr-course/twister-out
  root         /home/cto/zephyrproject/zephyr-course/app/modules/ring_buf
  starting_dir /home/cto/zephyrproject/zephyr-course
  obj_dir      /home/cto/zephyrproject/zephyr-course/twister-out
  gcda_fname   native_sim_native/host_gnu/zephyr-course/tests/ring_buf/homework.unit.ring_buf/zephyr/kernel/CMakeFiles/kernel.dir/work.c.gcno
  --> fname    /home/cto/zephyrproject/zephyr/kernel/include/kthread.h
(DEBUG) Check if /home/cto/zephyrproject/zephyr/kernel/include/kthread.h is included (source file)...
(DEBUG) --> File is excluded.
(DEBUG) Check if /home/cto/zephyrproject/zephyr-course/twister-out/ksched.h##ed05a602fa65c69cb6663bf196ec30da.gcov is included (trace)...
(DEBUG) --> File is excluded.
(DEBUG) Finding source file corresponding to a gcov data file
  gcov_fname   /home/cto/zephyrproject/zephyr-course/twister-out/ksched.h##ed05a602fa65c69cb6663bf196ec30da.gcov
  current_dir  /home/cto/zephyrproject/zephyr-course/twister-out
  root         /home/cto/zephyrproject/zephyr-course/app/modules/ring_buf
  starting_dir /home/cto/zephyrproject/zephyr-course
  obj_dir      /home/cto/zephyrproject/zephyr-course/twister-out
  gcda_fname   native_sim_native/host_gnu/zephyr-course/tests/ring_buf/homework.unit.ring_buf/zephyr/kernel/CMakeFiles/kernel.dir/work.c.gcno
  --> fname    /home/cto/zephyrproject/zephyr/kernel/include/ksched.h
(DEBUG) Check if /home/cto/zephyrproject/zephyr/kernel/include/ksched.h is included (source file)...
(DEBUG) --> File is excluded.
(DEBUG) Check if /home/cto/zephyrproject/zephyr-course/twister-out/slist.h##7b95aa3c0698bfea51ac3ed14efb4063.gcov is included (trace)...
(DEBUG) --> File is excluded.
(DEBUG) Finding source file corresponding to a gcov data file
  gcov_fname   /home/cto/zephyrproject/zephyr-course/twister-out/slist.h##7b95aa3c0698bfea51ac3ed14efb4063.gcov
  current_dir  /home/cto/zephyrproject/zephyr-course/twister-out
  root         /home/cto/zephyrproject/zephyr-course/app/modules/ring_buf
  starting_dir /home/cto/zephyrproject/zephyr-course
  obj_dir      /home/cto/zephyrproject/zephyr-course/twister-out
  gcda_fname   native_sim_native/host_gnu/zephyr-course/tests/ring_buf/homework.unit.ring_buf/zephyr/kernel/CMakeFiles/kernel.dir/work.c.gcno
  --> fname    /home/cto/zephyrproject/zephyr/include/zephyr/sys/slist.h
(DEBUG) Check if /home/cto/zephyrproject/zephyr/include/zephyr/sys/slist.h is included (source file)...
(DEBUG) --> File is excluded.
(DEBUG) Check if /home/cto/zephyrproject/zephyr-course/twister-out/wait_q.h##ded2ae2822159b780ea75cb59b2ee9ab.gcov is included (trace)...
(DEBUG) --> File is excluded.
(DEBUG) Finding source file corresponding to a gcov data file
  gcov_fname   /home/cto/zephyrproject/zephyr-course/twister-out/wait_q.h##ded2ae2822159b780ea75cb59b2ee9ab.gcov
  current_dir  /home/cto/zephyrproject/zephyr-course/twister-out
  root         /home/cto/zephyrproject/zephyr-course/app/modules/ring_buf
  starting_dir /home/cto/zephyrproject/zephyr-course
  obj_dir      /home/cto/zephyrproject/zephyr-course/twister-out
  gcda_fname   native_sim_native/host_gnu/zephyr-course/tests/ring_buf/homework.unit.ring_buf/zephyr/kernel/CMakeFiles/kernel.dir/work.c.gcno
  --> fname    /home/cto/zephyrproject/zephyr/kernel/include/wait_q.h
(DEBUG) Check if /home/cto/zephyrproject/zephyr/kernel/include/wait_q.h is included (source file)...
(DEBUG) --> File is excluded.
(DEBUG) Check if /home/cto/zephyrproject/zephyr-course/twister-out/spinlock.h##7a9625cd30eeacafc44455d74d611b1c.gcov is included (trace)...
(DEBUG) --> File is excluded.
(DEBUG) Finding source file corresponding to a gcov data file
  gcov_fname   /home/cto/zephyrproject/zephyr-course/twister-out/spinlock.h##7a9625cd30eeacafc44455d74d611b1c.gcov
  current_dir  /home/cto/zephyrproject/zephyr-course/twister-out
  root         /home/cto/zephyrproject/zephyr-course/app/modules/ring_buf
  starting_dir /home/cto/zephyrproject/zephyr-course
  obj_dir      /home/cto/zephyrproject/zephyr-course/twister-out
  gcda_fname   native_sim_native/host_gnu/zephyr-course/tests/ring_buf/homework.unit.ring_buf/zephyr/kernel/CMakeFiles/kernel.dir/work.c.gcno
  --> fname    /home/cto/zephyrproject/zephyr/include/zephyr/spinlock.h
(DEBUG) Check if /home/cto/zephyrproject/zephyr/include/zephyr/spinlock.h is included (source file)...
(DEBUG) --> File is excluded.
(DEBUG) Check if /home/cto/zephyrproject/zephyr-course/twister-out/work.c##17beea39525efbad2a3fb9cf3124516c.gcov is included (trace)...
(DEBUG)   No filter matched.
(DEBUG) --> File is excluded.
(DEBUG) Finding source file corresponding to a gcov data file
  gcov_fname   /home/cto/zephyrproject/zephyr-course/twister-out/work.c##17beea39525efbad2a3fb9cf3124516c.gcov
  current_dir  /home/cto/zephyrproject/zephyr-course/twister-out
  root         /home/cto/zephyrproject/zephyr-course/app/modules/ring_buf
  starting_dir /home/cto/zephyrproject/zephyr-course
  obj_dir      /home/cto/zephyrproject/zephyr-course/twister-out
  gcda_fname   native_sim_native/host_gnu/zephyr-course/tests/ring_buf/homework.unit.ring_buf/zephyr/kernel/CMakeFiles/kernel.dir/work.c.gcno
  --> fname    /home/cto/zephyrproject/zephyr/kernel/work.c
(DEBUG) Check if /home/cto/zephyrproject/zephyr/kernel/work.c is included (source file)...
(DEBUG)   No filter matched.
(DEBUG) --> File is excluded.
(DEBUG) Check if /home/cto/zephyrproject/zephyr-course/twister-out/arch.h##cd3ec459a8a675a723e815b63d40d361.gcov is included (trace)...
(DEBUG) --> File is excluded.
(DEBUG) Finding source file corresponding to a gcov data file
  gcov_fname   /home/cto/zephyrproject/zephyr-course/twister-out/arch.h##cd3ec459a8a675a723e815b63d40d361.gcov
  current_dir  /home/cto/zephyrproject/zephyr-course/twister-out
  root         /home/cto/zephyrproject/zephyr-course/app/modules/ring_buf
  starting_dir /home/cto/zephyrproject/zephyr-course
  obj_dir      /home/cto/zephyrproject/zephyr-course/twister-out
  gcda_fname   native_sim_native/host_gnu/zephyr-course/tests/ring_buf/homework.unit.ring_buf/zephyr/kernel/CMakeFiles/kernel.dir/work.c.gcno
  --> fname    /home/cto/zephyrproject/zephyr/include/zephyr/arch/posix/arch.h
(DEBUG) Check if /home/cto/zephyrproject/zephyr/include/zephyr/arch/posix/arch.h is included (source file)...
(DEBUG) --> File is excluded.
(DEBUG) Check if /home/cto/zephyrproject/zephyr-course/twister-out/kernel.h##a43b07f35530a2575a8767c959abd1d5.gcov is included (trace)...
(DEBUG) --> File is excluded.
(DEBUG) Finding source file corresponding to a gcov data file
  gcov_fname   /home/cto/zephyrproject/zephyr-course/twister-out/kernel.h##a43b07f35530a2575a8767c959abd1d5.gcov
  current_dir  /home/cto/zephyrproject/zephyr-course/twister-out
  root         /home/cto/zephyrproject/zephyr-course/app/modules/ring_buf
  starting_dir /home/cto/zephyrproject/zephyr-course
  obj_dir      /home/cto/zephyrproject/zephyr-course/twister-out
  gcda_fname   native_sim_native/host_gnu/zephyr-course/tests/ring_buf/homework.unit.ring_buf/zephyr/kernel/CMakeFiles/kernel.dir/work.c.gcno
  --> fname    /home/cto/zephyrproject/zephyr-course/twister-out/native_sim_native/host_gnu/zephyr-course/tests/ring_buf/homework.unit.ring_buf/zephyr/include/generated/zephyr/syscalls/kernel.h
(DEBUG) Check if /home/cto/zephyrproject/zephyr-course/twister-out/native_sim_native/host_gnu/zephyr-course/tests/ring_buf/homework.unit.ring_buf/zephyr/include/generated/zephyr/syscalls/kernel.h is included (source file)...
(DEBUG) --> File is excluded.
(DEBUG) Check if /home/cto/zephyrproject/zephyr-course/twister-out/kernel.h##3d600634decb40355467717e98cbaefe.gcov is included (trace)...
(DEBUG) --> File is excluded.
(DEBUG) Finding source file corresponding to a gcov data file
  gcov_fname   /home/cto/zephyrproject/zephyr-course/twister-out/kernel.h##3d600634decb40355467717e98cbaefe.gcov
  current_dir  /home/cto/zephyrproject/zephyr-course/twister-out
  root         /home/cto/zephyrproject/zephyr-course/app/modules/ring_buf
  starting_dir /home/cto/zephyrproject/zephyr-course
  obj_dir      /home/cto/zephyrproject/zephyr-course/twister-out
  gcda_fname   native_sim_native/host_gnu/zephyr-course/tests/ring_buf/homework.unit.ring_buf/zephyr/kernel/CMakeFiles/kernel.dir/work.c.gcno
  --> fname    /home/cto/zephyrproject/zephyr/include/zephyr/kernel.h
(DEBUG) Check if /home/cto/zephyrproject/zephyr/include/zephyr/kernel.h is included (source file)...
(DEBUG) --> File is excluded.
(DEBUG) Check if /home/cto/zephyrproject/zephyr-course/twister-out/native_sim_native/host_gnu/zephyr-course/tests/ring_buf/homework.unit.ring_buf/zephyr/lib/heap/CMakeFiles/heap_constants.dir/heap_constants.c.gcno is included (trace)...
(DEBUG)   No filter matched.
(DEBUG) --> File is excluded.
(DEBUG) Check if /home/cto/zephyrproject/zephyr-course/twister-out/native_sim_native/host_gnu/zephyr-course/tests/ring_buf/homework.unit.ring_buf/zephyr/lib/heap/CMakeFiles/heap_constants.dir/heap_constants.c.gcno is included (trace)...
(DEBUG) --> File is excluded.
(DEBUG) Check if heap_constants.c##8428da95afd725ec2cd8e1bdf1169f84.gcov is included (gcov file)...
(DEBUG)   Filter AlwaysMatchFilter() matched.
(DEBUG) --> File is included.
(DEBUG) Check if /home/cto/zephyrproject/zephyr-course/twister-out/heap_constants.c##8428da95afd725ec2cd8e1bdf1169f84.gcov is included (trace)...
(DEBUG)   No filter matched.
(DEBUG) --> File is excluded.
(DEBUG) Finding source file corresponding to a gcov data file
  gcov_fname   /home/cto/zephyrproject/zephyr-course/twister-out/heap_constants.c##8428da95afd725ec2cd8e1bdf1169f84.gcov
  current_dir  /home/cto/zephyrproject/zephyr-course/twister-out
  root         /home/cto/zephyrproject/zephyr-course/app/modules/ring_buf
  starting_dir /home/cto/zephyrproject/zephyr-course
  obj_dir      /home/cto/zephyrproject/zephyr-course/twister-out
  gcda_fname   native_sim_native/host_gnu/zephyr-course/tests/ring_buf/homework.unit.ring_buf/zephyr/lib/heap/CMakeFiles/heap_constants.dir/heap_constants.c.gcno
  --> fname    /home/cto/zephyrproject/zephyr/lib/heap/heap_constants.c
(DEBUG) Check if /home/cto/zephyrproject/zephyr/lib/heap/heap_constants.c is included (source file)...
(DEBUG)   No filter matched.
(DEBUG) --> File is excluded.
(DEBUG) Check if /home/cto/zephyrproject/zephyr-course/twister-out/native_sim_native/host_gnu/zephyr-course/tests/ring_buf/homework.unit.ring_buf/zephyr/soc/soc/native/CMakeFiles/soc__native__inf_clock.dir/native_remap.c.gcda is included (trace)...
(DEBUG)   No filter matched.
(DEBUG) --> File is excluded.
(DEBUG) Check if /home/cto/zephyrproject/zephyr-course/twister-out/native_sim_native/host_gnu/zephyr-course/tests/ring_buf/homework.unit.ring_buf/zephyr/soc/soc/native/CMakeFiles/soc__native__inf_clock.dir/native_remap.c.gcda is included (trace)...
(DEBUG) --> File is excluded.
(DEBUG) Check if native_remap.c##79b28dd82927820b97c38442d7b314fc.gcov is included (gcov file)...
(DEBUG)   Filter AlwaysMatchFilter() matched.
(DEBUG) --> File is included.
(DEBUG) Check if /home/cto/zephyrproject/zephyr-course/twister-out/native_remap.c##79b28dd82927820b97c38442d7b314fc.gcov is included (trace)...
(DEBUG)   No filter matched.
(DEBUG) --> File is excluded.
(DEBUG) Finding source file corresponding to a gcov data file
  gcov_fname   /home/cto/zephyrproject/zephyr-course/twister-out/native_remap.c##79b28dd82927820b97c38442d7b314fc.gcov
  current_dir  /home/cto/zephyrproject/zephyr-course/twister-out
  root         /home/cto/zephyrproject/zephyr-course/app/modules/ring_buf
  starting_dir /home/cto/zephyrproject/zephyr-course
  obj_dir      /home/cto/zephyrproject/zephyr-course/twister-out
  gcda_fname   native_sim_native/host_gnu/zephyr-course/tests/ring_buf/homework.unit.ring_buf/zephyr/soc/soc/native/CMakeFiles/soc__native__inf_clock.dir/native_remap.c.gcda
  --> fname    /home/cto/zephyrproject/zephyr/soc/native/inf_clock/native_remap.c
(DEBUG) Check if /home/cto/zephyrproject/zephyr/soc/native/inf_clock/native_remap.c is included (source file)...
(DEBUG)   No filter matched.
(DEBUG) --> File is excluded.
(DEBUG) Check if /home/cto/zephyrproject/zephyr-course/twister-out/native_sim_native/host_gnu/zephyr-course/tests/ring_buf/homework.unit.ring_buf/zephyr/soc/soc/native/CMakeFiles/soc__native__inf_clock.dir/native_tasks.c.gcda is included (trace)...
(DEBUG)   No filter matched.
(DEBUG) --> File is excluded.
(DEBUG) Check if /home/cto/zephyrproject/zephyr-course/twister-out/native_sim_native/host_gnu/zephyr-course/tests/ring_buf/homework.unit.ring_buf/zephyr/soc/soc/native/CMakeFiles/soc__native__inf_clock.dir/native_tasks.c.gcda is included (trace)...
(DEBUG) --> File is excluded.
(DEBUG) Check if native_tasks.c##6b946f897e12241cc321e10c5c1737d2.gcov is included (gcov file)...
(DEBUG)   Filter AlwaysMatchFilter() matched.
(DEBUG) --> File is included.
(DEBUG) Check if /home/cto/zephyrproject/zephyr-course/twister-out/native_tasks.c##6b946f897e12241cc321e10c5c1737d2.gcov is included (trace)...
(DEBUG)   No filter matched.
(DEBUG) --> File is excluded.
(DEBUG) Finding source file corresponding to a gcov data file
  gcov_fname   /home/cto/zephyrproject/zephyr-course/twister-out/native_tasks.c##6b946f897e12241cc321e10c5c1737d2.gcov
  current_dir  /home/cto/zephyrproject/zephyr-course/twister-out
  root         /home/cto/zephyrproject/zephyr-course/app/modules/ring_buf
  starting_dir /home/cto/zephyrproject/zephyr-course
  obj_dir      /home/cto/zephyrproject/zephyr-course/twister-out
  gcda_fname   native_sim_native/host_gnu/zephyr-course/tests/ring_buf/homework.unit.ring_buf/zephyr/soc/soc/native/CMakeFiles/soc__native__inf_clock.dir/native_tasks.c.gcda
  --> fname    /home/cto/zephyrproject/zephyr/soc/native/inf_clock/native_tasks.c
(DEBUG) Check if /home/cto/zephyrproject/zephyr/soc/native/inf_clock/native_tasks.c is included (source file)...
(DEBUG)   No filter matched.
(DEBUG) --> File is excluded.
(DEBUG) Check if /home/cto/zephyrproject/zephyr-course/twister-out/native_sim_native/host_gnu/zephyr-course/tests/ring_buf/homework.unit.ring_buf/zephyr/soc/soc/native/CMakeFiles/soc__native__inf_clock.dir/soc.c.gcda is included (trace)...
(DEBUG)   No filter matched.
(DEBUG) --> File is excluded.
(DEBUG) Check if /home/cto/zephyrproject/zephyr-course/twister-out/native_sim_native/host_gnu/zephyr-course/tests/ring_buf/homework.unit.ring_buf/zephyr/soc/soc/native/CMakeFiles/soc__native__inf_clock.dir/soc.c.gcda is included (trace)...
(DEBUG) --> File is excluded.
(DEBUG) Check if soc.c##8b9073fd278589e3df12c1eacbcb52e8.gcov is included (gcov file)...
(DEBUG)   Filter AlwaysMatchFilter() matched.
(DEBUG) --> File is included.
(DEBUG) Check if /home/cto/zephyrproject/zephyr-course/twister-out/soc.c##8b9073fd278589e3df12c1eacbcb52e8.gcov is included (trace)...
(DEBUG)   No filter matched.
(DEBUG) --> File is excluded.
(DEBUG) Finding source file corresponding to a gcov data file
  gcov_fname   /home/cto/zephyrproject/zephyr-course/twister-out/soc.c##8b9073fd278589e3df12c1eacbcb52e8.gcov
  current_dir  /home/cto/zephyrproject/zephyr-course/twister-out
  root         /home/cto/zephyrproject/zephyr-course/app/modules/ring_buf
  starting_dir /home/cto/zephyrproject/zephyr-course
  obj_dir      /home/cto/zephyrproject/zephyr-course/twister-out
  gcda_fname   native_sim_native/host_gnu/zephyr-course/tests/ring_buf/homework.unit.ring_buf/zephyr/soc/soc/native/CMakeFiles/soc__native__inf_clock.dir/soc.c.gcda
  --> fname    /home/cto/zephyrproject/zephyr/soc/native/inf_clock/soc.c
(DEBUG) Check if /home/cto/zephyrproject/zephyr/soc/native/inf_clock/soc.c is included (source file)...
(DEBUG)   No filter matched.
(DEBUG) --> File is excluded.
(DEBUG) Check if /home/cto/zephyrproject/zephyr-course/twister-out/native_sim_native/host_gnu/zephyr-course/tests/ring_buf/homework.unit.ring_buf/zephyr/subsys/testsuite/ztest/CMakeFiles/subsys__testsuite__ztest.dir/src/ztest.c.gcda is included (trace)...
(DEBUG)   No filter matched.
(DEBUG) --> File is excluded.
(DEBUG) Check if /home/cto/zephyrproject/zephyr-course/twister-out/native_sim_native/host_gnu/zephyr-course/tests/ring_buf/homework.unit.ring_buf/zephyr/subsys/testsuite/ztest/CMakeFiles/subsys__testsuite__ztest.dir/src/ztest.c.gcda is included (trace)...
(DEBUG) --> File is excluded.
(DEBUG) Check if ztest.c##c0226ef181e54d3bc2ea916c321d1326.gcov is included (gcov file)...
(DEBUG)   Filter AlwaysMatchFilter() matched.
(DEBUG) --> File is included.
(DEBUG) Check if ztest_test.h##c136ad3957ca69331685f474d9038c04.gcov is included (gcov file)...
(DEBUG)   Filter AlwaysMatchFilter() matched.
(DEBUG) --> File is included.
(DEBUG) Check if log_ctrl.h##1808f1c718a8e219f354e30a1a0343ff.gcov is included (gcov file)...
(DEBUG) --> File is included.
(DEBUG) Check if log_ctrl.h##abfaa052df9f9b35cfe83166e40569ed.gcov is included (gcov file)...
(DEBUG)   Filter AlwaysMatchFilter() matched.
(DEBUG) --> File is included.
(DEBUG) Check if tc_util.h##f5733f31580d36acea3eac92fcb5d2b8.gcov is included (gcov file)...
(DEBUG)   Filter AlwaysMatchFilter() matched.
(DEBUG) --> File is included.
(DEBUG) Check if kernel.h##a43b07f35530a2575a8767c959abd1d5.gcov is included (gcov file)...
(DEBUG) --> File is included.
(DEBUG) Check if kernel.h##3d600634decb40355467717e98cbaefe.gcov is included (gcov file)...
(DEBUG) --> File is included.
(DEBUG) Check if kobject.h##644e0edc4424b511569c576a172bfc1b.gcov is included (gcov file)...
(DEBUG)   Filter AlwaysMatchFilter() matched.
(DEBUG) --> File is included.
(DEBUG) Check if kobject.h##7cbc9c423fac0930e69579b868aae736.gcov is included (gcov file)...
(DEBUG)   Filter AlwaysMatchFilter() matched.
(DEBUG) --> File is included.
(DEBUG) Check if arch.h##cd3ec459a8a675a723e815b63d40d361.gcov is included (gcov file)...
(DEBUG) --> File is included.
(DEBUG) Check if syscall.h##6ebecfa30a736fd9ba1c825de8f2f8af.gcov is included (gcov file)...
(DEBUG) --> File is included.
(DEBUG) Check if /home/cto/zephyrproject/zephyr-course/twister-out/syscall.h##6ebecfa30a736fd9ba1c825de8f2f8af.gcov is included (trace)...
(DEBUG) --> File is excluded.
(DEBUG) Finding source file corresponding to a gcov data file
  gcov_fname   /home/cto/zephyrproject/zephyr-course/twister-out/syscall.h##6ebecfa30a736fd9ba1c825de8f2f8af.gcov
  current_dir  /home/cto/zephyrproject/zephyr-course/twister-out
  root         /home/cto/zephyrproject/zephyr-course/app/modules/ring_buf
  starting_dir /home/cto/zephyrproject/zephyr-course
  obj_dir      /home/cto/zephyrproject/zephyr-course/twister-out
  gcda_fname   native_sim_native/host_gnu/zephyr-course/tests/ring_buf/homework.unit.ring_buf/zephyr/subsys/testsuite/ztest/CMakeFiles/subsys__testsuite__ztest.dir/src/ztest.c.gcda
  --> fname    /home/cto/zephyrproject/zephyr/include/zephyr/syscall.h
(DEBUG) Check if /home/cto/zephyrproject/zephyr/include/zephyr/syscall.h is included (source file)...
(DEBUG) --> File is excluded.
(DEBUG) Check if /home/cto/zephyrproject/zephyr-course/twister-out/kobject.h##7cbc9c423fac0930e69579b868aae736.gcov is included (trace)...
(DEBUG)   No filter matched.
(DEBUG) --> File is excluded.
(DEBUG) Finding source file corresponding to a gcov data file
  gcov_fname   /home/cto/zephyrproject/zephyr-course/twister-out/kobject.h##7cbc9c423fac0930e69579b868aae736.gcov
  current_dir  /home/cto/zephyrproject/zephyr-course/twister-out
  root         /home/cto/zephyrproject/zephyr-course/app/modules/ring_buf
  starting_dir /home/cto/zephyrproject/zephyr-course
  obj_dir      /home/cto/zephyrproject/zephyr-course/twister-out
  gcda_fname   native_sim_native/host_gnu/zephyr-course/tests/ring_buf/homework.unit.ring_buf/zephyr/subsys/testsuite/ztest/CMakeFiles/subsys__testsuite__ztest.dir/src/ztest.c.gcda
  --> fname    /home/cto/zephyrproject/zephyr/include/zephyr/sys/kobject.h
(DEBUG) Check if /home/cto/zephyrproject/zephyr/include/zephyr/sys/kobject.h is included (source file)...
(DEBUG)   No filter matched.
(DEBUG) --> File is excluded.
(DEBUG) Check if /home/cto/zephyrproject/zephyr-course/twister-out/ztest.c##c0226ef181e54d3bc2ea916c321d1326.gcov is included (trace)...
(DEBUG)   No filter matched.
(DEBUG) --> File is excluded.
(DEBUG) Finding source file corresponding to a gcov data file
  gcov_fname   /home/cto/zephyrproject/zephyr-course/twister-out/ztest.c##c0226ef181e54d3bc2ea916c321d1326.gcov
  current_dir  /home/cto/zephyrproject/zephyr-course/twister-out
  root         /home/cto/zephyrproject/zephyr-course/app/modules/ring_buf
  starting_dir /home/cto/zephyrproject/zephyr-course
  obj_dir      /home/cto/zephyrproject/zephyr-course/twister-out
  gcda_fname   native_sim_native/host_gnu/zephyr-course/tests/ring_buf/homework.unit.ring_buf/zephyr/subsys/testsuite/ztest/CMakeFiles/subsys__testsuite__ztest.dir/src/ztest.c.gcda
  --> fname    /home/cto/zephyrproject/zephyr/subsys/testsuite/ztest/src/ztest.c
(DEBUG) Check if /home/cto/zephyrproject/zephyr/subsys/testsuite/ztest/src/ztest.c is included (source file)...
(DEBUG)   No filter matched.
(DEBUG) --> File is excluded.
(DEBUG) Check if /home/cto/zephyrproject/zephyr-course/twister-out/tc_util.h##f5733f31580d36acea3eac92fcb5d2b8.gcov is included (trace)...
(DEBUG)   No filter matched.
(DEBUG) --> File is excluded.
(DEBUG) Finding source file corresponding to a gcov data file
  gcov_fname   /home/cto/zephyrproject/zephyr-course/twister-out/tc_util.h##f5733f31580d36acea3eac92fcb5d2b8.gcov
  current_dir  /home/cto/zephyrproject/zephyr-course/twister-out
  root         /home/cto/zephyrproject/zephyr-course/app/modules/ring_buf
  starting_dir /home/cto/zephyrproject/zephyr-course
  obj_dir      /home/cto/zephyrproject/zephyr-course/twister-out
  gcda_fname   native_sim_native/host_gnu/zephyr-course/tests/ring_buf/homework.unit.ring_buf/zephyr/subsys/testsuite/ztest/CMakeFiles/subsys__testsuite__ztest.dir/src/ztest.c.gcda
  --> fname    /home/cto/zephyrproject/zephyr/subsys/testsuite/include/zephyr/tc_util.h
(DEBUG) Check if /home/cto/zephyrproject/zephyr/subsys/testsuite/include/zephyr/tc_util.h is included (source file)...
(DEBUG)   No filter matched.
(DEBUG) --> File is excluded.
(DEBUG) Check if /home/cto/zephyrproject/zephyr-course/twister-out/kernel.h##a43b07f35530a2575a8767c959abd1d5.gcov is included (trace)...
(DEBUG) --> File is excluded.
(DEBUG) Finding source file corresponding to a gcov data file
  gcov_fname   /home/cto/zephyrproject/zephyr-course/twister-out/kernel.h##a43b07f35530a2575a8767c959abd1d5.gcov
  current_dir  /home/cto/zephyrproject/zephyr-course/twister-out
  root         /home/cto/zephyrproject/zephyr-course/app/modules/ring_buf
  starting_dir /home/cto/zephyrproject/zephyr-course
  obj_dir      /home/cto/zephyrproject/zephyr-course/twister-out
  gcda_fname   native_sim_native/host_gnu/zephyr-course/tests/ring_buf/homework.unit.ring_buf/zephyr/subsys/testsuite/ztest/CMakeFiles/subsys__testsuite__ztest.dir/src/ztest.c.gcda
  --> fname    /home/cto/zephyrproject/zephyr-course/twister-out/native_sim_native/host_gnu/zephyr-course/tests/ring_buf/homework.unit.ring_buf/zephyr/include/generated/zephyr/syscalls/kernel.h
(DEBUG) Check if /home/cto/zephyrproject/zephyr-course/twister-out/native_sim_native/host_gnu/zephyr-course/tests/ring_buf/homework.unit.ring_buf/zephyr/include/generated/zephyr/syscalls/kernel.h is included (source file)...
(DEBUG) --> File is excluded.
(DEBUG) Check if /home/cto/zephyrproject/zephyr-course/twister-out/log_ctrl.h##abfaa052df9f9b35cfe83166e40569ed.gcov is included (trace)...
(DEBUG)   No filter matched.
(DEBUG) --> File is excluded.
(DEBUG) Finding source file corresponding to a gcov data file
  gcov_fname   /home/cto/zephyrproject/zephyr-course/twister-out/log_ctrl.h##abfaa052df9f9b35cfe83166e40569ed.gcov
  current_dir  /home/cto/zephyrproject/zephyr-course/twister-out
  root         /home/cto/zephyrproject/zephyr-course/app/modules/ring_buf
  starting_dir /home/cto/zephyrproject/zephyr-course
  obj_dir      /home/cto/zephyrproject/zephyr-course/twister-out
  gcda_fname   native_sim_native/host_gnu/zephyr-course/tests/ring_buf/homework.unit.ring_buf/zephyr/subsys/testsuite/ztest/CMakeFiles/subsys__testsuite__ztest.dir/src/ztest.c.gcda
  --> fname    /home/cto/zephyrproject/zephyr/include/zephyr/logging/log_ctrl.h
(DEBUG) Check if /home/cto/zephyrproject/zephyr/include/zephyr/logging/log_ctrl.h is included (source file)...
(DEBUG)   No filter matched.
(DEBUG) --> File is excluded.
(DEBUG) Check if /home/cto/zephyrproject/zephyr-course/twister-out/log_ctrl.h##1808f1c718a8e219f354e30a1a0343ff.gcov is included (trace)...
(DEBUG) --> File is excluded.
(DEBUG) Finding source file corresponding to a gcov data file
  gcov_fname   /home/cto/zephyrproject/zephyr-course/twister-out/log_ctrl.h##1808f1c718a8e219f354e30a1a0343ff.gcov
  current_dir  /home/cto/zephyrproject/zephyr-course/twister-out
  root         /home/cto/zephyrproject/zephyr-course/app/modules/ring_buf
  starting_dir /home/cto/zephyrproject/zephyr-course
  obj_dir      /home/cto/zephyrproject/zephyr-course/twister-out
  gcda_fname   native_sim_native/host_gnu/zephyr-course/tests/ring_buf/homework.unit.ring_buf/zephyr/subsys/testsuite/ztest/CMakeFiles/subsys__testsuite__ztest.dir/src/ztest.c.gcda
  --> fname    /home/cto/zephyrproject/zephyr-course/twister-out/native_sim_native/host_gnu/zephyr-course/tests/ring_buf/homework.unit.ring_buf/zephyr/include/generated/zephyr/syscalls/log_ctrl.h
(DEBUG) Check if /home/cto/zephyrproject/zephyr-course/twister-out/native_sim_native/host_gnu/zephyr-course/tests/ring_buf/homework.unit.ring_buf/zephyr/include/generated/zephyr/syscalls/log_ctrl.h is included (source file)...
(DEBUG) --> File is excluded.
(DEBUG) Check if /home/cto/zephyrproject/zephyr-course/twister-out/arch.h##cd3ec459a8a675a723e815b63d40d361.gcov is included (trace)...
(DEBUG) --> File is excluded.
(DEBUG) Finding source file corresponding to a gcov data file
  gcov_fname   /home/cto/zephyrproject/zephyr-course/twister-out/arch.h##cd3ec459a8a675a723e815b63d40d361.gcov
  current_dir  /home/cto/zephyrproject/zephyr-course/twister-out
  root         /home/cto/zephyrproject/zephyr-course/app/modules/ring_buf
  starting_dir /home/cto/zephyrproject/zephyr-course
  obj_dir      /home/cto/zephyrproject/zephyr-course/twister-out
  gcda_fname   native_sim_native/host_gnu/zephyr-course/tests/ring_buf/homework.unit.ring_buf/zephyr/subsys/testsuite/ztest/CMakeFiles/subsys__testsuite__ztest.dir/src/ztest.c.gcda
  --> fname    /home/cto/zephyrproject/zephyr/include/zephyr/arch/posix/arch.h
(DEBUG) Check if /home/cto/zephyrproject/zephyr/include/zephyr/arch/posix/arch.h is included (source file)...
(DEBUG) --> File is excluded.
(DEBUG) Check if /home/cto/zephyrproject/zephyr-course/twister-out/kernel.h##3d600634decb40355467717e98cbaefe.gcov is included (trace)...
(DEBUG) --> File is excluded.
(DEBUG) Finding source file corresponding to a gcov data file
  gcov_fname   /home/cto/zephyrproject/zephyr-course/twister-out/kernel.h##3d600634decb40355467717e98cbaefe.gcov
  current_dir  /home/cto/zephyrproject/zephyr-course/twister-out
  root         /home/cto/zephyrproject/zephyr-course/app/modules/ring_buf
  starting_dir /home/cto/zephyrproject/zephyr-course
  obj_dir      /home/cto/zephyrproject/zephyr-course/twister-out
  gcda_fname   native_sim_native/host_gnu/zephyr-course/tests/ring_buf/homework.unit.ring_buf/zephyr/subsys/testsuite/ztest/CMakeFiles/subsys__testsuite__ztest.dir/src/ztest.c.gcda
  --> fname    /home/cto/zephyrproject/zephyr/include/zephyr/kernel.h
(DEBUG) Check if /home/cto/zephyrproject/zephyr/include/zephyr/kernel.h is included (source file)...
(DEBUG) --> File is excluded.
(DEBUG) Check if /home/cto/zephyrproject/zephyr-course/twister-out/ztest_test.h##c136ad3957ca69331685f474d9038c04.gcov is included (trace)...
(DEBUG)   No filter matched.
(DEBUG) --> File is excluded.
(DEBUG) Finding source file corresponding to a gcov data file
  gcov_fname   /home/cto/zephyrproject/zephyr-course/twister-out/ztest_test.h##c136ad3957ca69331685f474d9038c04.gcov
  current_dir  /home/cto/zephyrproject/zephyr-course/twister-out
  root         /home/cto/zephyrproject/zephyr-course/app/modules/ring_buf
  starting_dir /home/cto/zephyrproject/zephyr-course
  obj_dir      /home/cto/zephyrproject/zephyr-course/twister-out
  gcda_fname   native_sim_native/host_gnu/zephyr-course/tests/ring_buf/homework.unit.ring_buf/zephyr/subsys/testsuite/ztest/CMakeFiles/subsys__testsuite__ztest.dir/src/ztest.c.gcda
  --> fname    /home/cto/zephyrproject/zephyr-course/twister-out/native_sim_native/host_gnu/zephyr-course/tests/ring_buf/homework.unit.ring_buf/zephyr/include/generated/zephyr/syscalls/ztest_test.h
(DEBUG) Check if /home/cto/zephyrproject/zephyr-course/twister-out/native_sim_native/host_gnu/zephyr-course/tests/ring_buf/homework.unit.ring_buf/zephyr/include/generated/zephyr/syscalls/ztest_test.h is included (source file)...
(DEBUG)   No filter matched.
(DEBUG) --> File is excluded.
(DEBUG) Check if /home/cto/zephyrproject/zephyr-course/twister-out/kobject.h##644e0edc4424b511569c576a172bfc1b.gcov is included (trace)...
(DEBUG)   No filter matched.
(DEBUG) --> File is excluded.
(DEBUG) Finding source file corresponding to a gcov data file
  gcov_fname   /home/cto/zephyrproject/zephyr-course/twister-out/kobject.h##644e0edc4424b511569c576a172bfc1b.gcov
  current_dir  /home/cto/zephyrproject/zephyr-course/twister-out
  root         /home/cto/zephyrproject/zephyr-course/app/modules/ring_buf
  starting_dir /home/cto/zephyrproject/zephyr-course
  obj_dir      /home/cto/zephyrproject/zephyr-course/twister-out
  gcda_fname   native_sim_native/host_gnu/zephyr-course/tests/ring_buf/homework.unit.ring_buf/zephyr/subsys/testsuite/ztest/CMakeFiles/subsys__testsuite__ztest.dir/src/ztest.c.gcda
  --> fname    /home/cto/zephyrproject/zephyr-course/twister-out/native_sim_native/host_gnu/zephyr-course/tests/ring_buf/homework.unit.ring_buf/zephyr/include/generated/zephyr/syscalls/kobject.h
(DEBUG) Check if /home/cto/zephyrproject/zephyr-course/twister-out/native_sim_native/host_gnu/zephyr-course/tests/ring_buf/homework.unit.ring_buf/zephyr/include/generated/zephyr/syscalls/kobject.h is included (source file)...
(DEBUG)   No filter matched.
(DEBUG) --> File is excluded.
(DEBUG) Check if /home/cto/zephyrproject/zephyr-course/twister-out/native_sim_native/host_gnu/zephyr-course/tests/ring_buf/homework.unit.ring_buf/zephyr/subsys/testsuite/ztest/CMakeFiles/subsys__testsuite__ztest.dir/src/ztest_error_hook.c.gcno is included (trace)...
(DEBUG)   No filter matched.
(DEBUG) --> File is excluded.
(DEBUG) Check if /home/cto/zephyrproject/zephyr-course/twister-out/native_sim_native/host_gnu/zephyr-course/tests/ring_buf/homework.unit.ring_buf/zephyr/subsys/testsuite/ztest/CMakeFiles/subsys__testsuite__ztest.dir/src/ztest_error_hook.c.gcno is included (trace)...
(DEBUG) --> File is excluded.
(DEBUG) Check if /home/cto/zephyrproject/zephyr-course/twister-out/native_sim_native/host_gnu/zephyr-course/tests/ring_buf/homework.unit.ring_buf/zephyr/subsys/testsuite/ztest/CMakeFiles/subsys__testsuite__ztest.dir/src/ztest_posix.c.gcda is included (trace)...
(DEBUG)   No filter matched.
(DEBUG) --> File is excluded.
(DEBUG) Check if /home/cto/zephyrproject/zephyr-course/twister-out/native_sim_native/host_gnu/zephyr-course/tests/ring_buf/homework.unit.ring_buf/zephyr/subsys/testsuite/ztest/CMakeFiles/subsys__testsuite__ztest.dir/src/ztest_posix.c.gcda is included (trace)...
(DEBUG) --> File is excluded.
(DEBUG) Check if ztest_posix.c##3bdebe7da3e97ac1ea47cc66bdebb5a8.gcov is included (gcov file)...
(DEBUG)   Filter AlwaysMatchFilter() matched.
(DEBUG) --> File is included.
(DEBUG) Check if ztest_test.h##c136ad3957ca69331685f474d9038c04.gcov is included (gcov file)...
(DEBUG) --> File is included.
(DEBUG) Check if /home/cto/zephyrproject/zephyr-course/twister-out/ztest_test.h##c136ad3957ca69331685f474d9038c04.gcov is included (trace)...
(DEBUG) --> File is excluded.
(DEBUG) Finding source file corresponding to a gcov data file
  gcov_fname   /home/cto/zephyrproject/zephyr-course/twister-out/ztest_test.h##c136ad3957ca69331685f474d9038c04.gcov
  current_dir  /home/cto/zephyrproject/zephyr-course/twister-out
  root         /home/cto/zephyrproject/zephyr-course/app/modules/ring_buf
  starting_dir /home/cto/zephyrproject/zephyr-course
  obj_dir      /home/cto/zephyrproject/zephyr-course/twister-out
  gcda_fname   native_sim_native/host_gnu/zephyr-course/tests/ring_buf/homework.unit.ring_buf/zephyr/subsys/testsuite/ztest/CMakeFiles/subsys__testsuite__ztest.dir/src/ztest_posix.c.gcda
  --> fname    /home/cto/zephyrproject/zephyr-course/twister-out/native_sim_native/host_gnu/zephyr-course/tests/ring_buf/homework.unit.ring_buf/zephyr/include/generated/zephyr/syscalls/ztest_test.h
(DEBUG) Check if /home/cto/zephyrproject/zephyr-course/twister-out/native_sim_native/host_gnu/zephyr-course/tests/ring_buf/homework.unit.ring_buf/zephyr/include/generated/zephyr/syscalls/ztest_test.h is included (source file)...
(DEBUG) --> File is excluded.
(DEBUG) Check if /home/cto/zephyrproject/zephyr-course/twister-out/ztest_posix.c##3bdebe7da3e97ac1ea47cc66bdebb5a8.gcov is included (trace)...
(DEBUG)   No filter matched.
(DEBUG) --> File is excluded.
(DEBUG) Finding source file corresponding to a gcov data file
  gcov_fname   /home/cto/zephyrproject/zephyr-course/twister-out/ztest_posix.c##3bdebe7da3e97ac1ea47cc66bdebb5a8.gcov
  current_dir  /home/cto/zephyrproject/zephyr-course/twister-out
  root         /home/cto/zephyrproject/zephyr-course/app/modules/ring_buf
  starting_dir /home/cto/zephyrproject/zephyr-course
  obj_dir      /home/cto/zephyrproject/zephyr-course/twister-out
  gcda_fname   native_sim_native/host_gnu/zephyr-course/tests/ring_buf/homework.unit.ring_buf/zephyr/subsys/testsuite/ztest/CMakeFiles/subsys__testsuite__ztest.dir/src/ztest_posix.c.gcda
  --> fname    /home/cto/zephyrproject/zephyr/subsys/testsuite/ztest/src/ztest_posix.c
(DEBUG) Check if /home/cto/zephyrproject/zephyr/subsys/testsuite/ztest/src/ztest_posix.c is included (source file)...
(DEBUG)   No filter matched.
(DEBUG) --> File is excluded.
(DEBUG) Check if /home/cto/zephyrproject/zephyr-course/twister-out/native_sim_native/host_gnu/zephyr-course/tests/ring_buf/homework.unit.ring_buf/zephyr/subsys/testsuite/ztest/CMakeFiles/subsys__testsuite__ztest.dir/src/ztest_rules.c.gcno is included (trace)...
(DEBUG)   No filter matched.
(DEBUG) --> File is excluded.
(DEBUG) Check if /home/cto/zephyrproject/zephyr-course/twister-out/native_sim_native/host_gnu/zephyr-course/tests/ring_buf/homework.unit.ring_buf/zephyr/subsys/testsuite/ztest/CMakeFiles/subsys__testsuite__ztest.dir/src/ztest_rules.c.gcno is included (trace)...
(DEBUG) --> File is excluded.
(WARNING) All coverage data is filtered out. Please check your paths and filters.
(INFO) Writing coverage report...
Running: gcovr -r /home/cto/zephyrproject/zephyr-course/app/modules/ring_buf -v --merge-mode-functions=separate --html /home/cto/zephyrproject/zephyr-course/twister-out/coverage/index.html --html-details --add-tracefile /home/cto/zephyrproject/zephyr-course/twister-out/coverage.json --add-tracefile /home/cto/zephyrproject/zephyr-course/twister-out/ztest.json --json-summary-pretty --json-summary /home/cto/zephyrproject/zephyr-course/twister-out/coverage_summary.json
(DEBUG) gcovr version 8.6
(DEBUG) File system is case sensitive.
(DEBUG) Filters for --filter: (1)
(DEBUG)  - DirectoryPrefixFilter(/home/cto/zephyrproject/zephyr\-course/app/modules/ring_buf/)
(DEBUG) Filters for --exclude: (0)
(DEBUG) Filters for --include: (0)
(DEBUG) Filters for --gcov-filter: (1)
(DEBUG)  - AlwaysMatchFilter()
(DEBUG) Filters for --gcov-exclude: (0)
(DEBUG) Filters for --exclude-directory: (0)
(DEBUG) Filters for --trace-include: (0)
(DEBUG) Filters for --trace-exclude: (0)
(DEBUG) Patterns for --exclude-function: (0)
(DEBUG) Patterns for --exclude-lines-by-pattern: (0)
(DEBUG) Patterns for --exclude-branches-by-pattern: (0)
(INFO) Reading coverage data...
(DEBUG) Check if /home/cto/zephyrproject/zephyr-course/twister-out/ztest.json is included (trace)...
(DEBUG)   No filter matched.
(DEBUG) --> File is excluded.
(DEBUG) Check if /home/cto/zephyrproject/zephyr-course/twister-out/coverage.json is included (trace)...
(DEBUG)   No filter matched.
(DEBUG) --> File is excluded.
(DEBUG) Check if /home/cto/zephyrproject/zephyr-course/app/modules/ring_buf/src/ring_buf.c is included (source file)...
(DEBUG)   Filter DirectoryPrefixFilter(/home/cto/zephyrproject/zephyr\-course/app/modules/ring_buf/) matched for path /home/cto/zephyrproject/zephyr-course/app/modules/ring_buf/src/ring_buf.c.
(DEBUG) --> File is included.
(INFO) Writing coverage report...
(DEBUG) Common prefix path is '/home/cto/zephyrproject/zephyr-course/app/modules/ring_buf/src'.
(DEBUG) Common relative prefix path is 'app/modules/ring_buf/src/'.
(DEBUG) Common prefix path is '/home/cto/zephyrproject/zephyr-course/app/modules/ring_buf/src'.
(DEBUG) Common relative prefix path is 'app/modules/ring_buf/src/'.
